2026-09-07T00:00:00.012-05:00  INFO 23972 --- [Invoice Monitor - Gastoncito] [scheduling-1] c.monitor.invoices.ResolutionMonitorJob  : ============================================================
2026-09-07T00:00:00.018-05:00  INFO 23972 --- [Invoice Monitor - Gastoncito] [scheduling-1] c.monitor.invoices.ResolutionMonitorJob  : Iniciando monitoreo de resoluciones por vencerse...
2026-09-07T00:00:00.019-05:00  WARN 23972 --- [Invoice Monitor - Gastoncito] [scheduling-1] com.zaxxer.hikari.pool.PoolBase          : HikariPool-1 - Failed to validate connection org.postgresql.jdbc.PgConnection@7d2d3002 (This connection has been closed.). Possibly consider using a shorter maxLifetime value.
2026-09-07T00:00:00.019-05:00  WARN 23972 --- [Invoice Monitor - Gastoncito] [scheduling-1] com.zaxxer.hikari.pool.PoolBase          : HikariPool-1 - Failed to validate connection org.postgresql.jdbc.PgConnection@18e58668 (This connection has been closed.). Possibly consider using a shorter maxLifetime value.
2026-09-07T00:00:00.020-05:00  WARN 23972 --- [Invoice Monitor - Gastoncito] [scheduling-1] com.zaxxer.hikari.pool.PoolBase          : HikariPool-1 - Failed to validate connection org.postgresql.jdbc.PgConnection@1a0c811f (This connection has been closed.). Possibly consider using a shorter maxLifetime value.
2026-09-07T00:00:00.020-05:00  WARN 23972 --- [Invoice Monitor - Gastoncito] [scheduling-1] com.zaxxer.hikari.pool.PoolBase          : HikariPool-1 - Failed to validate connection org.postgresql.jdbc.PgConnection@e351f7c (This connection has been closed.). Possibly consider using a shorter maxLifetime value.
2026-09-07T00:00:00.021-05:00  WARN 23972 --- [Invoice Monitor - Gastoncito] [scheduling-1] com.zaxxer.hikari.pool.PoolBase          : HikariPool-1 - Failed to validate connection org.postgresql.jdbc.PgConnection@15119a9c (This connection has been closed.). Possibly consider using a shorter maxLifetime value.
2026-09-07T00:00:01.252-05:00  WARN 23972 --- [Invoice Monitor - Gastoncito] [scheduling-1] c.monitor.invoices.ResolutionMonitorJob  : ??  Se encontraron 8 resoluciones que requieren alerta.
2026-09-07T00:00:04.279-05:00  INFO 23972 --- [Invoice Monitor - Gastoncito] [scheduling-1] com.monitor.invoices.EmailService        : ??  Correo de alerta enviado a alertaaccess@gmail.com con 8 resoluciones por vencerse.
2026-09-07T00:00:04.279-05:00  INFO 23972 --- [Invoice Monitor - Gastoncito] [scheduling-1] c.monitor.invoices.ResolutionMonitorJob  : Monitoreo finalizado.
2026-09-07T00:00:04.280-05:00  INFO 23972 --- [Invoice Monitor - Gastoncito] [scheduling-1] c.monitor.invoices.ResolutionMonitorJob  : ============================================================
2026-09-07T00:00:04.280-05:00  INFO 23972 --- [Invoice Monitor - Gastoncito] [scheduling-1] com.monitor.invoices.InvoiceMonitorJob   : ============================================================
2026-09-07T00:00:04.280-05:00  INFO 23972 --- [Invoice Monitor - Gastoncito] [scheduling-1] com.monitor.invoices.InvoiceMonitorJob   : Iniciando monitoreo de facturas faltantes (Flujo en 2 pasos)...
2026-09-07T00:00:04.280-05:00  INFO 23972 --- [Invoice Monitor - Gastoncito] [scheduling-1] com.monitor.invoices.InvoiceMonitorJob   : Consultando faltantes desde: 2026-08-25 00:00:00
2026-09-07T00:00:04.280-05:00  INFO 23972 --- [Invoice Monitor - Gastoncito] [scheduling-1] com.monitor.invoices.InvoiceMonitorJob   : Paso 1: Insertando datos en invoice_control...
2026-09-07T00:05:00.942-05:00  INFO 23972 --- [Invoice Monitor - Gastoncito] [scheduling-1] com.monitor.invoices.InvoiceMonitorJob   : Paso 2: Consultando faltantes...
2026-09-07T00:11:26.748-05:00 ERROR 23972 --- [Invoice Monitor - Gastoncito] [scheduling-1] o.s.s.s.TaskUtils$LoggingErrorHandler    : Unexpected error occurred in scheduled task

java.lang.OutOfMemoryError: Java heap space

2026-09-07T00:11:26.748-05:00  INFO 23972 --- [Invoice Monitor - Gastoncito] [scheduling-1] c.monitor.invoices.ResolutionMonitorJob  : ============================================================
2026-09-07T00:11:26.748-05:00  INFO 23972 --- [Invoice Monitor - Gastoncito] [scheduling-1] c.monitor.invoices.ResolutionMonitorJob  : Iniciando monitoreo de resoluciones por vencerse...
2026-09-07T00:13:33.553-05:00 ERROR 23972 --- [Invoice Monitor - Gastoncito] [scheduling-1] c.monitor.invoices.ResolutionMonitorJob  : ? Error ejecutando la consulta de resoluciones por vencerse: StatementCallback; SQL [SELECT
    e.company,
    c."name" AS company_name,
    e.code AS enumeration_code,
    e.initial_date,
    e.final_date,
    e.current_value,
    e.final_value,
    (e.final_date::date - CURRENT_DATE) AS date_difference_days,
    (e.current_value - e.final_value) AS TOTAL
FROM billing.enumeration e
INNER JOIN  core.company c ON e.company = c.code
INNER JOIN billing.resolution r ON r.enumeration = e.code
INNER JOIN machine.device d ON r.device = d.code
WHERE d.device_type = '1322'
AND e.status = 'A'
AND c.status = 'A'
ORDER BY date_difference_days ASC
]; Multiple ResultSets were returned by the query.

org.springframework.dao.DataIntegrityViolationException: StatementCallback; SQL [SELECT
    e.company,
    c."name" AS company_name,
    e.code AS enumeration_code,
    e.initial_date,
    e.final_date,
    e.current_value,
    e.final_value,
    (e.final_date::date - CURRENT_DATE) AS date_difference_days,
    (e.current_value - e.final_value) AS TOTAL
FROM billing.enumeration e
INNER JOIN  core.company c ON e.company = c.code
INNER JOIN billing.resolution r ON r.enumeration = e.code
INNER JOIN machine.device d ON r.device = d.code
WHERE d.device_type = '1322'
AND e.status = 'A'
AND c.status = 'A'
ORDER BY date_difference_days ASC
]; Multiple ResultSets were returned by the query.
	at org.springframework.jdbc.support.SQLStateSQLExceptionTranslator.doTranslate(SQLStateSQLExceptionTranslator.java:118) ~[spring-jdbc-6.1.6.jar!/:6.1.6]
	at org.springframework.jdbc.support.AbstractFallbackSQLExceptionTranslator.translate(AbstractFallbackSQLExceptionTranslator.java:107) ~[spring-jdbc-6.1.6.jar!/:6.1.6]
	at org.springframework.jdbc.support.AbstractFallbackSQLExceptionTranslator.translate(AbstractFallbackSQLExceptionTranslator.java:116) ~[spring-jdbc-6.1.6.jar!/:6.1.6]
	at org.springframework.jdbc.core.JdbcTemplate.translateException(JdbcTemplate.java:1548) ~[spring-jdbc-6.1.6.jar!/:6.1.6]
	at org.springframework.jdbc.core.JdbcTemplate.execute(JdbcTemplate.java:408) ~[spring-jdbc-6.1.6.jar!/:6.1.6]
	at org.springframework.jdbc.core.JdbcTemplate.query(JdbcTemplate.java:476) ~[spring-jdbc-6.1.6.jar!/:6.1.6]
	at org.springframework.jdbc.core.JdbcTemplate.query(JdbcTemplate.java:486) ~[spring-jdbc-6.1.6.jar!/:6.1.6]
	at org.springframework.jdbc.core.JdbcTemplate.queryForList(JdbcTemplate.java:536) ~[spring-jdbc-6.1.6.jar!/:6.1.6]
	at com.monitor.invoices.MonitorRepository.getExpiringResolutions(MonitorRepository.java:167) ~[!/:1.0.0]
	at jdk.internal.reflect.GeneratedMethodAccessor4.invoke(Unknown Source) ~[na:na]
	at java.base/jdk.internal.reflect.DelegatingMethodAccessorImpl.invoke(DelegatingMethodAccessorImpl.java:43) ~[na:na]
	at java.base/java.lang.reflect.Method.invoke(Method.java:568) ~[na:na]
	at org.springframework.aop.support.AopUtils.invokeJoinpointUsingReflection(AopUtils.java:354) ~[spring-aop-6.1.6.jar!/:6.1.6]
	at org.springframework.aop.framework.ReflectiveMethodInvocation.invokeJoinpoint(ReflectiveMethodInvocation.java:196) ~[spring-aop-6.1.6.jar!/:6.1.6]
	at org.springframework.aop.framework.ReflectiveMethodInvocation.proceed(ReflectiveMethodInvocation.java:163) ~[spring-aop-6.1.6.jar!/:6.1.6]
	at org.springframework.aop.framework.CglibAopProxy$CglibMethodInvocation.proceed(CglibAopProxy.java:768) ~[spring-aop-6.1.6.jar!/:6.1.6]
	at org.springframework.dao.support.PersistenceExceptionTranslationInterceptor.invoke(PersistenceExceptionTranslationInterceptor.java:137) ~[spring-tx-6.1.6.jar!/:6.1.6]
	at org.springframework.aop.framework.ReflectiveMethodInvocation.proceed(ReflectiveMethodInvocation.java:184) ~[spring-aop-6.1.6.jar!/:6.1.6]
	at org.springframework.aop.framework.CglibAopProxy$CglibMethodInvocation.proceed(CglibAopProxy.java:768) ~[spring-aop-6.1.6.jar!/:6.1.6]
	at org.springframework.aop.framework.CglibAopProxy$DynamicAdvisedInterceptor.intercept(CglibAopProxy.java:720) ~[spring-aop-6.1.6.jar!/:6.1.6]
	at com.monitor.invoices.MonitorRepository$$SpringCGLIB$$0.getExpiringResolutions(<generated>) ~[!/:1.0.0]
	at com.monitor.invoices.ResolutionMonitorJob.monitorExpiringResolutions(ResolutionMonitorJob.java:41) ~[!/:1.0.0]
	at jdk.internal.reflect.GeneratedMethodAccessor3.invoke(Unknown Source) ~[na:na]
	at java.base/jdk.internal.reflect.DelegatingMethodAccessorImpl.invoke(DelegatingMethodAccessorImpl.java:43) ~[na:na]
	at java.base/java.lang.reflect.Method.invoke(Method.java:568) ~[na:na]
	at org.springframework.scheduling.support.ScheduledMethodRunnable.runInternal(ScheduledMethodRunnable.java:130) ~[spring-context-6.1.6.jar!/:6.1.6]
	at org.springframework.scheduling.support.ScheduledMethodRunnable.lambda$run$2(ScheduledMethodRunnable.java:124) ~[spring-context-6.1.6.jar!/:6.1.6]
	at io.micrometer.observation.Observation.observe(Observation.java:499) ~[micrometer-observation-1.12.5.jar!/:1.12.5]
	at org.springframework.scheduling.support.ScheduledMethodRunnable.run(ScheduledMethodRunnable.java:124) ~[spring-context-6.1.6.jar!/:6.1.6]
	at org.springframework.scheduling.support.DelegatingErrorHandlingRunnable.run(DelegatingErrorHandlingRunnable.java:54) ~[spring-context-6.1.6.jar!/:6.1.6]
	at org.springframework.scheduling.concurrent.ReschedulingRunnable.run(ReschedulingRunnable.java:96) ~[spring-context-6.1.6.jar!/:6.1.6]
	at java.base/java.util.concurrent.Executors$RunnableAdapter.call(Executors.java:539) ~[na:na]
	at java.base/java.util.concurrent.FutureTask.run(FutureTask.java:264) ~[na:na]
	at java.base/java.util.concurrent.ScheduledThreadPoolExecutor$ScheduledFutureTask.run(ScheduledThreadPoolExecutor.java:304) ~[na:na]
	at java.base/java.util.concurrent.ThreadPoolExecutor.runWorker(ThreadPoolExecutor.java:1136) ~[na:na]
	at java.base/java.util.concurrent.ThreadPoolExecutor$Worker.run(ThreadPoolExecutor.java:635) ~[na:na]
	at java.base/java.lang.Thread.run(Thread.java:833) ~[na:na]
Caused by: org.postgresql.util.PSQLException: Multiple ResultSets were returned by the query.
	at org.postgresql.jdbc.PgStatement.getSingleResultSet(PgStatement.java:259) ~[postgresql-42.6.2.jar!/:42.6.2]
	at org.postgresql.jdbc.PgStatement.executeQuery(PgStatement.java:250) ~[postgresql-42.6.2.jar!/:42.6.2]
	at com.zaxxer.hikari.pool.ProxyStatement.executeQuery(ProxyStatement.java:110) ~[HikariCP-5.0.1.jar!/:na]
	at com.zaxxer.hikari.pool.HikariProxyStatement.executeQuery(HikariProxyStatement.java) ~[HikariCP-5.0.1.jar!/:na]
	at org.springframework.jdbc.core.JdbcTemplate$1QueryStatementCallback.doInStatement(JdbcTemplate.java:463) ~[spring-jdbc-6.1.6.jar!/:6.1.6]
	at org.springframework.jdbc.core.JdbcTemplate.execute(JdbcTemplate.java:393) ~[spring-jdbc-6.1.6.jar!/:6.1.6]
	... 32 common frames omitted

2026-09-07T00:13:33.556-05:00  INFO 23972 --- [Invoice Monitor - Gastoncito] [scheduling-1] c.monitor.invoices.ResolutionMonitorJob  : Monitoreo finalizado.
2026-09-07T00:13:33.556-05:00  INFO 23972 --- [Invoice Monitor - Gastoncito] [scheduling-1] c.monitor.invoices.ResolutionMonitorJob  : ============================================================
2026-09-07T00:20:00.012-05:00  INFO 23972 --- [Invoice Monitor - Gastoncito] [scheduling-1] c.monitor.invoices.ResolutionMonitorJob  : ============================================================
2026-09-07T00:20:00.012-05:00  INFO 23972 --- [Invoice Monitor - Gastoncito] [scheduling-1] c.monitor.invoices.ResolutionMonitorJob  : Iniciando monitoreo de resoluciones por vencerse...
2026-09-07T00:20:00.013-05:00  WARN 23972 --- [Invoice Monitor - Gastoncito] [scheduling-1] com.zaxxer.hikari.pool.PoolBase          : HikariPool-1 - Failed to validate connection org.postgresql.jdbc.PgConnection@118f6eab (This connection has been closed.). Possibly consider using a shorter maxLifetime value.
2026-09-07T00:20:00.013-05:00  WARN 23972 --- [Invoice Monitor - Gastoncito] [scheduling-1] com.zaxxer.hikari.pool.PoolBase          : HikariPool-1 - Failed to validate connection org.postgresql.jdbc.PgConnection@1040c960 (This connection has been closed.). Possibly consider using a shorter maxLifetime value.
2026-09-07T00:20:00.013-05:00  WARN 23972 --- [Invoice Monitor - Gastoncito] [scheduling-1] com.zaxxer.hikari.pool.PoolBase          : HikariPool-1 - Failed to validate connection org.postgresql.jdbc.PgConnection@1229f9e5 (This connection has been closed.). Possibly consider using a shorter maxLifetime value.
2026-09-07T00:20:00.014-05:00  WARN 23972 --- [Invoice Monitor - Gastoncito] [scheduling-1] com.zaxxer.hikari.pool.PoolBase          : HikariPool-1 - Failed to validate connection org.postgresql.jdbc.PgConnection@78b9273d (This connection has been closed.). Possibly consider using a shorter maxLifetime value.
2026-09-07T00:20:00.014-05:00  WARN 23972 --- [Invoice Monitor - Gastoncito] [scheduling-1] com.zaxxer.hikari.pool.PoolBase          : HikariPool-1 - Failed to validate connection org.postgresql.jdbc.PgConnection@216f773d (This connection has been closed.). Possibly consider using a shorter maxLifetime value.
2026-09-07T00:20:01.340-05:00  INFO 23972 --- [Invoice Monitor - Gastoncito] [scheduling-1] c.monitor.invoices.ResolutionMonitorJob  : ? No hay alertas de resoluciones por enviar en este momento.
2026-09-07T00:20:01.340-05:00  INFO 23972 --- [Invoice Monitor - Gastoncito] [scheduling-1] c.monitor.invoices.ResolutionMonitorJob  : Monitoreo finalizado.
2026-09-07T00:20:01.340-05:00  INFO 23972 --- [Invoice Monitor - Gastoncito] [scheduling-1] c.monitor.invoices.ResolutionMonitorJob  : ============================================================
2026-09-07T00:30:00.007-05:00  INFO 23972 --- [Invoice Monitor - Gastoncito] [scheduling-1] c.monitor.invoices.ResolutionMonitorJob  : ============================================================
2026-09-07T00:30:00.007-05:00  INFO 23972 --- [Invoice Monitor - Gastoncito] [scheduling-1] c.monitor.invoices.ResolutionMonitorJob  : Iniciando monitoreo de resoluciones por vencerse...
2026-09-07T00:30:00.007-05:00  WARN 23972 --- [Invoice Monitor - Gastoncito] [scheduling-1] com.zaxxer.hikari.pool.PoolBase          : HikariPool-1 - Failed to validate connection org.postgresql.jdbc.PgConnection@3772b1b9 (This connection has been closed.). Possibly consider using a shorter maxLifetime value.
2026-09-07T00:30:00.008-05:00  WARN 23972 --- [Invoice Monitor - Gastoncito] [scheduling-1] com.zaxxer.hikari.pool.PoolBase          : HikariPool-1 - Failed to validate connection org.postgresql.jdbc.PgConnection@5bf8d2d8 (This connection has been closed.). Possibly consider using a shorter maxLifetime value.
2026-09-07T00:30:00.008-05:00  WARN 23972 --- [Invoice Monitor - Gastoncito] [scheduling-1] com.zaxxer.hikari.pool.PoolBase          : HikariPool-1 - Failed to validate connection org.postgresql.jdbc.PgConnection@1748005 (This connection has been closed.). Possibly consider using a shorter maxLifetime value.
2026-09-07T00:30:00.009-05:00  WARN 23972 --- [Invoice Monitor - Gastoncito] [scheduling-1] com.zaxxer.hikari.pool.PoolBase          : HikariPool-1 - Failed to validate connection org.postgresql.jdbc.PgConnection@232916eb (This connection has been closed.). Possibly consider using a shorter maxLifetime value.
2026-09-07T00:30:00.009-05:00  WARN 23972 --- [Invoice Monitor - Gastoncito] [scheduling-1] com.zaxxer.hikari.pool.PoolBase          : HikariPool-1 - Failed to validate connection org.postgresql.jdbc.PgConnection@5c5c075 (This connection has been closed.). Possibly consider using a shorter maxLifetime value.
2026-09-07T00:30:01.335-05:00  INFO 23972 --- [Invoice Monitor - Gastoncito] [scheduling-1] c.monitor.invoices.ResolutionMonitorJob  : ? No hay alertas de resoluciones por enviar en este momento.
2026-09-07T00:30:01.335-05:00  INFO 23972 --- [Invoice Monitor - Gastoncito] [scheduling-1] c.monitor.invoices.ResolutionMonitorJob  : Monitoreo finalizado.
2026-09-07T00:30:01.335-05:00  INFO 23972 --- [Invoice Monitor - Gastoncito] [scheduling-1] c.monitor.invoices.ResolutionMonitorJob  : ============================================================
2026-09-07T00:40:00.001-05:00  INFO 23972 --- [Invoice Monitor - Gastoncito] [scheduling-1] c.monitor.invoices.ResolutionMonitorJob  : ============================================================
2026-09-07T00:40:00.001-05:00  INFO 23972 --- [Invoice Monitor - Gastoncito] [scheduling-1] c.monitor.invoices.ResolutionMonitorJob  : Iniciando monitoreo de resoluciones por vencerse...
2026-09-07T00:40:00.002-05:00  WARN 23972 --- [Invoice Monitor - Gastoncito] [scheduling-1] com.zaxxer.hikari.pool.PoolBase          : HikariPool-1 - Failed to validate connection org.postgresql.jdbc.PgConnection@18b6ac07 (This connection has been closed.). Possibly consider using a shorter maxLifetime value.
2026-09-07T00:40:00.002-05:00  WARN 23972 --- [Invoice Monitor - Gastoncito] [scheduling-1] com.zaxxer.hikari.pool.PoolBase          : HikariPool-1 - Failed to validate connection org.postgresql.jdbc.PgConnection@5612a4a5 (This connection has been closed.). Possibly consider using a shorter maxLifetime value.
2026-09-07T00:40:00.002-05:00  WARN 23972 --- [Invoice Monitor - Gastoncito] [scheduling-1] com.zaxxer.hikari.pool.PoolBase          : HikariPool-1 - Failed to validate connection org.postgresql.jdbc.PgConnection@7d7f107a (This connection has been closed.). Possibly consider using a shorter maxLifetime value.
2026-09-07T00:40:00.003-05:00  WARN 23972 --- [Invoice Monitor - Gastoncito] [scheduling-1] com.zaxxer.hikari.pool.PoolBase          : HikariPool-1 - Failed to validate connection org.postgresql.jdbc.PgConnection@50845d46 (This connection has been closed.). Possibly consider using a shorter maxLifetime value.
2026-09-07T00:40:00.003-05:00  WARN 23972 --- [Invoice Monitor - Gastoncito] [scheduling-1] com.zaxxer.hikari.pool.PoolBase          : HikariPool-1 - Failed to validate connection org.postgresql.jdbc.PgConnection@56f82e69 (This connection has been closed.). Possibly consider using a shorter maxLifetime value.
2026-09-07T00:40:01.331-05:00  INFO 23972 --- [Invoice Monitor - Gastoncito] [scheduling-1] c.monitor.invoices.ResolutionMonitorJob  : ? No hay alertas de resoluciones por enviar en este momento.
2026-09-07T00:40:01.331-05:00  INFO 23972 --- [Invoice Monitor - Gastoncito] [scheduling-1] c.monitor.invoices.ResolutionMonitorJob  : Monitoreo finalizado.
2026-09-07T00:40:01.331-05:00  INFO 23972 --- [Invoice Monitor - Gastoncito] [scheduling-1] c.monitor.invoices.ResolutionMonitorJob  : ============================================================
2026-09-07T00:50:00.000-05:00  INFO 23972 --- [Invoice Monitor - Gastoncito] [scheduling-1] c.monitor.invoices.ResolutionMonitorJob  : ============================================================
2026-09-07T00:50:00.000-05:00  INFO 23972 --- [Invoice Monitor - Gastoncito] [scheduling-1] c.monitor.invoices.ResolutionMonitorJob  : Iniciando monitoreo de resoluciones por vencerse...
2026-09-07T00:50:00.001-05:00  WARN 23972 --- [Invoice Monitor - Gastoncito] [scheduling-1] com.zaxxer.hikari.pool.PoolBase          : HikariPool-1 - Failed to validate connection org.postgresql.jdbc.PgConnection@158c8f9f (This connection has been closed.). Possibly consider using a shorter maxLifetime value.
2026-09-07T00:50:00.001-05:00  WARN 23972 --- [Invoice Monitor - Gastoncito] [scheduling-1] com.zaxxer.hikari.pool.PoolBase          : HikariPool-1 - Failed to validate connection org.postgresql.jdbc.PgConnection@62e9a0a1 (This connection has been closed.). Possibly consider using a shorter maxLifetime value.
2026-09-07T00:50:00.001-05:00  WARN 23972 --- [Invoice Monitor - Gastoncito] [scheduling-1] com.zaxxer.hikari.pool.PoolBase          : HikariPool-1 - Failed to validate connection org.postgresql.jdbc.PgConnection@757541f3 (This connection has been closed.). Possibly consider using a shorter maxLifetime value.
2026-09-07T00:50:00.002-05:00  WARN 23972 --- [Invoice Monitor - Gastoncito] [scheduling-1] com.zaxxer.hikari.pool.PoolBase          : HikariPool-1 - Failed to validate connection org.postgresql.jdbc.PgConnection@474c8b5 (This connection has been closed.). Possibly consider using a shorter maxLifetime value.
2026-09-07T00:50:00.002-05:00  WARN 23972 --- [Invoice Monitor - Gastoncito] [scheduling-1] com.zaxxer.hikari.pool.PoolBase          : HikariPool-1 - Failed to validate connection org.postgresql.jdbc.PgConnection@393020ae (This connection has been closed.). Possibly consider using a shorter maxLifetime value.
2026-09-07T00:50:01.221-05:00  INFO 23972 --- [Invoice Monitor - Gastoncito] [scheduling-1] c.monitor.invoices.ResolutionMonitorJob  : ? No hay alertas de resoluciones por enviar en este momento.
2026-09-07T00:50:01.222-05:00  INFO 23972 --- [Invoice Monitor - Gastoncito] [scheduling-1] c.monitor.invoices.ResolutionMonitorJob  : Monitoreo finalizado.
2026-09-07T00:50:01.222-05:00  INFO 23972 --- [Invoice Monitor - Gastoncito] [scheduling-1] c.monitor.invoices.ResolutionMonitorJob  : ============================================================
2026-09-07T01:00:00.007-05:00  INFO 23972 --- [Invoice Monitor - Gastoncito] [scheduling-1] c.monitor.invoices.ResolutionMonitorJob  : ============================================================
2026-09-07T01:00:00.007-05:00  INFO 23972 --- [Invoice Monitor - Gastoncito] [scheduling-1] c.monitor.invoices.ResolutionMonitorJob  : Iniciando monitoreo de resoluciones por vencerse...
2026-09-07T01:00:00.008-05:00  WARN 23972 --- [Invoice Monitor - Gastoncito] [scheduling-1] com.zaxxer.hikari.pool.PoolBase          : HikariPool-1 - Failed to validate connection org.postgresql.jdbc.PgConnection@16f36381 (This connection has been closed.). Possibly consider using a shorter maxLifetime value.
2026-09-07T01:00:00.008-05:00  WARN 23972 --- [Invoice Monitor - Gastoncito] [scheduling-1] com.zaxxer.hikari.pool.PoolBase          : HikariPool-1 - Failed to validate connection org.postgresql.jdbc.PgConnection@6b458a8a (This connection has been closed.). Possibly consider using a shorter maxLifetime value.
2026-09-07T01:00:00.009-05:00  WARN 23972 --- [Invoice Monitor - Gastoncito] [scheduling-1] com.zaxxer.hikari.pool.PoolBase          : HikariPool-1 - Failed to validate connection org.postgresql.jdbc.PgConnection@53c8f21c (This connection has been closed.). Possibly consider using a shorter maxLifetime value.
2026-09-07T01:00:00.009-05:00  WARN 23972 --- [Invoice Monitor - Gastoncito] [scheduling-1] com.zaxxer.hikari.pool.PoolBase          : HikariPool-1 - Failed to validate connection org.postgresql.jdbc.PgConnection@5eaa7c8f (This connection has been closed.). Possibly consider using a shorter maxLifetime value.
2026-09-07T01:00:00.009-05:00  WARN 23972 --- [Invoice Monitor - Gastoncito] [scheduling-1] com.zaxxer.hikari.pool.PoolBase          : HikariPool-1 - Failed to validate connection org.postgresql.jdbc.PgConnection@21904845 (This connection has been closed.). Possibly consider using a shorter maxLifetime value.
2026-09-07T01:00:01.303-05:00  INFO 23972 --- [Invoice Monitor - Gastoncito] [scheduling-1] c.monitor.invoices.ResolutionMonitorJob  : ? No hay alertas de resoluciones por enviar en este momento.
2026-09-07T01:00:01.303-05:00  INFO 23972 --- [Invoice Monitor - Gastoncito] [scheduling-1] c.monitor.invoices.ResolutionMonitorJob  : Monitoreo finalizado.
2026-09-07T01:00:01.303-05:00  INFO 23972 --- [Invoice Monitor - Gastoncito] [scheduling-1] c.monitor.invoices.ResolutionMonitorJob  : ============================================================
2026-09-07T01:00:01.303-05:00  INFO 23972 --- [Invoice Monitor - Gastoncito] [scheduling-1] com.monitor.invoices.InvoiceMonitorJob   : ============================================================
2026-09-07T01:00:01.303-05:00  INFO 23972 --- [Invoice Monitor - Gastoncito] [scheduling-1] com.monitor.invoices.InvoiceMonitorJob   : Iniciando monitoreo de facturas faltantes (Flujo en 2 pasos)...
2026-09-07T01:00:01.303-05:00  INFO 23972 --- [Invoice Monitor - Gastoncito] [scheduling-1] com.monitor.invoices.InvoiceMonitorJob   : Consultando faltantes desde: 2026-08-25 00:00:00
2026-09-07T01:00:01.304-05:00  INFO 23972 --- [Invoice Monitor - Gastoncito] [scheduling-1] com.monitor.invoices.InvoiceMonitorJob   : Paso 1: Insertando datos en invoice_control...
2026-09-07T01:04:42.398-05:00  INFO 23972 --- [Invoice Monitor - Gastoncito] [scheduling-1] com.monitor.invoices.InvoiceMonitorJob   : Paso 2: Consultando faltantes...
2026-09-07T01:11:20.403-05:00 ERROR 23972 --- [Invoice Monitor - Gastoncito] [scheduling-1] o.s.s.s.TaskUtils$LoggingErrorHandler    : Unexpected error occurred in scheduled task

java.lang.OutOfMemoryError: Java heap space

2026-09-07T01:11:20.403-05:00  INFO 23972 --- [Invoice Monitor - Gastoncito] [scheduling-1] c.monitor.invoices.ResolutionMonitorJob  : ============================================================
2026-09-07T01:11:20.404-05:00  INFO 23972 --- [Invoice Monitor - Gastoncito] [scheduling-1] c.monitor.invoices.ResolutionMonitorJob  : Iniciando monitoreo de resoluciones por vencerse...
2026-09-07T01:13:20.344-05:00 ERROR 23972 --- [Invoice Monitor - Gastoncito] [scheduling-1] c.monitor.invoices.ResolutionMonitorJob  : ? Error ejecutando la consulta de resoluciones por vencerse: StatementCallback; SQL [SELECT
    e.company,
    c."name" AS company_name,
    e.code AS enumeration_code,
    e.initial_date,
    e.final_date,
    e.current_value,
    e.final_value,
    (e.final_date::date - CURRENT_DATE) AS date_difference_days,
    (e.current_value - e.final_value) AS TOTAL
FROM billing.enumeration e
INNER JOIN  core.company c ON e.company = c.code
INNER JOIN billing.resolution r ON r.enumeration = e.code
INNER JOIN machine.device d ON r.device = d.code
WHERE d.device_type = '1322'
AND e.status = 'A'
AND c.status = 'A'
ORDER BY date_difference_days ASC
]; Multiple ResultSets were returned by the query.

org.springframework.dao.DataIntegrityViolationException: StatementCallback; SQL [SELECT
    e.company,
    c."name" AS company_name,
    e.code AS enumeration_code,
    e.initial_date,
    e.final_date,
    e.current_value,
    e.final_value,
    (e.final_date::date - CURRENT_DATE) AS date_difference_days,
    (e.current_value - e.final_value) AS TOTAL
FROM billing.enumeration e
INNER JOIN  core.company c ON e.company = c.code
INNER JOIN billing.resolution r ON r.enumeration = e.code
INNER JOIN machine.device d ON r.device = d.code
WHERE d.device_type = '1322'
AND e.status = 'A'
AND c.status = 'A'
ORDER BY date_difference_days ASC
]; Multiple ResultSets were returned by the query.
	at org.springframework.jdbc.support.SQLStateSQLExceptionTranslator.doTranslate(SQLStateSQLExceptionTranslator.java:118) ~[spring-jdbc-6.1.6.jar!/:6.1.6]
	at org.springframework.jdbc.support.AbstractFallbackSQLExceptionTranslator.translate(AbstractFallbackSQLExceptionTranslator.java:107) ~[spring-jdbc-6.1.6.jar!/:6.1.6]
	at org.springframework.jdbc.support.AbstractFallbackSQLExceptionTranslator.translate(AbstractFallbackSQLExceptionTranslator.java:116) ~[spring-jdbc-6.1.6.jar!/:6.1.6]
	at org.springframework.jdbc.core.JdbcTemplate.translateException(JdbcTemplate.java:1548) ~[spring-jdbc-6.1.6.jar!/:6.1.6]
	at org.springframework.jdbc.core.JdbcTemplate.execute(JdbcTemplate.java:408) ~[spring-jdbc-6.1.6.jar!/:6.1.6]
	at org.springframework.jdbc.core.JdbcTemplate.query(JdbcTemplate.java:476) ~[spring-jdbc-6.1.6.jar!/:6.1.6]
	at org.springframework.jdbc.core.JdbcTemplate.query(JdbcTemplate.java:486) ~[spring-jdbc-6.1.6.jar!/:6.1.6]
	at org.springframework.jdbc.core.JdbcTemplate.queryForList(JdbcTemplate.java:536) ~[spring-jdbc-6.1.6.jar!/:6.1.6]
	at com.monitor.invoices.MonitorRepository.getExpiringResolutions(MonitorRepository.java:167) ~[!/:1.0.0]
	at jdk.internal.reflect.GeneratedMethodAccessor4.invoke(Unknown Source) ~[na:na]
	at java.base/jdk.internal.reflect.DelegatingMethodAccessorImpl.invoke(DelegatingMethodAccessorImpl.java:43) ~[na:na]
	at java.base/java.lang.reflect.Method.invoke(Method.java:568) ~[na:na]
	at org.springframework.aop.support.AopUtils.invokeJoinpointUsingReflection(AopUtils.java:354) ~[spring-aop-6.1.6.jar!/:6.1.6]
	at org.springframework.aop.framework.ReflectiveMethodInvocation.invokeJoinpoint(ReflectiveMethodInvocation.java:196) ~[spring-aop-6.1.6.jar!/:6.1.6]
	at org.springframework.aop.framework.ReflectiveMethodInvocation.proceed(ReflectiveMethodInvocation.java:163) ~[spring-aop-6.1.6.jar!/:6.1.6]
	at org.springframework.aop.framework.CglibAopProxy$CglibMethodInvocation.proceed(CglibAopProxy.java:768) ~[spring-aop-6.1.6.jar!/:6.1.6]
	at org.springframework.dao.support.PersistenceExceptionTranslationInterceptor.invoke(PersistenceExceptionTranslationInterceptor.java:137) ~[spring-tx-6.1.6.jar!/:6.1.6]
	at org.springframework.aop.framework.ReflectiveMethodInvocation.proceed(ReflectiveMethodInvocation.java:184) ~[spring-aop-6.1.6.jar!/:6.1.6]
	at org.springframework.aop.framework.CglibAopProxy$CglibMethodInvocation.proceed(CglibAopProxy.java:768) ~[spring-aop-6.1.6.jar!/:6.1.6]
	at org.springframework.aop.framework.CglibAopProxy$DynamicAdvisedInterceptor.intercept(CglibAopProxy.java:720) ~[spring-aop-6.1.6.jar!/:6.1.6]
	at com.monitor.invoices.MonitorRepository$$SpringCGLIB$$0.getExpiringResolutions(<generated>) ~[!/:1.0.0]
	at com.monitor.invoices.ResolutionMonitorJob.monitorExpiringResolutions(ResolutionMonitorJob.java:41) ~[!/:1.0.0]
	at jdk.internal.reflect.GeneratedMethodAccessor3.invoke(Unknown Source) ~[na:na]
	at java.base/jdk.internal.reflect.DelegatingMethodAccessorImpl.invoke(DelegatingMethodAccessorImpl.java:43) ~[na:na]
	at java.base/java.lang.reflect.Method.invoke(Method.java:568) ~[na:na]
	at org.springframework.scheduling.support.ScheduledMethodRunnable.runInternal(ScheduledMethodRunnable.java:130) ~[spring-context-6.1.6.jar!/:6.1.6]
	at org.springframework.scheduling.support.ScheduledMethodRunnable.lambda$run$2(ScheduledMethodRunnable.java:124) ~[spring-context-6.1.6.jar!/:6.1.6]
	at io.micrometer.observation.Observation.observe(Observation.java:499) ~[micrometer-observation-1.12.5.jar!/:1.12.5]
	at org.springframework.scheduling.support.ScheduledMethodRunnable.run(ScheduledMethodRunnable.java:124) ~[spring-context-6.1.6.jar!/:6.1.6]
	at org.springframework.scheduling.support.DelegatingErrorHandlingRunnable.run(DelegatingErrorHandlingRunnable.java:54) ~[spring-context-6.1.6.jar!/:6.1.6]
	at org.springframework.scheduling.concurrent.ReschedulingRunnable.run(ReschedulingRunnable.java:96) ~[spring-context-6.1.6.jar!/:6.1.6]
	at java.base/java.util.concurrent.Executors$RunnableAdapter.call(Executors.java:539) ~[na:na]
	at java.base/java.util.concurrent.FutureTask.run(FutureTask.java:264) ~[na:na]
	at java.base/java.util.concurrent.ScheduledThreadPoolExecutor$ScheduledFutureTask.run(ScheduledThreadPoolExecutor.java:304) ~[na:na]
	at java.base/java.util.concurrent.ThreadPoolExecutor.runWorker(ThreadPoolExecutor.java:1136) ~[na:na]
	at java.base/java.util.concurrent.ThreadPoolExecutor$Worker.run(ThreadPoolExecutor.java:635) ~[na:na]
	at java.base/java.lang.Thread.run(Thread.java:833) ~[na:na]
Caused by: org.postgresql.util.PSQLException: Multiple ResultSets were returned by the query.
	at org.postgresql.jdbc.PgStatement.getSingleResultSet(PgStatement.java:259) ~[postgresql-42.6.2.jar!/:42.6.2]
	at org.postgresql.jdbc.PgStatement.executeQuery(PgStatement.java:250) ~[postgresql-42.6.2.jar!/:42.6.2]
	at com.zaxxer.hikari.pool.ProxyStatement.executeQuery(ProxyStatement.java:110) ~[HikariCP-5.0.1.jar!/:na]
	at com.zaxxer.hikari.pool.HikariProxyStatement.executeQuery(HikariProxyStatement.java) ~[HikariCP-5.0.1.jar!/:na]
	at org.springframework.jdbc.core.JdbcTemplate$1QueryStatementCallback.doInStatement(JdbcTemplate.java:463) ~[spring-jdbc-6.1.6.jar!/:6.1.6]
	at org.springframework.jdbc.core.JdbcTemplate.execute(JdbcTemplate.java:393) ~[spring-jdbc-6.1.6.jar!/:6.1.6]
	... 32 common frames omitted

2026-09-07T01:13:20.347-05:00  INFO 23972 --- [Invoice Monitor - Gastoncito] [scheduling-1] c.monitor.invoices.ResolutionMonitorJob  : Monitoreo finalizado.
2026-09-07T01:13:20.347-05:00  INFO 23972 --- [Invoice Monitor - Gastoncito] [scheduling-1] c.monitor.invoices.ResolutionMonitorJob  : ============================================================
2026-09-07T01:20:00.006-05:00  INFO 23972 --- [Invoice Monitor - Gastoncito] [scheduling-1] c.monitor.invoices.ResolutionMonitorJob  : ============================================================
2026-09-07T01:20:00.006-05:00  INFO 23972 --- [Invoice Monitor - Gastoncito] [scheduling-1] c.monitor.invoices.ResolutionMonitorJob  : Iniciando monitoreo de resoluciones por vencerse...
2026-09-07T01:20:00.007-05:00  WARN 23972 --- [Invoice Monitor - Gastoncito] [scheduling-1] com.zaxxer.hikari.pool.PoolBase          : HikariPool-1 - Failed to validate connection org.postgresql.jdbc.PgConnection@7fc9952b (This connection has been closed.). Possibly consider using a shorter maxLifetime value.
2026-09-07T01:20:00.007-05:00  WARN 23972 --- [Invoice Monitor - Gastoncito] [scheduling-1] com.zaxxer.hikari.pool.PoolBase          : HikariPool-1 - Failed to validate connection org.postgresql.jdbc.PgConnection@e9573f8 (This connection has been closed.). Possibly consider using a shorter maxLifetime value.
2026-09-07T01:20:00.007-05:00  WARN 23972 --- [Invoice Monitor - Gastoncito] [scheduling-1] com.zaxxer.hikari.pool.PoolBase          : HikariPool-1 - Failed to validate connection org.postgresql.jdbc.PgConnection@2a343e12 (This connection has been closed.). Possibly consider using a shorter maxLifetime value.
2026-09-07T01:20:00.008-05:00  WARN 23972 --- [Invoice Monitor - Gastoncito] [scheduling-1] com.zaxxer.hikari.pool.PoolBase          : HikariPool-1 - Failed to validate connection org.postgresql.jdbc.PgConnection@19e786b2 (This connection has been closed.). Possibly consider using a shorter maxLifetime value.
2026-09-07T01:20:00.008-05:00  WARN 23972 --- [Invoice Monitor - Gastoncito] [scheduling-1] com.zaxxer.hikari.pool.PoolBase          : HikariPool-1 - Failed to validate connection org.postgresql.jdbc.PgConnection@405faf9 (This connection has been closed.). Possibly consider using a shorter maxLifetime value.
2026-09-07T01:20:01.295-05:00  INFO 23972 --- [Invoice Monitor - Gastoncito] [scheduling-1] c.monitor.invoices.ResolutionMonitorJob  : ? No hay alertas de resoluciones por enviar en este momento.
2026-09-07T01:20:01.295-05:00  INFO 23972 --- [Invoice Monitor - Gastoncito] [scheduling-1] c.monitor.invoices.ResolutionMonitorJob  : Monitoreo finalizado.
2026-09-07T01:20:01.295-05:00  INFO 23972 --- [Invoice Monitor - Gastoncito] [scheduling-1] c.monitor.invoices.ResolutionMonitorJob  : ============================================================
2026-09-07T01:30:00.012-05:00  INFO 23972 --- [Invoice Monitor - Gastoncito] [scheduling-1] c.monitor.invoices.ResolutionMonitorJob  : ============================================================
2026-09-07T01:30:00.012-05:00  INFO 23972 --- [Invoice Monitor - Gastoncito] [scheduling-1] c.monitor.invoices.ResolutionMonitorJob  : Iniciando monitoreo de resoluciones por vencerse...
2026-09-07T01:30:00.013-05:00  WARN 23972 --- [Invoice Monitor - Gastoncito] [scheduling-1] com.zaxxer.hikari.pool.PoolBase          : HikariPool-1 - Failed to validate connection org.postgresql.jdbc.PgConnection@212a4332 (This connection has been closed.). Possibly consider using a shorter maxLifetime value.
2026-09-07T01:30:00.013-05:00  WARN 23972 --- [Invoice Monitor - Gastoncito] [scheduling-1] com.zaxxer.hikari.pool.PoolBase          : HikariPool-1 - Failed to validate connection org.postgresql.jdbc.PgConnection@f12ec53 (This connection has been closed.). Possibly consider using a shorter maxLifetime value.
2026-09-07T01:30:00.013-05:00  WARN 23972 --- [Invoice Monitor - Gastoncito] [scheduling-1] com.zaxxer.hikari.pool.PoolBase          : HikariPool-1 - Failed to validate connection org.postgresql.jdbc.PgConnection@24eb0d7a (This connection has been closed.). Possibly consider using a shorter maxLifetime value.
2026-09-07T01:30:00.013-05:00  WARN 23972 --- [Invoice Monitor - Gastoncito] [scheduling-1] com.zaxxer.hikari.pool.PoolBase          : HikariPool-1 - Failed to validate connection org.postgresql.jdbc.PgConnection@57abe906 (This connection has been closed.). Possibly consider using a shorter maxLifetime value.
2026-09-07T01:30:00.015-05:00  WARN 23972 --- [Invoice Monitor - Gastoncito] [scheduling-1] com.zaxxer.hikari.pool.PoolBase          : HikariPool-1 - Failed to validate connection org.postgresql.jdbc.PgConnection@54201e2d (This connection has been closed.). Possibly consider using a shorter maxLifetime value.
2026-09-07T01:30:01.380-05:00  INFO 23972 --- [Invoice Monitor - Gastoncito] [scheduling-1] c.monitor.invoices.ResolutionMonitorJob  : ? No hay alertas de resoluciones por enviar en este momento.
2026-09-07T01:30:01.380-05:00  INFO 23972 --- [Invoice Monitor - Gastoncito] [scheduling-1] c.monitor.invoices.ResolutionMonitorJob  : Monitoreo finalizado.
2026-09-07T01:30:01.380-05:00  INFO 23972 --- [Invoice Monitor - Gastoncito] [scheduling-1] c.monitor.invoices.ResolutionMonitorJob  : ============================================================
2026-09-07T01:40:00.005-05:00  INFO 23972 --- [Invoice Monitor - Gastoncito] [scheduling-1] c.monitor.invoices.ResolutionMonitorJob  : ============================================================
2026-09-07T01:40:00.005-05:00  INFO 23972 --- [Invoice Monitor - Gastoncito] [scheduling-1] c.monitor.invoices.ResolutionMonitorJob  : Iniciando monitoreo de resoluciones por vencerse...
2026-09-07T01:40:00.006-05:00  WARN 23972 --- [Invoice Monitor - Gastoncito] [scheduling-1] com.zaxxer.hikari.pool.PoolBase          : HikariPool-1 - Failed to validate connection org.postgresql.jdbc.PgConnection@4cc8108e (This connection has been closed.). Possibly consider using a shorter maxLifetime value.
2026-09-07T01:40:00.006-05:00  WARN 23972 --- [Invoice Monitor - Gastoncito] [scheduling-1] com.zaxxer.hikari.pool.PoolBase          : HikariPool-1 - Failed to validate connection org.postgresql.jdbc.PgConnection@38df7869 (This connection has been closed.). Possibly consider using a shorter maxLifetime value.
2026-09-07T01:40:00.006-05:00  WARN 23972 --- [Invoice Monitor - Gastoncito] [scheduling-1] com.zaxxer.hikari.pool.PoolBase          : HikariPool-1 - Failed to validate connection org.postgresql.jdbc.PgConnection@6c5ac829 (This connection has been closed.). Possibly consider using a shorter maxLifetime value.
2026-09-07T01:40:00.007-05:00  WARN 23972 --- [Invoice Monitor - Gastoncito] [scheduling-1] com.zaxxer.hikari.pool.PoolBase          : HikariPool-1 - Failed to validate connection org.postgresql.jdbc.PgConnection@609af94c (This connection has been closed.). Possibly consider using a shorter maxLifetime value.
2026-09-07T01:40:00.007-05:00  WARN 23972 --- [Invoice Monitor - Gastoncito] [scheduling-1] com.zaxxer.hikari.pool.PoolBase          : HikariPool-1 - Failed to validate connection org.postgresql.jdbc.PgConnection@7219b03b (This connection has been closed.). Possibly consider using a shorter maxLifetime value.
2026-09-07T01:40:01.279-05:00  INFO 23972 --- [Invoice Monitor - Gastoncito] [scheduling-1] c.monitor.invoices.ResolutionMonitorJob  : ? No hay alertas de resoluciones por enviar en este momento.
2026-09-07T01:40:01.279-05:00  INFO 23972 --- [Invoice Monitor - Gastoncito] [scheduling-1] c.monitor.invoices.ResolutionMonitorJob  : Monitoreo finalizado.
2026-09-07T01:40:01.279-05:00  INFO 23972 --- [Invoice Monitor - Gastoncito] [scheduling-1] c.monitor.invoices.ResolutionMonitorJob  : ============================================================
2026-09-07T01:50:00.012-05:00  INFO 23972 --- [Invoice Monitor - Gastoncito] [scheduling-1] c.monitor.invoices.ResolutionMonitorJob  : ============================================================
2026-09-07T01:50:00.012-05:00  INFO 23972 --- [Invoice Monitor - Gastoncito] [scheduling-1] c.monitor.invoices.ResolutionMonitorJob  : Iniciando monitoreo de resoluciones por vencerse...
2026-09-07T01:50:00.013-05:00  WARN 23972 --- [Invoice Monitor - Gastoncito] [scheduling-1] com.zaxxer.hikari.pool.PoolBase          : HikariPool-1 - Failed to validate connection org.postgresql.jdbc.PgConnection@31469221 (This connection has been closed.). Possibly consider using a shorter maxLifetime value.
2026-09-07T01:50:00.013-05:00  WARN 23972 --- [Invoice Monitor - Gastoncito] [scheduling-1] com.zaxxer.hikari.pool.PoolBase          : HikariPool-1 - Failed to validate connection org.postgresql.jdbc.PgConnection@3c80c719 (This connection has been closed.). Possibly consider using a shorter maxLifetime value.
2026-09-07T01:50:00.013-05:00  WARN 23972 --- [Invoice Monitor - Gastoncito] [scheduling-1] com.zaxxer.hikari.pool.PoolBase          : HikariPool-1 - Failed to validate connection org.postgresql.jdbc.PgConnection@3a720da (This connection has been closed.). Possibly consider using a shorter maxLifetime value.
2026-09-07T01:50:00.014-05:00  WARN 23972 --- [Invoice Monitor - Gastoncito] [scheduling-1] com.zaxxer.hikari.pool.PoolBase          : HikariPool-1 - Failed to validate connection org.postgresql.jdbc.PgConnection@6756d15 (This connection has been closed.). Possibly consider using a shorter maxLifetime value.
2026-09-07T01:50:00.014-05:00  WARN 23972 --- [Invoice Monitor - Gastoncito] [scheduling-1] com.zaxxer.hikari.pool.PoolBase          : HikariPool-1 - Failed to validate connection org.postgresql.jdbc.PgConnection@355c7874 (This connection has been closed.). Possibly consider using a shorter maxLifetime value.
2026-09-07T01:50:01.300-05:00  INFO 23972 --- [Invoice Monitor - Gastoncito] [scheduling-1] c.monitor.invoices.ResolutionMonitorJob  : ? No hay alertas de resoluciones por enviar en este momento.
2026-09-07T01:50:01.300-05:00  INFO 23972 --- [Invoice Monitor - Gastoncito] [scheduling-1] c.monitor.invoices.ResolutionMonitorJob  : Monitoreo finalizado.
2026-09-07T01:50:01.300-05:00  INFO 23972 --- [Invoice Monitor - Gastoncito] [scheduling-1] c.monitor.invoices.ResolutionMonitorJob  : ============================================================
2026-09-07T02:00:00.004-05:00  INFO 23972 --- [Invoice Monitor - Gastoncito] [scheduling-1] com.monitor.invoices.InvoiceMonitorJob   : ============================================================
2026-09-07T02:00:00.004-05:00  INFO 23972 --- [Invoice Monitor - Gastoncito] [scheduling-1] com.monitor.invoices.InvoiceMonitorJob   : Iniciando monitoreo de facturas faltantes (Flujo en 2 pasos)...
2026-09-07T02:00:00.004-05:00  INFO 23972 --- [Invoice Monitor - Gastoncito] [scheduling-1] com.monitor.invoices.InvoiceMonitorJob   : Consultando faltantes desde: 2026-08-25 00:00:00
2026-09-07T02:00:00.004-05:00  INFO 23972 --- [Invoice Monitor - Gastoncito] [scheduling-1] com.monitor.invoices.InvoiceMonitorJob   : Paso 1: Insertando datos en invoice_control...
2026-09-07T02:00:00.005-05:00  WARN 23972 --- [Invoice Monitor - Gastoncito] [scheduling-1] com.zaxxer.hikari.pool.PoolBase          : HikariPool-1 - Failed to validate connection org.postgresql.jdbc.PgConnection@f5ec9c9 (This connection has been closed.). Possibly consider using a shorter maxLifetime value.
2026-09-07T02:00:00.005-05:00  WARN 23972 --- [Invoice Monitor - Gastoncito] [scheduling-1] com.zaxxer.hikari.pool.PoolBase          : HikariPool-1 - Failed to validate connection org.postgresql.jdbc.PgConnection@18754760 (This connection has been closed.). Possibly consider using a shorter maxLifetime value.
2026-09-07T02:00:00.006-05:00  WARN 23972 --- [Invoice Monitor - Gastoncito] [scheduling-1] com.zaxxer.hikari.pool.PoolBase          : HikariPool-1 - Failed to validate connection org.postgresql.jdbc.PgConnection@4e3c03c2 (This connection has been closed.). Possibly consider using a shorter maxLifetime value.
2026-09-07T02:00:00.006-05:00  WARN 23972 --- [Invoice Monitor - Gastoncito] [scheduling-1] com.zaxxer.hikari.pool.PoolBase          : HikariPool-1 - Failed to validate connection org.postgresql.jdbc.PgConnection@37558b4d (This connection has been closed.). Possibly consider using a shorter maxLifetime value.
2026-09-07T02:00:00.006-05:00  WARN 23972 --- [Invoice Monitor - Gastoncito] [scheduling-1] com.zaxxer.hikari.pool.PoolBase          : HikariPool-1 - Failed to validate connection org.postgresql.jdbc.PgConnection@2e41d966 (This connection has been closed.). Possibly consider using a shorter maxLifetime value.
2026-09-07T02:05:14.583-05:00  INFO 23972 --- [Invoice Monitor - Gastoncito] [scheduling-1] com.monitor.invoices.InvoiceMonitorJob   : Paso 2: Consultando faltantes...
2026-09-07T02:11:46.350-05:00 ERROR 23972 --- [Invoice Monitor - Gastoncito] [scheduling-1] o.s.s.s.TaskUtils$LoggingErrorHandler    : Unexpected error occurred in scheduled task

java.lang.OutOfMemoryError: Java heap space

2026-09-07T02:11:46.354-05:00  INFO 23972 --- [Invoice Monitor - Gastoncito] [scheduling-1] c.monitor.invoices.ResolutionMonitorJob  : ============================================================
2026-09-07T02:11:46.355-05:00  INFO 23972 --- [Invoice Monitor - Gastoncito] [scheduling-1] c.monitor.invoices.ResolutionMonitorJob  : Iniciando monitoreo de resoluciones por vencerse...
2026-09-07T02:13:57.705-05:00 ERROR 23972 --- [Invoice Monitor - Gastoncito] [scheduling-1] c.monitor.invoices.ResolutionMonitorJob  : ? Error ejecutando la consulta de resoluciones por vencerse: StatementCallback; SQL [SELECT
    e.company,
    c."name" AS company_name,
    e.code AS enumeration_code,
    e.initial_date,
    e.final_date,
    e.current_value,
    e.final_value,
    (e.final_date::date - CURRENT_DATE) AS date_difference_days,
    (e.current_value - e.final_value) AS TOTAL
FROM billing.enumeration e
INNER JOIN  core.company c ON e.company = c.code
INNER JOIN billing.resolution r ON r.enumeration = e.code
INNER JOIN machine.device d ON r.device = d.code
WHERE d.device_type = '1322'
AND e.status = 'A'
AND c.status = 'A'
ORDER BY date_difference_days ASC
]; Multiple ResultSets were returned by the query.

org.springframework.dao.DataIntegrityViolationException: StatementCallback; SQL [SELECT
    e.company,
    c."name" AS company_name,
    e.code AS enumeration_code,
    e.initial_date,
    e.final_date,
    e.current_value,
    e.final_value,
    (e.final_date::date - CURRENT_DATE) AS date_difference_days,
    (e.current_value - e.final_value) AS TOTAL
FROM billing.enumeration e
INNER JOIN  core.company c ON e.company = c.code
INNER JOIN billing.resolution r ON r.enumeration = e.code
INNER JOIN machine.device d ON r.device = d.code
WHERE d.device_type = '1322'
AND e.status = 'A'
AND c.status = 'A'
ORDER BY date_difference_days ASC
]; Multiple ResultSets were returned by the query.
	at org.springframework.jdbc.support.SQLStateSQLExceptionTranslator.doTranslate(SQLStateSQLExceptionTranslator.java:118) ~[spring-jdbc-6.1.6.jar!/:6.1.6]
	at org.springframework.jdbc.support.AbstractFallbackSQLExceptionTranslator.translate(AbstractFallbackSQLExceptionTranslator.java:107) ~[spring-jdbc-6.1.6.jar!/:6.1.6]
	at org.springframework.jdbc.support.AbstractFallbackSQLExceptionTranslator.translate(AbstractFallbackSQLExceptionTranslator.java:116) ~[spring-jdbc-6.1.6.jar!/:6.1.6]
	at org.springframework.jdbc.core.JdbcTemplate.translateException(JdbcTemplate.java:1548) ~[spring-jdbc-6.1.6.jar!/:6.1.6]
	at org.springframework.jdbc.core.JdbcTemplate.execute(JdbcTemplate.java:408) ~[spring-jdbc-6.1.6.jar!/:6.1.6]
	at org.springframework.jdbc.core.JdbcTemplate.query(JdbcTemplate.java:476) ~[spring-jdbc-6.1.6.jar!/:6.1.6]
	at org.springframework.jdbc.core.JdbcTemplate.query(JdbcTemplate.java:486) ~[spring-jdbc-6.1.6.jar!/:6.1.6]
	at org.springframework.jdbc.core.JdbcTemplate.queryForList(JdbcTemplate.java:536) ~[spring-jdbc-6.1.6.jar!/:6.1.6]
	at com.monitor.invoices.MonitorRepository.getExpiringResolutions(MonitorRepository.java:167) ~[!/:1.0.0]
	at jdk.internal.reflect.GeneratedMethodAccessor4.invoke(Unknown Source) ~[na:na]
	at java.base/jdk.internal.reflect.DelegatingMethodAccessorImpl.invoke(DelegatingMethodAccessorImpl.java:43) ~[na:na]
	at java.base/java.lang.reflect.Method.invoke(Method.java:568) ~[na:na]
	at org.springframework.aop.support.AopUtils.invokeJoinpointUsingReflection(AopUtils.java:354) ~[spring-aop-6.1.6.jar!/:6.1.6]
	at org.springframework.aop.framework.ReflectiveMethodInvocation.invokeJoinpoint(ReflectiveMethodInvocation.java:196) ~[spring-aop-6.1.6.jar!/:6.1.6]
	at org.springframework.aop.framework.ReflectiveMethodInvocation.proceed(ReflectiveMethodInvocation.java:163) ~[spring-aop-6.1.6.jar!/:6.1.6]
	at org.springframework.aop.framework.CglibAopProxy$CglibMethodInvocation.proceed(CglibAopProxy.java:768) ~[spring-aop-6.1.6.jar!/:6.1.6]
	at org.springframework.dao.support.PersistenceExceptionTranslationInterceptor.invoke(PersistenceExceptionTranslationInterceptor.java:137) ~[spring-tx-6.1.6.jar!/:6.1.6]
	at org.springframework.aop.framework.ReflectiveMethodInvocation.proceed(ReflectiveMethodInvocation.java:184) ~[spring-aop-6.1.6.jar!/:6.1.6]
	at org.springframework.aop.framework.CglibAopProxy$CglibMethodInvocation.proceed(CglibAopProxy.java:768) ~[spring-aop-6.1.6.jar!/:6.1.6]
	at org.springframework.aop.framework.CglibAopProxy$DynamicAdvisedInterceptor.intercept(CglibAopProxy.java:720) ~[spring-aop-6.1.6.jar!/:6.1.6]
	at com.monitor.invoices.MonitorRepository$$SpringCGLIB$$0.getExpiringResolutions(<generated>) ~[!/:1.0.0]
	at com.monitor.invoices.ResolutionMonitorJob.monitorExpiringResolutions(ResolutionMonitorJob.java:41) ~[!/:1.0.0]
	at jdk.internal.reflect.GeneratedMethodAccessor3.invoke(Unknown Source) ~[na:na]
	at java.base/jdk.internal.reflect.DelegatingMethodAccessorImpl.invoke(DelegatingMethodAccessorImpl.java:43) ~[na:na]
	at java.base/java.lang.reflect.Method.invoke(Method.java:568) ~[na:na]
	at org.springframework.scheduling.support.ScheduledMethodRunnable.runInternal(ScheduledMethodRunnable.java:130) ~[spring-context-6.1.6.jar!/:6.1.6]
	at org.springframework.scheduling.support.ScheduledMethodRunnable.lambda$run$2(ScheduledMethodRunnable.java:124) ~[spring-context-6.1.6.jar!/:6.1.6]
	at io.micrometer.observation.Observation.observe(Observation.java:499) ~[micrometer-observation-1.12.5.jar!/:1.12.5]
	at org.springframework.scheduling.support.ScheduledMethodRunnable.run(ScheduledMethodRunnable.java:124) ~[spring-context-6.1.6.jar!/:6.1.6]
	at org.springframework.scheduling.support.DelegatingErrorHandlingRunnable.run(DelegatingErrorHandlingRunnable.java:54) ~[spring-context-6.1.6.jar!/:6.1.6]
	at org.springframework.scheduling.concurrent.ReschedulingRunnable.run(ReschedulingRunnable.java:96) ~[spring-context-6.1.6.jar!/:6.1.6]
	at java.base/java.util.concurrent.Executors$RunnableAdapter.call(Executors.java:539) ~[na:na]
	at java.base/java.util.concurrent.FutureTask.run(FutureTask.java:264) ~[na:na]
	at java.base/java.util.concurrent.ScheduledThreadPoolExecutor$ScheduledFutureTask.run(ScheduledThreadPoolExecutor.java:304) ~[na:na]
	at java.base/java.util.concurrent.ThreadPoolExecutor.runWorker(ThreadPoolExecutor.java:1136) ~[na:na]
	at java.base/java.util.concurrent.ThreadPoolExecutor$Worker.run(ThreadPoolExecutor.java:635) ~[na:na]
	at java.base/java.lang.Thread.run(Thread.java:833) ~[na:na]
Caused by: org.postgresql.util.PSQLException: Multiple ResultSets were returned by the query.
	at org.postgresql.jdbc.PgStatement.getSingleResultSet(PgStatement.java:259) ~[postgresql-42.6.2.jar!/:42.6.2]
	at org.postgresql.jdbc.PgStatement.executeQuery(PgStatement.java:250) ~[postgresql-42.6.2.jar!/:42.6.2]
	at com.zaxxer.hikari.pool.ProxyStatement.executeQuery(ProxyStatement.java:110) ~[HikariCP-5.0.1.jar!/:na]
	at com.zaxxer.hikari.pool.HikariProxyStatement.executeQuery(HikariProxyStatement.java) ~[HikariCP-5.0.1.jar!/:na]
	at org.springframework.jdbc.core.JdbcTemplate$1QueryStatementCallback.doInStatement(JdbcTemplate.java:463) ~[spring-jdbc-6.1.6.jar!/:6.1.6]
	at org.springframework.jdbc.core.JdbcTemplate.execute(JdbcTemplate.java:393) ~[spring-jdbc-6.1.6.jar!/:6.1.6]
	... 32 common frames omitted

2026-09-07T02:13:57.708-05:00  INFO 23972 --- [Invoice Monitor - Gastoncito] [scheduling-1] c.monitor.invoices.ResolutionMonitorJob  : Monitoreo finalizado.
2026-09-07T02:13:57.708-05:00  INFO 23972 --- [Invoice Monitor - Gastoncito] [scheduling-1] c.monitor.invoices.ResolutionMonitorJob  : ============================================================
2026-09-07T02:20:00.008-05:00  INFO 23972 --- [Invoice Monitor - Gastoncito] [scheduling-1] c.monitor.invoices.ResolutionMonitorJob  : ============================================================
2026-09-07T02:20:00.008-05:00  INFO 23972 --- [Invoice Monitor - Gastoncito] [scheduling-1] c.monitor.invoices.ResolutionMonitorJob  : Iniciando monitoreo de resoluciones por vencerse...
2026-09-07T02:20:00.009-05:00  WARN 23972 --- [Invoice Monitor - Gastoncito] [scheduling-1] com.zaxxer.hikari.pool.PoolBase          : HikariPool-1 - Failed to validate connection org.postgresql.jdbc.PgConnection@29a50d37 (This connection has been closed.). Possibly consider using a shorter maxLifetime value.
2026-09-07T02:20:00.009-05:00  WARN 23972 --- [Invoice Monitor - Gastoncito] [scheduling-1] com.zaxxer.hikari.pool.PoolBase          : HikariPool-1 - Failed to validate connection org.postgresql.jdbc.PgConnection@7b6ce6b9 (This connection has been closed.). Possibly consider using a shorter maxLifetime value.
2026-09-07T02:20:00.009-05:00  WARN 23972 --- [Invoice Monitor - Gastoncito] [scheduling-1] com.zaxxer.hikari.pool.PoolBase          : HikariPool-1 - Failed to validate connection org.postgresql.jdbc.PgConnection@465e7994 (This connection has been closed.). Possibly consider using a shorter maxLifetime value.
2026-09-07T02:20:00.010-05:00  WARN 23972 --- [Invoice Monitor - Gastoncito] [scheduling-1] com.zaxxer.hikari.pool.PoolBase          : HikariPool-1 - Failed to validate connection org.postgresql.jdbc.PgConnection@471318dd (This connection has been closed.). Possibly consider using a shorter maxLifetime value.
2026-09-07T02:20:00.010-05:00  WARN 23972 --- [Invoice Monitor - Gastoncito] [scheduling-1] com.zaxxer.hikari.pool.PoolBase          : HikariPool-1 - Failed to validate connection org.postgresql.jdbc.PgConnection@3532d8a8 (This connection has been closed.). Possibly consider using a shorter maxLifetime value.
2026-09-07T02:20:01.254-05:00  INFO 23972 --- [Invoice Monitor - Gastoncito] [scheduling-1] c.monitor.invoices.ResolutionMonitorJob  : ? No hay alertas de resoluciones por enviar en este momento.
2026-09-07T02:20:01.255-05:00  INFO 23972 --- [Invoice Monitor - Gastoncito] [scheduling-1] c.monitor.invoices.ResolutionMonitorJob  : Monitoreo finalizado.
2026-09-07T02:20:01.255-05:00  INFO 23972 --- [Invoice Monitor - Gastoncito] [scheduling-1] c.monitor.invoices.ResolutionMonitorJob  : ============================================================
2026-09-07T02:30:00.014-05:00  INFO 23972 --- [Invoice Monitor - Gastoncito] [scheduling-1] c.monitor.invoices.ResolutionMonitorJob  : ============================================================
2026-09-07T02:30:00.014-05:00  INFO 23972 --- [Invoice Monitor - Gastoncito] [scheduling-1] c.monitor.invoices.ResolutionMonitorJob  : Iniciando monitoreo de resoluciones por vencerse...
2026-09-07T02:30:00.015-05:00  WARN 23972 --- [Invoice Monitor - Gastoncito] [scheduling-1] com.zaxxer.hikari.pool.PoolBase          : HikariPool-1 - Failed to validate connection org.postgresql.jdbc.PgConnection@29f7b999 (This connection has been closed.). Possibly consider using a shorter maxLifetime value.
2026-09-07T02:30:00.015-05:00  WARN 23972 --- [Invoice Monitor - Gastoncito] [scheduling-1] com.zaxxer.hikari.pool.PoolBase          : HikariPool-1 - Failed to validate connection org.postgresql.jdbc.PgConnection@435ad14d (This connection has been closed.). Possibly consider using a shorter maxLifetime value.
2026-09-07T02:30:00.015-05:00  WARN 23972 --- [Invoice Monitor - Gastoncito] [scheduling-1] com.zaxxer.hikari.pool.PoolBase          : HikariPool-1 - Failed to validate connection org.postgresql.jdbc.PgConnection@608ea616 (This connection has been closed.). Possibly consider using a shorter maxLifetime value.
2026-09-07T02:30:00.016-05:00  WARN 23972 --- [Invoice Monitor - Gastoncito] [scheduling-1] com.zaxxer.hikari.pool.PoolBase          : HikariPool-1 - Failed to validate connection org.postgresql.jdbc.PgConnection@7421f0ef (This connection has been closed.). Possibly consider using a shorter maxLifetime value.
2026-09-07T02:30:00.016-05:00  WARN 23972 --- [Invoice Monitor - Gastoncito] [scheduling-1] com.zaxxer.hikari.pool.PoolBase          : HikariPool-1 - Failed to validate connection org.postgresql.jdbc.PgConnection@6f55b626 (This connection has been closed.). Possibly consider using a shorter maxLifetime value.
2026-09-07T02:30:01.290-05:00  INFO 23972 --- [Invoice Monitor - Gastoncito] [scheduling-1] c.monitor.invoices.ResolutionMonitorJob  : ? No hay alertas de resoluciones por enviar en este momento.
2026-09-07T02:30:01.290-05:00  INFO 23972 --- [Invoice Monitor - Gastoncito] [scheduling-1] c.monitor.invoices.ResolutionMonitorJob  : Monitoreo finalizado.
2026-09-07T02:30:01.291-05:00  INFO 23972 --- [Invoice Monitor - Gastoncito] [scheduling-1] c.monitor.invoices.ResolutionMonitorJob  : ============================================================
2026-09-07T02:40:00.005-05:00  INFO 23972 --- [Invoice Monitor - Gastoncito] [scheduling-1] c.monitor.invoices.ResolutionMonitorJob  : ============================================================
2026-09-07T02:40:00.005-05:00  INFO 23972 --- [Invoice Monitor - Gastoncito] [scheduling-1] c.monitor.invoices.ResolutionMonitorJob  : Iniciando monitoreo de resoluciones por vencerse...
2026-09-07T02:40:00.006-05:00  WARN 23972 --- [Invoice Monitor - Gastoncito] [scheduling-1] com.zaxxer.hikari.pool.PoolBase          : HikariPool-1 - Failed to validate connection org.postgresql.jdbc.PgConnection@7a90c238 (This connection has been closed.). Possibly consider using a shorter maxLifetime value.
2026-09-07T02:40:00.006-05:00  WARN 23972 --- [Invoice Monitor - Gastoncito] [scheduling-1] com.zaxxer.hikari.pool.PoolBase          : HikariPool-1 - Failed to validate connection org.postgresql.jdbc.PgConnection@146656fa (This connection has been closed.). Possibly consider using a shorter maxLifetime value.
2026-09-07T02:40:00.007-05:00  WARN 23972 --- [Invoice Monitor - Gastoncito] [scheduling-1] com.zaxxer.hikari.pool.PoolBase          : HikariPool-1 - Failed to validate connection org.postgresql.jdbc.PgConnection@56c036d6 (This connection has been closed.). Possibly consider using a shorter maxLifetime value.
2026-09-07T02:40:00.007-05:00  WARN 23972 --- [Invoice Monitor - Gastoncito] [scheduling-1] com.zaxxer.hikari.pool.PoolBase          : HikariPool-1 - Failed to validate connection org.postgresql.jdbc.PgConnection@2a3dbf34 (This connection has been closed.). Possibly consider using a shorter maxLifetime value.
2026-09-07T02:40:00.007-05:00  WARN 23972 --- [Invoice Monitor - Gastoncito] [scheduling-1] com.zaxxer.hikari.pool.PoolBase          : HikariPool-1 - Failed to validate connection org.postgresql.jdbc.PgConnection@1e998f3c (This connection has been closed.). Possibly consider using a shorter maxLifetime value.
2026-09-07T02:40:01.282-05:00  INFO 23972 --- [Invoice Monitor - Gastoncito] [scheduling-1] c.monitor.invoices.ResolutionMonitorJob  : ? No hay alertas de resoluciones por enviar en este momento.
2026-09-07T02:40:01.282-05:00  INFO 23972 --- [Invoice Monitor - Gastoncito] [scheduling-1] c.monitor.invoices.ResolutionMonitorJob  : Monitoreo finalizado.
2026-09-07T02:40:01.282-05:00  INFO 23972 --- [Invoice Monitor - Gastoncito] [scheduling-1] c.monitor.invoices.ResolutionMonitorJob  : ============================================================
2026-09-07T02:50:00.006-05:00  INFO 23972 --- [Invoice Monitor - Gastoncito] [scheduling-1] c.monitor.invoices.ResolutionMonitorJob  : ============================================================
2026-09-07T02:50:00.006-05:00  INFO 23972 --- [Invoice Monitor - Gastoncito] [scheduling-1] c.monitor.invoices.ResolutionMonitorJob  : Iniciando monitoreo de resoluciones por vencerse...
2026-09-07T02:50:00.006-05:00  WARN 23972 --- [Invoice Monitor - Gastoncito] [scheduling-1] com.zaxxer.hikari.pool.PoolBase          : HikariPool-1 - Failed to validate connection org.postgresql.jdbc.PgConnection@386ecb93 (This connection has been closed.). Possibly consider using a shorter maxLifetime value.
2026-09-07T02:50:00.006-05:00  WARN 23972 --- [Invoice Monitor - Gastoncito] [scheduling-1] com.zaxxer.hikari.pool.PoolBase          : HikariPool-1 - Failed to validate connection org.postgresql.jdbc.PgConnection@284cea0c (This connection has been closed.). Possibly consider using a shorter maxLifetime value.
2026-09-07T02:50:00.006-05:00  WARN 23972 --- [Invoice Monitor - Gastoncito] [scheduling-1] com.zaxxer.hikari.pool.PoolBase          : HikariPool-1 - Failed to validate connection org.postgresql.jdbc.PgConnection@7afe6056 (This connection has been closed.). Possibly consider using a shorter maxLifetime value.
2026-09-07T02:50:00.007-05:00  WARN 23972 --- [Invoice Monitor - Gastoncito] [scheduling-1] com.zaxxer.hikari.pool.PoolBase          : HikariPool-1 - Failed to validate connection org.postgresql.jdbc.PgConnection@34020ec9 (This connection has been closed.). Possibly consider using a shorter maxLifetime value.
2026-09-07T02:50:00.007-05:00  WARN 23972 --- [Invoice Monitor - Gastoncito] [scheduling-1] com.zaxxer.hikari.pool.PoolBase          : HikariPool-1 - Failed to validate connection org.postgresql.jdbc.PgConnection@22bd6ddb (This connection has been closed.). Possibly consider using a shorter maxLifetime value.
2026-09-07T02:50:01.271-05:00  INFO 23972 --- [Invoice Monitor - Gastoncito] [scheduling-1] c.monitor.invoices.ResolutionMonitorJob  : ? No hay alertas de resoluciones por enviar en este momento.
2026-09-07T02:50:01.271-05:00  INFO 23972 --- [Invoice Monitor - Gastoncito] [scheduling-1] c.monitor.invoices.ResolutionMonitorJob  : Monitoreo finalizado.
2026-09-07T02:50:01.271-05:00  INFO 23972 --- [Invoice Monitor - Gastoncito] [scheduling-1] c.monitor.invoices.ResolutionMonitorJob  : ============================================================
2026-09-07T03:00:00.005-05:00  INFO 23972 --- [Invoice Monitor - Gastoncito] [scheduling-1] com.monitor.invoices.InvoiceMonitorJob   : ============================================================
2026-09-07T03:00:00.005-05:00  INFO 23972 --- [Invoice Monitor - Gastoncito] [scheduling-1] com.monitor.invoices.InvoiceMonitorJob   : Iniciando monitoreo de facturas faltantes (Flujo en 2 pasos)...
2026-09-07T03:00:00.005-05:00  INFO 23972 --- [Invoice Monitor - Gastoncito] [scheduling-1] com.monitor.invoices.InvoiceMonitorJob   : Consultando faltantes desde: 2026-08-25 00:00:00
2026-09-07T03:00:00.005-05:00  INFO 23972 --- [Invoice Monitor - Gastoncito] [scheduling-1] com.monitor.invoices.InvoiceMonitorJob   : Paso 1: Insertando datos en invoice_control...
2026-09-07T03:00:00.006-05:00  WARN 23972 --- [Invoice Monitor - Gastoncito] [scheduling-1] com.zaxxer.hikari.pool.PoolBase          : HikariPool-1 - Failed to validate connection org.postgresql.jdbc.PgConnection@6deeff0a (This connection has been closed.). Possibly consider using a shorter maxLifetime value.
2026-09-07T03:00:00.006-05:00  WARN 23972 --- [Invoice Monitor - Gastoncito] [scheduling-1] com.zaxxer.hikari.pool.PoolBase          : HikariPool-1 - Failed to validate connection org.postgresql.jdbc.PgConnection@404bf02d (This connection has been closed.). Possibly consider using a shorter maxLifetime value.
2026-09-07T03:00:00.007-05:00  WARN 23972 --- [Invoice Monitor - Gastoncito] [scheduling-1] com.zaxxer.hikari.pool.PoolBase          : HikariPool-1 - Failed to validate connection org.postgresql.jdbc.PgConnection@9519e4a (This connection has been closed.). Possibly consider using a shorter maxLifetime value.
2026-09-07T03:00:00.007-05:00  WARN 23972 --- [Invoice Monitor - Gastoncito] [scheduling-1] com.zaxxer.hikari.pool.PoolBase          : HikariPool-1 - Failed to validate connection org.postgresql.jdbc.PgConnection@135d36c5 (This connection has been closed.). Possibly consider using a shorter maxLifetime value.
2026-09-07T03:00:00.007-05:00  WARN 23972 --- [Invoice Monitor - Gastoncito] [scheduling-1] com.zaxxer.hikari.pool.PoolBase          : HikariPool-1 - Failed to validate connection org.postgresql.jdbc.PgConnection@290d18c9 (This connection has been closed.). Possibly consider using a shorter maxLifetime value.
2026-09-07T03:04:42.135-05:00  INFO 23972 --- [Invoice Monitor - Gastoncito] [scheduling-1] com.monitor.invoices.InvoiceMonitorJob   : Paso 2: Consultando faltantes...
2026-09-07T03:11:01.578-05:00 ERROR 23972 --- [Invoice Monitor - Gastoncito] [scheduling-1] o.s.s.s.TaskUtils$LoggingErrorHandler    : Unexpected error occurred in scheduled task

java.lang.OutOfMemoryError: Java heap space

2026-09-07T03:11:01.596-05:00  INFO 23972 --- [Invoice Monitor - Gastoncito] [scheduling-1] c.monitor.invoices.ResolutionMonitorJob  : ============================================================
2026-09-07T03:11:01.596-05:00  INFO 23972 --- [Invoice Monitor - Gastoncito] [scheduling-1] c.monitor.invoices.ResolutionMonitorJob  : Iniciando monitoreo de resoluciones por vencerse...
2026-09-07T03:12:58.563-05:00 ERROR 23972 --- [Invoice Monitor - Gastoncito] [scheduling-1] c.monitor.invoices.ResolutionMonitorJob  : ? Error ejecutando la consulta de resoluciones por vencerse: StatementCallback; SQL [SELECT
    e.company,
    c."name" AS company_name,
    e.code AS enumeration_code,
    e.initial_date,
    e.final_date,
    e.current_value,
    e.final_value,
    (e.final_date::date - CURRENT_DATE) AS date_difference_days,
    (e.current_value - e.final_value) AS TOTAL
FROM billing.enumeration e
INNER JOIN  core.company c ON e.company = c.code
INNER JOIN billing.resolution r ON r.enumeration = e.code
INNER JOIN machine.device d ON r.device = d.code
WHERE d.device_type = '1322'
AND e.status = 'A'
AND c.status = 'A'
ORDER BY date_difference_days ASC
]; Multiple ResultSets were returned by the query.

org.springframework.dao.DataIntegrityViolationException: StatementCallback; SQL [SELECT
    e.company,
    c."name" AS company_name,
    e.code AS enumeration_code,
    e.initial_date,
    e.final_date,
    e.current_value,
    e.final_value,
    (e.final_date::date - CURRENT_DATE) AS date_difference_days,
    (e.current_value - e.final_value) AS TOTAL
FROM billing.enumeration e
INNER JOIN  core.company c ON e.company = c.code
INNER JOIN billing.resolution r ON r.enumeration = e.code
INNER JOIN machine.device d ON r.device = d.code
WHERE d.device_type = '1322'
AND e.status = 'A'
AND c.status = 'A'
ORDER BY date_difference_days ASC
]; Multiple ResultSets were returned by the query.
	at org.springframework.jdbc.support.SQLStateSQLExceptionTranslator.doTranslate(SQLStateSQLExceptionTranslator.java:118) ~[spring-jdbc-6.1.6.jar!/:6.1.6]
	at org.springframework.jdbc.support.AbstractFallbackSQLExceptionTranslator.translate(AbstractFallbackSQLExceptionTranslator.java:107) ~[spring-jdbc-6.1.6.jar!/:6.1.6]
	at org.springframework.jdbc.support.AbstractFallbackSQLExceptionTranslator.translate(AbstractFallbackSQLExceptionTranslator.java:116) ~[spring-jdbc-6.1.6.jar!/:6.1.6]
	at org.springframework.jdbc.core.JdbcTemplate.translateException(JdbcTemplate.java:1548) ~[spring-jdbc-6.1.6.jar!/:6.1.6]
	at org.springframework.jdbc.core.JdbcTemplate.execute(JdbcTemplate.java:408) ~[spring-jdbc-6.1.6.jar!/:6.1.6]
	at org.springframework.jdbc.core.JdbcTemplate.query(JdbcTemplate.java:476) ~[spring-jdbc-6.1.6.jar!/:6.1.6]
	at org.springframework.jdbc.core.JdbcTemplate.query(JdbcTemplate.java:486) ~[spring-jdbc-6.1.6.jar!/:6.1.6]
	at org.springframework.jdbc.core.JdbcTemplate.queryForList(JdbcTemplate.java:536) ~[spring-jdbc-6.1.6.jar!/:6.1.6]
	at com.monitor.invoices.MonitorRepository.getExpiringResolutions(MonitorRepository.java:167) ~[!/:1.0.0]
	at jdk.internal.reflect.GeneratedMethodAccessor4.invoke(Unknown Source) ~[na:na]
	at java.base/jdk.internal.reflect.DelegatingMethodAccessorImpl.invoke(DelegatingMethodAccessorImpl.java:43) ~[na:na]
	at java.base/java.lang.reflect.Method.invoke(Method.java:568) ~[na:na]
	at org.springframework.aop.support.AopUtils.invokeJoinpointUsingReflection(AopUtils.java:354) ~[spring-aop-6.1.6.jar!/:6.1.6]
	at org.springframework.aop.framework.ReflectiveMethodInvocation.invokeJoinpoint(ReflectiveMethodInvocation.java:196) ~[spring-aop-6.1.6.jar!/:6.1.6]
	at org.springframework.aop.framework.ReflectiveMethodInvocation.proceed(ReflectiveMethodInvocation.java:163) ~[spring-aop-6.1.6.jar!/:6.1.6]
	at org.springframework.aop.framework.CglibAopProxy$CglibMethodInvocation.proceed(CglibAopProxy.java:768) ~[spring-aop-6.1.6.jar!/:6.1.6]
	at org.springframework.dao.support.PersistenceExceptionTranslationInterceptor.invoke(PersistenceExceptionTranslationInterceptor.java:137) ~[spring-tx-6.1.6.jar!/:6.1.6]
	at org.springframework.aop.framework.ReflectiveMethodInvocation.proceed(ReflectiveMethodInvocation.java:184) ~[spring-aop-6.1.6.jar!/:6.1.6]
	at org.springframework.aop.framework.CglibAopProxy$CglibMethodInvocation.proceed(CglibAopProxy.java:768) ~[spring-aop-6.1.6.jar!/:6.1.6]
	at org.springframework.aop.framework.CglibAopProxy$DynamicAdvisedInterceptor.intercept(CglibAopProxy.java:720) ~[spring-aop-6.1.6.jar!/:6.1.6]
	at com.monitor.invoices.MonitorRepository$$SpringCGLIB$$0.getExpiringResolutions(<generated>) ~[!/:1.0.0]
	at com.monitor.invoices.ResolutionMonitorJob.monitorExpiringResolutions(ResolutionMonitorJob.java:41) ~[!/:1.0.0]
	at jdk.internal.reflect.GeneratedMethodAccessor3.invoke(Unknown Source) ~[na:na]
	at java.base/jdk.internal.reflect.DelegatingMethodAccessorImpl.invoke(DelegatingMethodAccessorImpl.java:43) ~[na:na]
	at java.base/java.lang.reflect.Method.invoke(Method.java:568) ~[na:na]
	at org.springframework.scheduling.support.ScheduledMethodRunnable.runInternal(ScheduledMethodRunnable.java:130) ~[spring-context-6.1.6.jar!/:6.1.6]
	at org.springframework.scheduling.support.ScheduledMethodRunnable.lambda$run$2(ScheduledMethodRunnable.java:124) ~[spring-context-6.1.6.jar!/:6.1.6]
	at io.micrometer.observation.Observation.observe(Observation.java:499) ~[micrometer-observation-1.12.5.jar!/:1.12.5]
	at org.springframework.scheduling.support.ScheduledMethodRunnable.run(ScheduledMethodRunnable.java:124) ~[spring-context-6.1.6.jar!/:6.1.6]
	at org.springframework.scheduling.support.DelegatingErrorHandlingRunnable.run(DelegatingErrorHandlingRunnable.java:54) ~[spring-context-6.1.6.jar!/:6.1.6]
	at org.springframework.scheduling.concurrent.ReschedulingRunnable.run(ReschedulingRunnable.java:96) ~[spring-context-6.1.6.jar!/:6.1.6]
	at java.base/java.util.concurrent.Executors$RunnableAdapter.call(Executors.java:539) ~[na:na]
	at java.base/java.util.concurrent.FutureTask.run(FutureTask.java:264) ~[na:na]
	at java.base/java.util.concurrent.ScheduledThreadPoolExecutor$ScheduledFutureTask.run(ScheduledThreadPoolExecutor.java:304) ~[na:na]
	at java.base/java.util.concurrent.ThreadPoolExecutor.runWorker(ThreadPoolExecutor.java:1136) ~[na:na]
	at java.base/java.util.concurrent.ThreadPoolExecutor$Worker.run(ThreadPoolExecutor.java:635) ~[na:na]
	at java.base/java.lang.Thread.run(Thread.java:833) ~[na:na]
Caused by: org.postgresql.util.PSQLException: Multiple ResultSets were returned by the query.
	at org.postgresql.jdbc.PgStatement.getSingleResultSet(PgStatement.java:259) ~[postgresql-42.6.2.jar!/:42.6.2]
	at org.postgresql.jdbc.PgStatement.executeQuery(PgStatement.java:250) ~[postgresql-42.6.2.jar!/:42.6.2]
	at com.zaxxer.hikari.pool.ProxyStatement.executeQuery(ProxyStatement.java:110) ~[HikariCP-5.0.1.jar!/:na]
	at com.zaxxer.hikari.pool.HikariProxyStatement.executeQuery(HikariProxyStatement.java) ~[HikariCP-5.0.1.jar!/:na]
	at org.springframework.jdbc.core.JdbcTemplate$1QueryStatementCallback.doInStatement(JdbcTemplate.java:463) ~[spring-jdbc-6.1.6.jar!/:6.1.6]
	at org.springframework.jdbc.core.JdbcTemplate.execute(JdbcTemplate.java:393) ~[spring-jdbc-6.1.6.jar!/:6.1.6]
	... 32 common frames omitted

2026-09-07T03:12:58.566-05:00  INFO 23972 --- [Invoice Monitor - Gastoncito] [scheduling-1] c.monitor.invoices.ResolutionMonitorJob  : Monitoreo finalizado.
2026-09-07T03:12:58.566-05:00  INFO 23972 --- [Invoice Monitor - Gastoncito] [scheduling-1] c.monitor.invoices.ResolutionMonitorJob  : ============================================================
2026-09-07T03:20:00.005-05:00  INFO 23972 --- [Invoice Monitor - Gastoncito] [scheduling-1] c.monitor.invoices.ResolutionMonitorJob  : ============================================================
2026-09-07T03:20:00.005-05:00  INFO 23972 --- [Invoice Monitor - Gastoncito] [scheduling-1] c.monitor.invoices.ResolutionMonitorJob  : Iniciando monitoreo de resoluciones por vencerse...
2026-09-07T03:20:00.006-05:00  WARN 23972 --- [Invoice Monitor - Gastoncito] [scheduling-1] com.zaxxer.hikari.pool.PoolBase          : HikariPool-1 - Failed to validate connection org.postgresql.jdbc.PgConnection@49efc7b6 (This connection has been closed.). Possibly consider using a shorter maxLifetime value.
2026-09-07T03:20:00.006-05:00  WARN 23972 --- [Invoice Monitor - Gastoncito] [scheduling-1] com.zaxxer.hikari.pool.PoolBase          : HikariPool-1 - Failed to validate connection org.postgresql.jdbc.PgConnection@7cb3d1e4 (This connection has been closed.). Possibly consider using a shorter maxLifetime value.
2026-09-07T03:20:00.007-05:00  WARN 23972 --- [Invoice Monitor - Gastoncito] [scheduling-1] com.zaxxer.hikari.pool.PoolBase          : HikariPool-1 - Failed to validate connection org.postgresql.jdbc.PgConnection@3eafb444 (This connection has been closed.). Possibly consider using a shorter maxLifetime value.
2026-09-07T03:20:00.007-05:00  WARN 23972 --- [Invoice Monitor - Gastoncito] [scheduling-1] com.zaxxer.hikari.pool.PoolBase          : HikariPool-1 - Failed to validate connection org.postgresql.jdbc.PgConnection@9ca1650 (This connection has been closed.). Possibly consider using a shorter maxLifetime value.
2026-09-07T03:20:00.007-05:00  WARN 23972 --- [Invoice Monitor - Gastoncito] [scheduling-1] com.zaxxer.hikari.pool.PoolBase          : HikariPool-1 - Failed to validate connection org.postgresql.jdbc.PgConnection@2b251fae (This connection has been closed.). Possibly consider using a shorter maxLifetime value.
2026-09-07T03:20:01.299-05:00  INFO 23972 --- [Invoice Monitor - Gastoncito] [scheduling-1] c.monitor.invoices.ResolutionMonitorJob  : ? No hay alertas de resoluciones por enviar en este momento.
2026-09-07T03:20:01.299-05:00  INFO 23972 --- [Invoice Monitor - Gastoncito] [scheduling-1] c.monitor.invoices.ResolutionMonitorJob  : Monitoreo finalizado.
2026-09-07T03:20:01.299-05:00  INFO 23972 --- [Invoice Monitor - Gastoncito] [scheduling-1] c.monitor.invoices.ResolutionMonitorJob  : ============================================================
2026-09-07T03:30:00.004-05:00  INFO 23972 --- [Invoice Monitor - Gastoncito] [scheduling-1] c.monitor.invoices.ResolutionMonitorJob  : ============================================================
2026-09-07T03:30:00.004-05:00  INFO 23972 --- [Invoice Monitor - Gastoncito] [scheduling-1] c.monitor.invoices.ResolutionMonitorJob  : Iniciando monitoreo de resoluciones por vencerse...
2026-09-07T03:30:00.005-05:00  WARN 23972 --- [Invoice Monitor - Gastoncito] [scheduling-1] com.zaxxer.hikari.pool.PoolBase          : HikariPool-1 - Failed to validate connection org.postgresql.jdbc.PgConnection@49fbc7df (This connection has been closed.). Possibly consider using a shorter maxLifetime value.
2026-09-07T03:30:00.005-05:00  WARN 23972 --- [Invoice Monitor - Gastoncito] [scheduling-1] com.zaxxer.hikari.pool.PoolBase          : HikariPool-1 - Failed to validate connection org.postgresql.jdbc.PgConnection@5314b8a0 (This connection has been closed.). Possibly consider using a shorter maxLifetime value.
2026-09-07T03:30:00.005-05:00  WARN 23972 --- [Invoice Monitor - Gastoncito] [scheduling-1] com.zaxxer.hikari.pool.PoolBase          : HikariPool-1 - Failed to validate connection org.postgresql.jdbc.PgConnection@504f1503 (This connection has been closed.). Possibly consider using a shorter maxLifetime value.
2026-09-07T03:30:00.006-05:00  WARN 23972 --- [Invoice Monitor - Gastoncito] [scheduling-1] com.zaxxer.hikari.pool.PoolBase          : HikariPool-1 - Failed to validate connection org.postgresql.jdbc.PgConnection@471de5ea (This connection has been closed.). Possibly consider using a shorter maxLifetime value.
2026-09-07T03:30:00.006-05:00  WARN 23972 --- [Invoice Monitor - Gastoncito] [scheduling-1] com.zaxxer.hikari.pool.PoolBase          : HikariPool-1 - Failed to validate connection org.postgresql.jdbc.PgConnection@67b126ee (This connection has been closed.). Possibly consider using a shorter maxLifetime value.
2026-09-07T03:30:01.320-05:00  INFO 23972 --- [Invoice Monitor - Gastoncito] [scheduling-1] c.monitor.invoices.ResolutionMonitorJob  : ? No hay alertas de resoluciones por enviar en este momento.
2026-09-07T03:30:01.321-05:00  INFO 23972 --- [Invoice Monitor - Gastoncito] [scheduling-1] c.monitor.invoices.ResolutionMonitorJob  : Monitoreo finalizado.
2026-09-07T03:30:01.321-05:00  INFO 23972 --- [Invoice Monitor - Gastoncito] [scheduling-1] c.monitor.invoices.ResolutionMonitorJob  : ============================================================
2026-09-07T03:40:00.004-05:00  INFO 23972 --- [Invoice Monitor - Gastoncito] [scheduling-1] c.monitor.invoices.ResolutionMonitorJob  : ============================================================
2026-09-07T03:40:00.004-05:00  INFO 23972 --- [Invoice Monitor - Gastoncito] [scheduling-1] c.monitor.invoices.ResolutionMonitorJob  : Iniciando monitoreo de resoluciones por vencerse...
2026-09-07T03:40:00.004-05:00  WARN 23972 --- [Invoice Monitor - Gastoncito] [scheduling-1] com.zaxxer.hikari.pool.PoolBase          : HikariPool-1 - Failed to validate connection org.postgresql.jdbc.PgConnection@11164300 (This connection has been closed.). Possibly consider using a shorter maxLifetime value.
2026-09-07T03:40:00.005-05:00  WARN 23972 --- [Invoice Monitor - Gastoncito] [scheduling-1] com.zaxxer.hikari.pool.PoolBase          : HikariPool-1 - Failed to validate connection org.postgresql.jdbc.PgConnection@11c32b48 (This connection has been closed.). Possibly consider using a shorter maxLifetime value.
2026-09-07T03:40:00.006-05:00  WARN 23972 --- [Invoice Monitor - Gastoncito] [scheduling-1] com.zaxxer.hikari.pool.PoolBase          : HikariPool-1 - Failed to validate connection org.postgresql.jdbc.PgConnection@7fabf9c8 (This connection has been closed.). Possibly consider using a shorter maxLifetime value.
2026-09-07T03:40:00.006-05:00  WARN 23972 --- [Invoice Monitor - Gastoncito] [scheduling-1] com.zaxxer.hikari.pool.PoolBase          : HikariPool-1 - Failed to validate connection org.postgresql.jdbc.PgConnection@5c06ab7e (This connection has been closed.). Possibly consider using a shorter maxLifetime value.
2026-09-07T03:40:00.007-05:00  WARN 23972 --- [Invoice Monitor - Gastoncito] [scheduling-1] com.zaxxer.hikari.pool.PoolBase          : HikariPool-1 - Failed to validate connection org.postgresql.jdbc.PgConnection@2872eb19 (This connection has been closed.). Possibly consider using a shorter maxLifetime value.
2026-09-07T03:40:01.294-05:00  INFO 23972 --- [Invoice Monitor - Gastoncito] [scheduling-1] c.monitor.invoices.ResolutionMonitorJob  : ? No hay alertas de resoluciones por enviar en este momento.
2026-09-07T03:40:01.294-05:00  INFO 23972 --- [Invoice Monitor - Gastoncito] [scheduling-1] c.monitor.invoices.ResolutionMonitorJob  : Monitoreo finalizado.
2026-09-07T03:40:01.294-05:00  INFO 23972 --- [Invoice Monitor - Gastoncito] [scheduling-1] c.monitor.invoices.ResolutionMonitorJob  : ============================================================
2026-09-07T03:50:00.004-05:00  INFO 23972 --- [Invoice Monitor - Gastoncito] [scheduling-1] c.monitor.invoices.ResolutionMonitorJob  : ============================================================
2026-09-07T03:50:00.004-05:00  INFO 23972 --- [Invoice Monitor - Gastoncito] [scheduling-1] c.monitor.invoices.ResolutionMonitorJob  : Iniciando monitoreo de resoluciones por vencerse...
2026-09-07T03:50:00.005-05:00  WARN 23972 --- [Invoice Monitor - Gastoncito] [scheduling-1] com.zaxxer.hikari.pool.PoolBase          : HikariPool-1 - Failed to validate connection org.postgresql.jdbc.PgConnection@26c459 (This connection has been closed.). Possibly consider using a shorter maxLifetime value.
2026-09-07T03:50:00.006-05:00  WARN 23972 --- [Invoice Monitor - Gastoncito] [scheduling-1] com.zaxxer.hikari.pool.PoolBase          : HikariPool-1 - Failed to validate connection org.postgresql.jdbc.PgConnection@5607c660 (This connection has been closed.). Possibly consider using a shorter maxLifetime value.
2026-09-07T03:50:00.006-05:00  WARN 23972 --- [Invoice Monitor - Gastoncito] [scheduling-1] com.zaxxer.hikari.pool.PoolBase          : HikariPool-1 - Failed to validate connection org.postgresql.jdbc.PgConnection@6e3de238 (This connection has been closed.). Possibly consider using a shorter maxLifetime value.
2026-09-07T03:50:00.007-05:00  WARN 23972 --- [Invoice Monitor - Gastoncito] [scheduling-1] com.zaxxer.hikari.pool.PoolBase          : HikariPool-1 - Failed to validate connection org.postgresql.jdbc.PgConnection@580ff7aa (This connection has been closed.). Possibly consider using a shorter maxLifetime value.
2026-09-07T03:50:00.007-05:00  WARN 23972 --- [Invoice Monitor - Gastoncito] [scheduling-1] com.zaxxer.hikari.pool.PoolBase          : HikariPool-1 - Failed to validate connection org.postgresql.jdbc.PgConnection@27f1efd1 (This connection has been closed.). Possibly consider using a shorter maxLifetime value.
2026-09-07T03:50:01.304-05:00  INFO 23972 --- [Invoice Monitor - Gastoncito] [scheduling-1] c.monitor.invoices.ResolutionMonitorJob  : ? No hay alertas de resoluciones por enviar en este momento.
2026-09-07T03:50:01.304-05:00  INFO 23972 --- [Invoice Monitor - Gastoncito] [scheduling-1] c.monitor.invoices.ResolutionMonitorJob  : Monitoreo finalizado.
2026-09-07T03:50:01.304-05:00  INFO 23972 --- [Invoice Monitor - Gastoncito] [scheduling-1] c.monitor.invoices.ResolutionMonitorJob  : ============================================================
2026-09-07T04:00:00.004-05:00  INFO 23972 --- [Invoice Monitor - Gastoncito] [scheduling-1] com.monitor.invoices.InvoiceMonitorJob   : ============================================================
2026-09-07T04:00:00.004-05:00  INFO 23972 --- [Invoice Monitor - Gastoncito] [scheduling-1] com.monitor.invoices.InvoiceMonitorJob   : Iniciando monitoreo de facturas faltantes (Flujo en 2 pasos)...
2026-09-07T04:00:00.004-05:00  INFO 23972 --- [Invoice Monitor - Gastoncito] [scheduling-1] com.monitor.invoices.InvoiceMonitorJob   : Consultando faltantes desde: 2026-08-25 00:00:00
2026-09-07T04:00:00.004-05:00  INFO 23972 --- [Invoice Monitor - Gastoncito] [scheduling-1] com.monitor.invoices.InvoiceMonitorJob   : Paso 1: Insertando datos en invoice_control...
2026-09-07T04:00:00.005-05:00  WARN 23972 --- [Invoice Monitor - Gastoncito] [scheduling-1] com.zaxxer.hikari.pool.PoolBase          : HikariPool-1 - Failed to validate connection org.postgresql.jdbc.PgConnection@4fad1989 (This connection has been closed.). Possibly consider using a shorter maxLifetime value.
2026-09-07T04:00:00.005-05:00  WARN 23972 --- [Invoice Monitor - Gastoncito] [scheduling-1] com.zaxxer.hikari.pool.PoolBase          : HikariPool-1 - Failed to validate connection org.postgresql.jdbc.PgConnection@699502bb (This connection has been closed.). Possibly consider using a shorter maxLifetime value.
2026-09-07T04:00:00.006-05:00  WARN 23972 --- [Invoice Monitor - Gastoncito] [scheduling-1] com.zaxxer.hikari.pool.PoolBase          : HikariPool-1 - Failed to validate connection org.postgresql.jdbc.PgConnection@41b2f73f (This connection has been closed.). Possibly consider using a shorter maxLifetime value.
2026-09-07T04:00:00.006-05:00  WARN 23972 --- [Invoice Monitor - Gastoncito] [scheduling-1] com.zaxxer.hikari.pool.PoolBase          : HikariPool-1 - Failed to validate connection org.postgresql.jdbc.PgConnection@66f4cfd1 (This connection has been closed.). Possibly consider using a shorter maxLifetime value.
2026-09-07T04:00:00.006-05:00  WARN 23972 --- [Invoice Monitor - Gastoncito] [scheduling-1] com.zaxxer.hikari.pool.PoolBase          : HikariPool-1 - Failed to validate connection org.postgresql.jdbc.PgConnection@28c99e47 (This connection has been closed.). Possibly consider using a shorter maxLifetime value.
2026-09-07T04:04:44.313-05:00  INFO 23972 --- [Invoice Monitor - Gastoncito] [scheduling-1] com.monitor.invoices.InvoiceMonitorJob   : Paso 2: Consultando faltantes...
2026-09-07T04:11:08.889-05:00 ERROR 23972 --- [Invoice Monitor - Gastoncito] [scheduling-1] o.s.s.s.TaskUtils$LoggingErrorHandler    : Unexpected error occurred in scheduled task

java.lang.OutOfMemoryError: Java heap space

2026-09-07T04:11:08.892-05:00  INFO 23972 --- [Invoice Monitor - Gastoncito] [scheduling-1] c.monitor.invoices.ResolutionMonitorJob  : ============================================================
2026-09-07T04:11:08.892-05:00  INFO 23972 --- [Invoice Monitor - Gastoncito] [scheduling-1] c.monitor.invoices.ResolutionMonitorJob  : Iniciando monitoreo de resoluciones por vencerse...
2026-09-07T04:13:05.821-05:00 ERROR 23972 --- [Invoice Monitor - Gastoncito] [scheduling-1] c.monitor.invoices.ResolutionMonitorJob  : ? Error ejecutando la consulta de resoluciones por vencerse: StatementCallback; SQL [SELECT
    e.company,
    c."name" AS company_name,
    e.code AS enumeration_code,
    e.initial_date,
    e.final_date,
    e.current_value,
    e.final_value,
    (e.final_date::date - CURRENT_DATE) AS date_difference_days,
    (e.current_value - e.final_value) AS TOTAL
FROM billing.enumeration e
INNER JOIN  core.company c ON e.company = c.code
INNER JOIN billing.resolution r ON r.enumeration = e.code
INNER JOIN machine.device d ON r.device = d.code
WHERE d.device_type = '1322'
AND e.status = 'A'
AND c.status = 'A'
ORDER BY date_difference_days ASC
]; Multiple ResultSets were returned by the query.

org.springframework.dao.DataIntegrityViolationException: StatementCallback; SQL [SELECT
    e.company,
    c."name" AS company_name,
    e.code AS enumeration_code,
    e.initial_date,
    e.final_date,
    e.current_value,
    e.final_value,
    (e.final_date::date - CURRENT_DATE) AS date_difference_days,
    (e.current_value - e.final_value) AS TOTAL
FROM billing.enumeration e
INNER JOIN  core.company c ON e.company = c.code
INNER JOIN billing.resolution r ON r.enumeration = e.code
INNER JOIN machine.device d ON r.device = d.code
WHERE d.device_type = '1322'
AND e.status = 'A'
AND c.status = 'A'
ORDER BY date_difference_days ASC
]; Multiple ResultSets were returned by the query.
	at org.springframework.jdbc.support.SQLStateSQLExceptionTranslator.doTranslate(SQLStateSQLExceptionTranslator.java:118) ~[spring-jdbc-6.1.6.jar!/:6.1.6]
	at org.springframework.jdbc.support.AbstractFallbackSQLExceptionTranslator.translate(AbstractFallbackSQLExceptionTranslator.java:107) ~[spring-jdbc-6.1.6.jar!/:6.1.6]
	at org.springframework.jdbc.support.AbstractFallbackSQLExceptionTranslator.translate(AbstractFallbackSQLExceptionTranslator.java:116) ~[spring-jdbc-6.1.6.jar!/:6.1.6]
	at org.springframework.jdbc.core.JdbcTemplate.translateException(JdbcTemplate.java:1548) ~[spring-jdbc-6.1.6.jar!/:6.1.6]
	at org.springframework.jdbc.core.JdbcTemplate.execute(JdbcTemplate.java:408) ~[spring-jdbc-6.1.6.jar!/:6.1.6]
	at org.springframework.jdbc.core.JdbcTemplate.query(JdbcTemplate.java:476) ~[spring-jdbc-6.1.6.jar!/:6.1.6]
	at org.springframework.jdbc.core.JdbcTemplate.query(JdbcTemplate.java:486) ~[spring-jdbc-6.1.6.jar!/:6.1.6]
	at org.springframework.jdbc.core.JdbcTemplate.queryForList(JdbcTemplate.java:536) ~[spring-jdbc-6.1.6.jar!/:6.1.6]
	at com.monitor.invoices.MonitorRepository.getExpiringResolutions(MonitorRepository.java:167) ~[!/:1.0.0]
	at jdk.internal.reflect.GeneratedMethodAccessor4.invoke(Unknown Source) ~[na:na]
	at java.base/jdk.internal.reflect.DelegatingMethodAccessorImpl.invoke(DelegatingMethodAccessorImpl.java:43) ~[na:na]
	at java.base/java.lang.reflect.Method.invoke(Method.java:568) ~[na:na]
	at org.springframework.aop.support.AopUtils.invokeJoinpointUsingReflection(AopUtils.java:354) ~[spring-aop-6.1.6.jar!/:6.1.6]
	at org.springframework.aop.framework.ReflectiveMethodInvocation.invokeJoinpoint(ReflectiveMethodInvocation.java:196) ~[spring-aop-6.1.6.jar!/:6.1.6]
	at org.springframework.aop.framework.ReflectiveMethodInvocation.proceed(ReflectiveMethodInvocation.java:163) ~[spring-aop-6.1.6.jar!/:6.1.6]
	at org.springframework.aop.framework.CglibAopProxy$CglibMethodInvocation.proceed(CglibAopProxy.java:768) ~[spring-aop-6.1.6.jar!/:6.1.6]
	at org.springframework.dao.support.PersistenceExceptionTranslationInterceptor.invoke(PersistenceExceptionTranslationInterceptor.java:137) ~[spring-tx-6.1.6.jar!/:6.1.6]
	at org.springframework.aop.framework.ReflectiveMethodInvocation.proceed(ReflectiveMethodInvocation.java:184) ~[spring-aop-6.1.6.jar!/:6.1.6]
	at org.springframework.aop.framework.CglibAopProxy$CglibMethodInvocation.proceed(CglibAopProxy.java:768) ~[spring-aop-6.1.6.jar!/:6.1.6]
	at org.springframework.aop.framework.CglibAopProxy$DynamicAdvisedInterceptor.intercept(CglibAopProxy.java:720) ~[spring-aop-6.1.6.jar!/:6.1.6]
	at com.monitor.invoices.MonitorRepository$$SpringCGLIB$$0.getExpiringResolutions(<generated>) ~[!/:1.0.0]
	at com.monitor.invoices.ResolutionMonitorJob.monitorExpiringResolutions(ResolutionMonitorJob.java:41) ~[!/:1.0.0]
	at jdk.internal.reflect.GeneratedMethodAccessor3.invoke(Unknown Source) ~[na:na]
	at java.base/jdk.internal.reflect.DelegatingMethodAccessorImpl.invoke(DelegatingMethodAccessorImpl.java:43) ~[na:na]
	at java.base/java.lang.reflect.Method.invoke(Method.java:568) ~[na:na]
	at org.springframework.scheduling.support.ScheduledMethodRunnable.runInternal(ScheduledMethodRunnable.java:130) ~[spring-context-6.1.6.jar!/:6.1.6]
	at org.springframework.scheduling.support.ScheduledMethodRunnable.lambda$run$2(ScheduledMethodRunnable.java:124) ~[spring-context-6.1.6.jar!/:6.1.6]
	at io.micrometer.observation.Observation.observe(Observation.java:499) ~[micrometer-observation-1.12.5.jar!/:1.12.5]
	at org.springframework.scheduling.support.ScheduledMethodRunnable.run(ScheduledMethodRunnable.java:124) ~[spring-context-6.1.6.jar!/:6.1.6]
	at org.springframework.scheduling.support.DelegatingErrorHandlingRunnable.run(DelegatingErrorHandlingRunnable.java:54) ~[spring-context-6.1.6.jar!/:6.1.6]
	at org.springframework.scheduling.concurrent.ReschedulingRunnable.run(ReschedulingRunnable.java:96) ~[spring-context-6.1.6.jar!/:6.1.6]
	at java.base/java.util.concurrent.Executors$RunnableAdapter.call(Executors.java:539) ~[na:na]
	at java.base/java.util.concurrent.FutureTask.run(FutureTask.java:264) ~[na:na]
	at java.base/java.util.concurrent.ScheduledThreadPoolExecutor$ScheduledFutureTask.run(ScheduledThreadPoolExecutor.java:304) ~[na:na]
	at java.base/java.util.concurrent.ThreadPoolExecutor.runWorker(ThreadPoolExecutor.java:1136) ~[na:na]
	at java.base/java.util.concurrent.ThreadPoolExecutor$Worker.run(ThreadPoolExecutor.java:635) ~[na:na]
	at java.base/java.lang.Thread.run(Thread.java:833) ~[na:na]
Caused by: org.postgresql.util.PSQLException: Multiple ResultSets were returned by the query.
	at org.postgresql.jdbc.PgStatement.getSingleResultSet(PgStatement.java:259) ~[postgresql-42.6.2.jar!/:42.6.2]
	at org.postgresql.jdbc.PgStatement.executeQuery(PgStatement.java:250) ~[postgresql-42.6.2.jar!/:42.6.2]
	at com.zaxxer.hikari.pool.ProxyStatement.executeQuery(ProxyStatement.java:110) ~[HikariCP-5.0.1.jar!/:na]
	at com.zaxxer.hikari.pool.HikariProxyStatement.executeQuery(HikariProxyStatement.java) ~[HikariCP-5.0.1.jar!/:na]
	at org.springframework.jdbc.core.JdbcTemplate$1QueryStatementCallback.doInStatement(JdbcTemplate.java:463) ~[spring-jdbc-6.1.6.jar!/:6.1.6]
	at org.springframework.jdbc.core.JdbcTemplate.execute(JdbcTemplate.java:393) ~[spring-jdbc-6.1.6.jar!/:6.1.6]
	... 32 common frames omitted

2026-09-07T04:13:05.824-05:00  INFO 23972 --- [Invoice Monitor - Gastoncito] [scheduling-1] c.monitor.invoices.ResolutionMonitorJob  : Monitoreo finalizado.
2026-09-07T04:13:05.824-05:00  INFO 23972 --- [Invoice Monitor - Gastoncito] [scheduling-1] c.monitor.invoices.ResolutionMonitorJob  : ============================================================
2026-09-07T04:20:00.012-05:00  INFO 23972 --- [Invoice Monitor - Gastoncito] [scheduling-1] c.monitor.invoices.ResolutionMonitorJob  : ============================================================
2026-09-07T04:20:00.012-05:00  INFO 23972 --- [Invoice Monitor - Gastoncito] [scheduling-1] c.monitor.invoices.ResolutionMonitorJob  : Iniciando monitoreo de resoluciones por vencerse...
2026-09-07T04:20:00.013-05:00  WARN 23972 --- [Invoice Monitor - Gastoncito] [scheduling-1] com.zaxxer.hikari.pool.PoolBase          : HikariPool-1 - Failed to validate connection org.postgresql.jdbc.PgConnection@7f9f1242 (This connection has been closed.). Possibly consider using a shorter maxLifetime value.
2026-09-07T04:20:00.013-05:00  WARN 23972 --- [Invoice Monitor - Gastoncito] [scheduling-1] com.zaxxer.hikari.pool.PoolBase          : HikariPool-1 - Failed to validate connection org.postgresql.jdbc.PgConnection@34eebb2e (This connection has been closed.). Possibly consider using a shorter maxLifetime value.
2026-09-07T04:20:00.013-05:00  WARN 23972 --- [Invoice Monitor - Gastoncito] [scheduling-1] com.zaxxer.hikari.pool.PoolBase          : HikariPool-1 - Failed to validate connection org.postgresql.jdbc.PgConnection@256b9125 (This connection has been closed.). Possibly consider using a shorter maxLifetime value.
2026-09-07T04:20:00.014-05:00  WARN 23972 --- [Invoice Monitor - Gastoncito] [scheduling-1] com.zaxxer.hikari.pool.PoolBase          : HikariPool-1 - Failed to validate connection org.postgresql.jdbc.PgConnection@22e19ac8 (This connection has been closed.). Possibly consider using a shorter maxLifetime value.
2026-09-07T04:20:00.014-05:00  WARN 23972 --- [Invoice Monitor - Gastoncito] [scheduling-1] com.zaxxer.hikari.pool.PoolBase          : HikariPool-1 - Failed to validate connection org.postgresql.jdbc.PgConnection@3d3c4cc4 (This connection has been closed.). Possibly consider using a shorter maxLifetime value.
2026-09-07T04:20:01.301-05:00  INFO 23972 --- [Invoice Monitor - Gastoncito] [scheduling-1] c.monitor.invoices.ResolutionMonitorJob  : ? No hay alertas de resoluciones por enviar en este momento.
2026-09-07T04:20:01.301-05:00  INFO 23972 --- [Invoice Monitor - Gastoncito] [scheduling-1] c.monitor.invoices.ResolutionMonitorJob  : Monitoreo finalizado.
2026-09-07T04:20:01.301-05:00  INFO 23972 --- [Invoice Monitor - Gastoncito] [scheduling-1] c.monitor.invoices.ResolutionMonitorJob  : ============================================================
2026-09-07T04:30:00.012-05:00  INFO 23972 --- [Invoice Monitor - Gastoncito] [scheduling-1] c.monitor.invoices.ResolutionMonitorJob  : ============================================================
2026-09-07T04:30:00.012-05:00  INFO 23972 --- [Invoice Monitor - Gastoncito] [scheduling-1] c.monitor.invoices.ResolutionMonitorJob  : Iniciando monitoreo de resoluciones por vencerse...
2026-09-07T04:30:00.013-05:00  WARN 23972 --- [Invoice Monitor - Gastoncito] [scheduling-1] com.zaxxer.hikari.pool.PoolBase          : HikariPool-1 - Failed to validate connection org.postgresql.jdbc.PgConnection@7c4aa786 (This connection has been closed.). Possibly consider using a shorter maxLifetime value.
2026-09-07T04:30:00.013-05:00  WARN 23972 --- [Invoice Monitor - Gastoncito] [scheduling-1] com.zaxxer.hikari.pool.PoolBase          : HikariPool-1 - Failed to validate connection org.postgresql.jdbc.PgConnection@2b481e3b (This connection has been closed.). Possibly consider using a shorter maxLifetime value.
2026-09-07T04:30:00.014-05:00  WARN 23972 --- [Invoice Monitor - Gastoncito] [scheduling-1] com.zaxxer.hikari.pool.PoolBase          : HikariPool-1 - Failed to validate connection org.postgresql.jdbc.PgConnection@744d2dfa (This connection has been closed.). Possibly consider using a shorter maxLifetime value.
2026-09-07T04:30:00.014-05:00  WARN 23972 --- [Invoice Monitor - Gastoncito] [scheduling-1] com.zaxxer.hikari.pool.PoolBase          : HikariPool-1 - Failed to validate connection org.postgresql.jdbc.PgConnection@5d92c262 (This connection has been closed.). Possibly consider using a shorter maxLifetime value.
2026-09-07T04:30:00.014-05:00  WARN 23972 --- [Invoice Monitor - Gastoncito] [scheduling-1] com.zaxxer.hikari.pool.PoolBase          : HikariPool-1 - Failed to validate connection org.postgresql.jdbc.PgConnection@57556f38 (This connection has been closed.). Possibly consider using a shorter maxLifetime value.
2026-09-07T04:30:01.344-05:00  INFO 23972 --- [Invoice Monitor - Gastoncito] [scheduling-1] c.monitor.invoices.ResolutionMonitorJob  : ? No hay alertas de resoluciones por enviar en este momento.
2026-09-07T04:30:01.344-05:00  INFO 23972 --- [Invoice Monitor - Gastoncito] [scheduling-1] c.monitor.invoices.ResolutionMonitorJob  : Monitoreo finalizado.
2026-09-07T04:30:01.345-05:00  INFO 23972 --- [Invoice Monitor - Gastoncito] [scheduling-1] c.monitor.invoices.ResolutionMonitorJob  : ============================================================
2026-09-07T04:40:00.001-05:00  INFO 23972 --- [Invoice Monitor - Gastoncito] [scheduling-1] c.monitor.invoices.ResolutionMonitorJob  : ============================================================
2026-09-07T04:40:00.001-05:00  INFO 23972 --- [Invoice Monitor - Gastoncito] [scheduling-1] c.monitor.invoices.ResolutionMonitorJob  : Iniciando monitoreo de resoluciones por vencerse...
2026-09-07T04:40:00.003-05:00  WARN 23972 --- [Invoice Monitor - Gastoncito] [scheduling-1] com.zaxxer.hikari.pool.PoolBase          : HikariPool-1 - Failed to validate connection org.postgresql.jdbc.PgConnection@3c870a2f (This connection has been closed.). Possibly consider using a shorter maxLifetime value.
2026-09-07T04:40:00.003-05:00  WARN 23972 --- [Invoice Monitor - Gastoncito] [scheduling-1] com.zaxxer.hikari.pool.PoolBase          : HikariPool-1 - Failed to validate connection org.postgresql.jdbc.PgConnection@6a72853f (This connection has been closed.). Possibly consider using a shorter maxLifetime value.
2026-09-07T04:40:00.003-05:00  WARN 23972 --- [Invoice Monitor - Gastoncito] [scheduling-1] com.zaxxer.hikari.pool.PoolBase          : HikariPool-1 - Failed to validate connection org.postgresql.jdbc.PgConnection@16221be6 (This connection has been closed.). Possibly consider using a shorter maxLifetime value.
2026-09-07T04:40:00.004-05:00  WARN 23972 --- [Invoice Monitor - Gastoncito] [scheduling-1] com.zaxxer.hikari.pool.PoolBase          : HikariPool-1 - Failed to validate connection org.postgresql.jdbc.PgConnection@1270ad7f (This connection has been closed.). Possibly consider using a shorter maxLifetime value.
2026-09-07T04:40:00.004-05:00  WARN 23972 --- [Invoice Monitor - Gastoncito] [scheduling-1] com.zaxxer.hikari.pool.PoolBase          : HikariPool-1 - Failed to validate connection org.postgresql.jdbc.PgConnection@75ba008b (This connection has been closed.). Possibly consider using a shorter maxLifetime value.
2026-09-07T04:40:01.434-05:00  INFO 23972 --- [Invoice Monitor - Gastoncito] [scheduling-1] c.monitor.invoices.ResolutionMonitorJob  : ? No hay alertas de resoluciones por enviar en este momento.
2026-09-07T04:40:01.434-05:00  INFO 23972 --- [Invoice Monitor - Gastoncito] [scheduling-1] c.monitor.invoices.ResolutionMonitorJob  : Monitoreo finalizado.
2026-09-07T04:40:01.434-05:00  INFO 23972 --- [Invoice Monitor - Gastoncito] [scheduling-1] c.monitor.invoices.ResolutionMonitorJob  : ============================================================
2026-09-07T04:50:00.014-05:00  INFO 23972 --- [Invoice Monitor - Gastoncito] [scheduling-1] c.monitor.invoices.ResolutionMonitorJob  : ============================================================
2026-09-07T04:50:00.014-05:00  INFO 23972 --- [Invoice Monitor - Gastoncito] [scheduling-1] c.monitor.invoices.ResolutionMonitorJob  : Iniciando monitoreo de resoluciones por vencerse...
2026-09-07T04:50:00.015-05:00  WARN 23972 --- [Invoice Monitor - Gastoncito] [scheduling-1] com.zaxxer.hikari.pool.PoolBase          : HikariPool-1 - Failed to validate connection org.postgresql.jdbc.PgConnection@b9f287e (This connection has been closed.). Possibly consider using a shorter maxLifetime value.
2026-09-07T04:50:00.016-05:00  WARN 23972 --- [Invoice Monitor - Gastoncito] [scheduling-1] com.zaxxer.hikari.pool.PoolBase          : HikariPool-1 - Failed to validate connection org.postgresql.jdbc.PgConnection@1a68a056 (This connection has been closed.). Possibly consider using a shorter maxLifetime value.
2026-09-07T04:50:00.016-05:00  WARN 23972 --- [Invoice Monitor - Gastoncito] [scheduling-1] com.zaxxer.hikari.pool.PoolBase          : HikariPool-1 - Failed to validate connection org.postgresql.jdbc.PgConnection@3f7345c8 (This connection has been closed.). Possibly consider using a shorter maxLifetime value.
2026-09-07T04:50:00.016-05:00  WARN 23972 --- [Invoice Monitor - Gastoncito] [scheduling-1] com.zaxxer.hikari.pool.PoolBase          : HikariPool-1 - Failed to validate connection org.postgresql.jdbc.PgConnection@4d5d5680 (This connection has been closed.). Possibly consider using a shorter maxLifetime value.
2026-09-07T04:50:00.017-05:00  WARN 23972 --- [Invoice Monitor - Gastoncito] [scheduling-1] com.zaxxer.hikari.pool.PoolBase          : HikariPool-1 - Failed to validate connection org.postgresql.jdbc.PgConnection@67edba14 (This connection has been closed.). Possibly consider using a shorter maxLifetime value.
2026-09-07T04:50:01.433-05:00  INFO 23972 --- [Invoice Monitor - Gastoncito] [scheduling-1] c.monitor.invoices.ResolutionMonitorJob  : ? No hay alertas de resoluciones por enviar en este momento.
2026-09-07T04:50:01.433-05:00  INFO 23972 --- [Invoice Monitor - Gastoncito] [scheduling-1] c.monitor.invoices.ResolutionMonitorJob  : Monitoreo finalizado.
2026-09-07T04:50:01.433-05:00  INFO 23972 --- [Invoice Monitor - Gastoncito] [scheduling-1] c.monitor.invoices.ResolutionMonitorJob  : ============================================================
2026-09-07T05:00:00.012-05:00  INFO 23972 --- [Invoice Monitor - Gastoncito] [scheduling-1] com.monitor.invoices.InvoiceMonitorJob   : ============================================================
2026-09-07T05:00:00.012-05:00  INFO 23972 --- [Invoice Monitor - Gastoncito] [scheduling-1] com.monitor.invoices.InvoiceMonitorJob   : Iniciando monitoreo de facturas faltantes (Flujo en 2 pasos)...
2026-09-07T05:00:00.012-05:00  INFO 23972 --- [Invoice Monitor - Gastoncito] [scheduling-1] com.monitor.invoices.InvoiceMonitorJob   : Consultando faltantes desde: 2026-08-25 00:00:00
2026-09-07T05:00:00.013-05:00  INFO 23972 --- [Invoice Monitor - Gastoncito] [scheduling-1] com.monitor.invoices.InvoiceMonitorJob   : Paso 1: Insertando datos en invoice_control...
2026-09-07T05:00:00.014-05:00  WARN 23972 --- [Invoice Monitor - Gastoncito] [scheduling-1] com.zaxxer.hikari.pool.PoolBase          : HikariPool-1 - Failed to validate connection org.postgresql.jdbc.PgConnection@38d8dcaf (This connection has been closed.). Possibly consider using a shorter maxLifetime value.
2026-09-07T05:00:00.014-05:00  WARN 23972 --- [Invoice Monitor - Gastoncito] [scheduling-1] com.zaxxer.hikari.pool.PoolBase          : HikariPool-1 - Failed to validate connection org.postgresql.jdbc.PgConnection@3aee3f1b (This connection has been closed.). Possibly consider using a shorter maxLifetime value.
2026-09-07T05:00:00.014-05:00  WARN 23972 --- [Invoice Monitor - Gastoncito] [scheduling-1] com.zaxxer.hikari.pool.PoolBase          : HikariPool-1 - Failed to validate connection org.postgresql.jdbc.PgConnection@30591f48 (This connection has been closed.). Possibly consider using a shorter maxLifetime value.
2026-09-07T05:00:00.015-05:00  WARN 23972 --- [Invoice Monitor - Gastoncito] [scheduling-1] com.zaxxer.hikari.pool.PoolBase          : HikariPool-1 - Failed to validate connection org.postgresql.jdbc.PgConnection@4e1a9048 (This connection has been closed.). Possibly consider using a shorter maxLifetime value.
2026-09-07T05:00:00.015-05:00  WARN 23972 --- [Invoice Monitor - Gastoncito] [scheduling-1] com.zaxxer.hikari.pool.PoolBase          : HikariPool-1 - Failed to validate connection org.postgresql.jdbc.PgConnection@57b8e9a9 (This connection has been closed.). Possibly consider using a shorter maxLifetime value.
2026-09-07T05:04:41.322-05:00  INFO 23972 --- [Invoice Monitor - Gastoncito] [scheduling-1] com.monitor.invoices.InvoiceMonitorJob   : Paso 2: Consultando faltantes...
2026-09-07T05:10:50.780-05:00 ERROR 23972 --- [Invoice Monitor - Gastoncito] [scheduling-1] o.s.s.s.TaskUtils$LoggingErrorHandler    : Unexpected error occurred in scheduled task

java.lang.OutOfMemoryError: Java heap space

2026-09-07T05:10:50.783-05:00  INFO 23972 --- [Invoice Monitor - Gastoncito] [scheduling-1] c.monitor.invoices.ResolutionMonitorJob  : ============================================================
2026-09-07T05:10:50.783-05:00  INFO 23972 --- [Invoice Monitor - Gastoncito] [scheduling-1] c.monitor.invoices.ResolutionMonitorJob  : Iniciando monitoreo de resoluciones por vencerse...
2026-09-07T05:12:45.786-05:00 ERROR 23972 --- [Invoice Monitor - Gastoncito] [scheduling-1] c.monitor.invoices.ResolutionMonitorJob  : ? Error ejecutando la consulta de resoluciones por vencerse: StatementCallback; SQL [SELECT
    e.company,
    c."name" AS company_name,
    e.code AS enumeration_code,
    e.initial_date,
    e.final_date,
    e.current_value,
    e.final_value,
    (e.final_date::date - CURRENT_DATE) AS date_difference_days,
    (e.current_value - e.final_value) AS TOTAL
FROM billing.enumeration e
INNER JOIN  core.company c ON e.company = c.code
INNER JOIN billing.resolution r ON r.enumeration = e.code
INNER JOIN machine.device d ON r.device = d.code
WHERE d.device_type = '1322'
AND e.status = 'A'
AND c.status = 'A'
ORDER BY date_difference_days ASC
]; Multiple ResultSets were returned by the query.

org.springframework.dao.DataIntegrityViolationException: StatementCallback; SQL [SELECT
    e.company,
    c."name" AS company_name,
    e.code AS enumeration_code,
    e.initial_date,
    e.final_date,
    e.current_value,
    e.final_value,
    (e.final_date::date - CURRENT_DATE) AS date_difference_days,
    (e.current_value - e.final_value) AS TOTAL
FROM billing.enumeration e
INNER JOIN  core.company c ON e.company = c.code
INNER JOIN billing.resolution r ON r.enumeration = e.code
INNER JOIN machine.device d ON r.device = d.code
WHERE d.device_type = '1322'
AND e.status = 'A'
AND c.status = 'A'
ORDER BY date_difference_days ASC
]; Multiple ResultSets were returned by the query.
	at org.springframework.jdbc.support.SQLStateSQLExceptionTranslator.doTranslate(SQLStateSQLExceptionTranslator.java:118) ~[spring-jdbc-6.1.6.jar!/:6.1.6]
	at org.springframework.jdbc.support.AbstractFallbackSQLExceptionTranslator.translate(AbstractFallbackSQLExceptionTranslator.java:107) ~[spring-jdbc-6.1.6.jar!/:6.1.6]
	at org.springframework.jdbc.support.AbstractFallbackSQLExceptionTranslator.translate(AbstractFallbackSQLExceptionTranslator.java:116) ~[spring-jdbc-6.1.6.jar!/:6.1.6]
	at org.springframework.jdbc.core.JdbcTemplate.translateException(JdbcTemplate.java:1548) ~[spring-jdbc-6.1.6.jar!/:6.1.6]
	at org.springframework.jdbc.core.JdbcTemplate.execute(JdbcTemplate.java:408) ~[spring-jdbc-6.1.6.jar!/:6.1.6]
	at org.springframework.jdbc.core.JdbcTemplate.query(JdbcTemplate.java:476) ~[spring-jdbc-6.1.6.jar!/:6.1.6]
	at org.springframework.jdbc.core.JdbcTemplate.query(JdbcTemplate.java:486) ~[spring-jdbc-6.1.6.jar!/:6.1.6]
	at org.springframework.jdbc.core.JdbcTemplate.queryForList(JdbcTemplate.java:536) ~[spring-jdbc-6.1.6.jar!/:6.1.6]
	at com.monitor.invoices.MonitorRepository.getExpiringResolutions(MonitorRepository.java:167) ~[!/:1.0.0]
	at jdk.internal.reflect.GeneratedMethodAccessor4.invoke(Unknown Source) ~[na:na]
	at java.base/jdk.internal.reflect.DelegatingMethodAccessorImpl.invoke(DelegatingMethodAccessorImpl.java:43) ~[na:na]
	at java.base/java.lang.reflect.Method.invoke(Method.java:568) ~[na:na]
	at org.springframework.aop.support.AopUtils.invokeJoinpointUsingReflection(AopUtils.java:354) ~[spring-aop-6.1.6.jar!/:6.1.6]
	at org.springframework.aop.framework.ReflectiveMethodInvocation.invokeJoinpoint(ReflectiveMethodInvocation.java:196) ~[spring-aop-6.1.6.jar!/:6.1.6]
	at org.springframework.aop.framework.ReflectiveMethodInvocation.proceed(ReflectiveMethodInvocation.java:163) ~[spring-aop-6.1.6.jar!/:6.1.6]
	at org.springframework.aop.framework.CglibAopProxy$CglibMethodInvocation.proceed(CglibAopProxy.java:768) ~[spring-aop-6.1.6.jar!/:6.1.6]
	at org.springframework.dao.support.PersistenceExceptionTranslationInterceptor.invoke(PersistenceExceptionTranslationInterceptor.java:137) ~[spring-tx-6.1.6.jar!/:6.1.6]
	at org.springframework.aop.framework.ReflectiveMethodInvocation.proceed(ReflectiveMethodInvocation.java:184) ~[spring-aop-6.1.6.jar!/:6.1.6]
	at org.springframework.aop.framework.CglibAopProxy$CglibMethodInvocation.proceed(CglibAopProxy.java:768) ~[spring-aop-6.1.6.jar!/:6.1.6]
	at org.springframework.aop.framework.CglibAopProxy$DynamicAdvisedInterceptor.intercept(CglibAopProxy.java:720) ~[spring-aop-6.1.6.jar!/:6.1.6]
	at com.monitor.invoices.MonitorRepository$$SpringCGLIB$$0.getExpiringResolutions(<generated>) ~[!/:1.0.0]
	at com.monitor.invoices.ResolutionMonitorJob.monitorExpiringResolutions(ResolutionMonitorJob.java:41) ~[!/:1.0.0]
	at jdk.internal.reflect.GeneratedMethodAccessor3.invoke(Unknown Source) ~[na:na]
	at java.base/jdk.internal.reflect.DelegatingMethodAccessorImpl.invoke(DelegatingMethodAccessorImpl.java:43) ~[na:na]
	at java.base/java.lang.reflect.Method.invoke(Method.java:568) ~[na:na]
	at org.springframework.scheduling.support.ScheduledMethodRunnable.runInternal(ScheduledMethodRunnable.java:130) ~[spring-context-6.1.6.jar!/:6.1.6]
	at org.springframework.scheduling.support.ScheduledMethodRunnable.lambda$run$2(ScheduledMethodRunnable.java:124) ~[spring-context-6.1.6.jar!/:6.1.6]
	at io.micrometer.observation.Observation.observe(Observation.java:499) ~[micrometer-observation-1.12.5.jar!/:1.12.5]
	at org.springframework.scheduling.support.ScheduledMethodRunnable.run(ScheduledMethodRunnable.java:124) ~[spring-context-6.1.6.jar!/:6.1.6]
	at org.springframework.scheduling.support.DelegatingErrorHandlingRunnable.run(DelegatingErrorHandlingRunnable.java:54) ~[spring-context-6.1.6.jar!/:6.1.6]
	at org.springframework.scheduling.concurrent.ReschedulingRunnable.run(ReschedulingRunnable.java:96) ~[spring-context-6.1.6.jar!/:6.1.6]
	at java.base/java.util.concurrent.Executors$RunnableAdapter.call(Executors.java:539) ~[na:na]
	at java.base/java.util.concurrent.FutureTask.run(FutureTask.java:264) ~[na:na]
	at java.base/java.util.concurrent.ScheduledThreadPoolExecutor$ScheduledFutureTask.run(ScheduledThreadPoolExecutor.java:304) ~[na:na]
	at java.base/java.util.concurrent.ThreadPoolExecutor.runWorker(ThreadPoolExecutor.java:1136) ~[na:na]
	at java.base/java.util.concurrent.ThreadPoolExecutor$Worker.run(ThreadPoolExecutor.java:635) ~[na:na]
	at java.base/java.lang.Thread.run(Thread.java:833) ~[na:na]
Caused by: org.postgresql.util.PSQLException: Multiple ResultSets were returned by the query.
	at org.postgresql.jdbc.PgStatement.getSingleResultSet(PgStatement.java:259) ~[postgresql-42.6.2.jar!/:42.6.2]
	at org.postgresql.jdbc.PgStatement.executeQuery(PgStatement.java:250) ~[postgresql-42.6.2.jar!/:42.6.2]
	at com.zaxxer.hikari.pool.ProxyStatement.executeQuery(ProxyStatement.java:110) ~[HikariCP-5.0.1.jar!/:na]
	at com.zaxxer.hikari.pool.HikariProxyStatement.executeQuery(HikariProxyStatement.java) ~[HikariCP-5.0.1.jar!/:na]
	at org.springframework.jdbc.core.JdbcTemplate$1QueryStatementCallback.doInStatement(JdbcTemplate.java:463) ~[spring-jdbc-6.1.6.jar!/:6.1.6]
	at org.springframework.jdbc.core.JdbcTemplate.execute(JdbcTemplate.java:393) ~[spring-jdbc-6.1.6.jar!/:6.1.6]
	... 32 common frames omitted

2026-09-07T05:12:45.790-05:00  INFO 23972 --- [Invoice Monitor - Gastoncito] [scheduling-1] c.monitor.invoices.ResolutionMonitorJob  : Monitoreo finalizado.
2026-09-07T05:12:45.790-05:00  INFO 23972 --- [Invoice Monitor - Gastoncito] [scheduling-1] c.monitor.invoices.ResolutionMonitorJob  : ============================================================
2026-09-07T05:20:00.015-05:00  INFO 23972 --- [Invoice Monitor - Gastoncito] [scheduling-1] c.monitor.invoices.ResolutionMonitorJob  : ============================================================
2026-09-07T05:20:00.015-05:00  INFO 23972 --- [Invoice Monitor - Gastoncito] [scheduling-1] c.monitor.invoices.ResolutionMonitorJob  : Iniciando monitoreo de resoluciones por vencerse...
2026-09-07T05:20:00.016-05:00  WARN 23972 --- [Invoice Monitor - Gastoncito] [scheduling-1] com.zaxxer.hikari.pool.PoolBase          : HikariPool-1 - Failed to validate connection org.postgresql.jdbc.PgConnection@7ebca936 (This connection has been closed.). Possibly consider using a shorter maxLifetime value.
2026-09-07T05:20:00.016-05:00  WARN 23972 --- [Invoice Monitor - Gastoncito] [scheduling-1] com.zaxxer.hikari.pool.PoolBase          : HikariPool-1 - Failed to validate connection org.postgresql.jdbc.PgConnection@5a9d9d92 (This connection has been closed.). Possibly consider using a shorter maxLifetime value.
2026-09-07T05:20:00.016-05:00  WARN 23972 --- [Invoice Monitor - Gastoncito] [scheduling-1] com.zaxxer.hikari.pool.PoolBase          : HikariPool-1 - Failed to validate connection org.postgresql.jdbc.PgConnection@4959744d (This connection has been closed.). Possibly consider using a shorter maxLifetime value.
2026-09-07T05:20:00.017-05:00  WARN 23972 --- [Invoice Monitor - Gastoncito] [scheduling-1] com.zaxxer.hikari.pool.PoolBase          : HikariPool-1 - Failed to validate connection org.postgresql.jdbc.PgConnection@52379149 (This connection has been closed.). Possibly consider using a shorter maxLifetime value.
2026-09-07T05:20:00.017-05:00  WARN 23972 --- [Invoice Monitor - Gastoncito] [scheduling-1] com.zaxxer.hikari.pool.PoolBase          : HikariPool-1 - Failed to validate connection org.postgresql.jdbc.PgConnection@73587f5c (This connection has been closed.). Possibly consider using a shorter maxLifetime value.
2026-09-07T05:20:01.380-05:00  INFO 23972 --- [Invoice Monitor - Gastoncito] [scheduling-1] c.monitor.invoices.ResolutionMonitorJob  : ? No hay alertas de resoluciones por enviar en este momento.
2026-09-07T05:20:01.380-05:00  INFO 23972 --- [Invoice Monitor - Gastoncito] [scheduling-1] c.monitor.invoices.ResolutionMonitorJob  : Monitoreo finalizado.
2026-09-07T05:20:01.380-05:00  INFO 23972 --- [Invoice Monitor - Gastoncito] [scheduling-1] c.monitor.invoices.ResolutionMonitorJob  : ============================================================
2026-09-07T05:29:54.401-05:00  INFO 23972 --- [Invoice Monitor - Gastoncito] [scheduling-1] c.monitor.invoices.ResolutionMonitorJob  : ============================================================
2026-09-07T05:29:54.401-05:00  INFO 23972 --- [Invoice Monitor - Gastoncito] [scheduling-1] c.monitor.invoices.ResolutionMonitorJob  : Iniciando monitoreo de resoluciones por vencerse...
2026-09-07T05:29:54.402-05:00  WARN 23972 --- [Invoice Monitor - Gastoncito] [scheduling-1] com.zaxxer.hikari.pool.PoolBase          : HikariPool-1 - Failed to validate connection org.postgresql.jdbc.PgConnection@451f1da8 (This connection has been closed.). Possibly consider using a shorter maxLifetime value.
2026-09-07T05:29:54.402-05:00  WARN 23972 --- [Invoice Monitor - Gastoncito] [scheduling-1] com.zaxxer.hikari.pool.PoolBase          : HikariPool-1 - Failed to validate connection org.postgresql.jdbc.PgConnection@29b58e26 (This connection has been closed.). Possibly consider using a shorter maxLifetime value.
2026-09-07T05:29:54.402-05:00  WARN 23972 --- [Invoice Monitor - Gastoncito] [scheduling-1] com.zaxxer.hikari.pool.PoolBase          : HikariPool-1 - Failed to validate connection org.postgresql.jdbc.PgConnection@1927b6d3 (This connection has been closed.). Possibly consider using a shorter maxLifetime value.
2026-09-07T05:29:54.403-05:00  WARN 23972 --- [Invoice Monitor - Gastoncito] [scheduling-1] com.zaxxer.hikari.pool.PoolBase          : HikariPool-1 - Failed to validate connection org.postgresql.jdbc.PgConnection@24e81a02 (This connection has been closed.). Possibly consider using a shorter maxLifetime value.
2026-09-07T05:29:54.403-05:00  WARN 23972 --- [Invoice Monitor - Gastoncito] [scheduling-1] com.zaxxer.hikari.pool.PoolBase          : HikariPool-1 - Failed to validate connection org.postgresql.jdbc.PgConnection@54ec58f7 (This connection has been closed.). Possibly consider using a shorter maxLifetime value.
2026-09-07T05:29:55.813-05:00  INFO 23972 --- [Invoice Monitor - Gastoncito] [scheduling-1] c.monitor.invoices.ResolutionMonitorJob  : ? No hay alertas de resoluciones por enviar en este momento.
2026-09-07T05:29:55.813-05:00  INFO 23972 --- [Invoice Monitor - Gastoncito] [scheduling-1] c.monitor.invoices.ResolutionMonitorJob  : Monitoreo finalizado.
2026-09-07T05:29:55.813-05:00  INFO 23972 --- [Invoice Monitor - Gastoncito] [scheduling-1] c.monitor.invoices.ResolutionMonitorJob  : ============================================================
2026-09-07T05:40:00.007-05:00  INFO 23972 --- [Invoice Monitor - Gastoncito] [scheduling-1] c.monitor.invoices.ResolutionMonitorJob  : ============================================================
2026-09-07T05:40:00.007-05:00  INFO 23972 --- [Invoice Monitor - Gastoncito] [scheduling-1] c.monitor.invoices.ResolutionMonitorJob  : Iniciando monitoreo de resoluciones por vencerse...
2026-09-07T05:40:00.008-05:00  WARN 23972 --- [Invoice Monitor - Gastoncito] [scheduling-1] com.zaxxer.hikari.pool.PoolBase          : HikariPool-1 - Failed to validate connection org.postgresql.jdbc.PgConnection@51ad28f2 (This connection has been closed.). Possibly consider using a shorter maxLifetime value.
2026-09-07T05:40:00.008-05:00  WARN 23972 --- [Invoice Monitor - Gastoncito] [scheduling-1] com.zaxxer.hikari.pool.PoolBase          : HikariPool-1 - Failed to validate connection org.postgresql.jdbc.PgConnection@1144a191 (This connection has been closed.). Possibly consider using a shorter maxLifetime value.
2026-09-07T05:40:00.008-05:00  WARN 23972 --- [Invoice Monitor - Gastoncito] [scheduling-1] com.zaxxer.hikari.pool.PoolBase          : HikariPool-1 - Failed to validate connection org.postgresql.jdbc.PgConnection@275978ae (This connection has been closed.). Possibly consider using a shorter maxLifetime value.
2026-09-07T05:40:00.009-05:00  WARN 23972 --- [Invoice Monitor - Gastoncito] [scheduling-1] com.zaxxer.hikari.pool.PoolBase          : HikariPool-1 - Failed to validate connection org.postgresql.jdbc.PgConnection@1f0b3e0f (This connection has been closed.). Possibly consider using a shorter maxLifetime value.
2026-09-07T05:40:00.009-05:00  WARN 23972 --- [Invoice Monitor - Gastoncito] [scheduling-1] com.zaxxer.hikari.pool.PoolBase          : HikariPool-1 - Failed to validate connection org.postgresql.jdbc.PgConnection@2e4b1189 (This connection has been closed.). Possibly consider using a shorter maxLifetime value.
2026-09-07T05:40:01.397-05:00  INFO 23972 --- [Invoice Monitor - Gastoncito] [scheduling-1] c.monitor.invoices.ResolutionMonitorJob  : ? No hay alertas de resoluciones por enviar en este momento.
2026-09-07T05:40:01.397-05:00  INFO 23972 --- [Invoice Monitor - Gastoncito] [scheduling-1] c.monitor.invoices.ResolutionMonitorJob  : Monitoreo finalizado.
2026-09-07T05:40:01.398-05:00  INFO 23972 --- [Invoice Monitor - Gastoncito] [scheduling-1] c.monitor.invoices.ResolutionMonitorJob  : ============================================================
2026-09-07T05:50:00.001-05:00  INFO 23972 --- [Invoice Monitor - Gastoncito] [scheduling-1] c.monitor.invoices.ResolutionMonitorJob  : ============================================================
2026-09-07T05:50:00.001-05:00  INFO 23972 --- [Invoice Monitor - Gastoncito] [scheduling-1] c.monitor.invoices.ResolutionMonitorJob  : Iniciando monitoreo de resoluciones por vencerse...
2026-09-07T05:50:00.002-05:00  WARN 23972 --- [Invoice Monitor - Gastoncito] [scheduling-1] com.zaxxer.hikari.pool.PoolBase          : HikariPool-1 - Failed to validate connection org.postgresql.jdbc.PgConnection@1ab775f8 (This connection has been closed.). Possibly consider using a shorter maxLifetime value.
2026-09-07T05:50:00.002-05:00  WARN 23972 --- [Invoice Monitor - Gastoncito] [scheduling-1] com.zaxxer.hikari.pool.PoolBase          : HikariPool-1 - Failed to validate connection org.postgresql.jdbc.PgConnection@30fa5189 (This connection has been closed.). Possibly consider using a shorter maxLifetime value.
2026-09-07T05:50:00.003-05:00  WARN 23972 --- [Invoice Monitor - Gastoncito] [scheduling-1] com.zaxxer.hikari.pool.PoolBase          : HikariPool-1 - Failed to validate connection org.postgresql.jdbc.PgConnection@464bd946 (This connection has been closed.). Possibly consider using a shorter maxLifetime value.
2026-09-07T05:50:00.003-05:00  WARN 23972 --- [Invoice Monitor - Gastoncito] [scheduling-1] com.zaxxer.hikari.pool.PoolBase          : HikariPool-1 - Failed to validate connection org.postgresql.jdbc.PgConnection@67726cc2 (This connection has been closed.). Possibly consider using a shorter maxLifetime value.
2026-09-07T05:50:00.003-05:00  WARN 23972 --- [Invoice Monitor - Gastoncito] [scheduling-1] com.zaxxer.hikari.pool.PoolBase          : HikariPool-1 - Failed to validate connection org.postgresql.jdbc.PgConnection@2e6c1596 (This connection has been closed.). Possibly consider using a shorter maxLifetime value.
2026-09-07T05:50:01.393-05:00  INFO 23972 --- [Invoice Monitor - Gastoncito] [scheduling-1] c.monitor.invoices.ResolutionMonitorJob  : ? No hay alertas de resoluciones por enviar en este momento.
2026-09-07T05:50:01.393-05:00  INFO 23972 --- [Invoice Monitor - Gastoncito] [scheduling-1] c.monitor.invoices.ResolutionMonitorJob  : Monitoreo finalizado.
2026-09-07T05:50:01.393-05:00  INFO 23972 --- [Invoice Monitor - Gastoncito] [scheduling-1] c.monitor.invoices.ResolutionMonitorJob  : ============================================================
2026-09-07T05:59:54.401-05:00  INFO 23972 --- [Invoice Monitor - Gastoncito] [scheduling-1] com.monitor.invoices.InvoiceMonitorJob   : ============================================================
2026-09-07T05:59:54.401-05:00  INFO 23972 --- [Invoice Monitor - Gastoncito] [scheduling-1] com.monitor.invoices.InvoiceMonitorJob   : Iniciando monitoreo de facturas faltantes (Flujo en 2 pasos)...
2026-09-07T05:59:54.401-05:00  INFO 23972 --- [Invoice Monitor - Gastoncito] [scheduling-1] com.monitor.invoices.InvoiceMonitorJob   : Consultando faltantes desde: 2026-08-25 00:00:00
2026-09-07T05:59:54.401-05:00  INFO 23972 --- [Invoice Monitor - Gastoncito] [scheduling-1] com.monitor.invoices.InvoiceMonitorJob   : Paso 1: Insertando datos en invoice_control...
2026-09-07T05:59:54.402-05:00  WARN 23972 --- [Invoice Monitor - Gastoncito] [scheduling-1] com.zaxxer.hikari.pool.PoolBase          : HikariPool-1 - Failed to validate connection org.postgresql.jdbc.PgConnection@4c787fcb (This connection has been closed.). Possibly consider using a shorter maxLifetime value.
2026-09-07T05:59:54.402-05:00  WARN 23972 --- [Invoice Monitor - Gastoncito] [scheduling-1] com.zaxxer.hikari.pool.PoolBase          : HikariPool-1 - Failed to validate connection org.postgresql.jdbc.PgConnection@20016cd9 (This connection has been closed.). Possibly consider using a shorter maxLifetime value.
2026-09-07T05:59:54.402-05:00  WARN 23972 --- [Invoice Monitor - Gastoncito] [scheduling-1] com.zaxxer.hikari.pool.PoolBase          : HikariPool-1 - Failed to validate connection org.postgresql.jdbc.PgConnection@6e8f1dea (This connection has been closed.). Possibly consider using a shorter maxLifetime value.
2026-09-07T05:59:54.403-05:00  WARN 23972 --- [Invoice Monitor - Gastoncito] [scheduling-1] com.zaxxer.hikari.pool.PoolBase          : HikariPool-1 - Failed to validate connection org.postgresql.jdbc.PgConnection@6186a1d7 (This connection has been closed.). Possibly consider using a shorter maxLifetime value.
2026-09-07T05:59:54.403-05:00  WARN 23972 --- [Invoice Monitor - Gastoncito] [scheduling-1] com.zaxxer.hikari.pool.PoolBase          : HikariPool-1 - Failed to validate connection org.postgresql.jdbc.PgConnection@3dcc7d4a (This connection has been closed.). Possibly consider using a shorter maxLifetime value.
2026-09-07T06:04:44.085-05:00  INFO 23972 --- [Invoice Monitor - Gastoncito] [scheduling-1] com.monitor.invoices.InvoiceMonitorJob   : Paso 2: Consultando faltantes...
2026-09-07T06:11:02.275-05:00 ERROR 23972 --- [Invoice Monitor - Gastoncito] [scheduling-1] o.s.s.s.TaskUtils$LoggingErrorHandler    : Unexpected error occurred in scheduled task

java.lang.OutOfMemoryError: Java heap space

2026-09-07T06:11:02.276-05:00  INFO 23972 --- [Invoice Monitor - Gastoncito] [scheduling-1] c.monitor.invoices.ResolutionMonitorJob  : ============================================================
2026-09-07T06:11:02.276-05:00  INFO 23972 --- [Invoice Monitor - Gastoncito] [scheduling-1] c.monitor.invoices.ResolutionMonitorJob  : Iniciando monitoreo de resoluciones por vencerse...
2026-09-07T06:12:53.138-05:00 ERROR 23972 --- [Invoice Monitor - Gastoncito] [scheduling-1] c.monitor.invoices.ResolutionMonitorJob  : ? Error ejecutando la consulta de resoluciones por vencerse: StatementCallback; SQL [SELECT
    e.company,
    c."name" AS company_name,
    e.code AS enumeration_code,
    e.initial_date,
    e.final_date,
    e.current_value,
    e.final_value,
    (e.final_date::date - CURRENT_DATE) AS date_difference_days,
    (e.current_value - e.final_value) AS TOTAL
FROM billing.enumeration e
INNER JOIN  core.company c ON e.company = c.code
INNER JOIN billing.resolution r ON r.enumeration = e.code
INNER JOIN machine.device d ON r.device = d.code
WHERE d.device_type = '1322'
AND e.status = 'A'
AND c.status = 'A'
ORDER BY date_difference_days ASC
]; Multiple ResultSets were returned by the query.

org.springframework.dao.DataIntegrityViolationException: StatementCallback; SQL [SELECT
    e.company,
    c."name" AS company_name,
    e.code AS enumeration_code,
    e.initial_date,
    e.final_date,
    e.current_value,
    e.final_value,
    (e.final_date::date - CURRENT_DATE) AS date_difference_days,
    (e.current_value - e.final_value) AS TOTAL
FROM billing.enumeration e
INNER JOIN  core.company c ON e.company = c.code
INNER JOIN billing.resolution r ON r.enumeration = e.code
INNER JOIN machine.device d ON r.device = d.code
WHERE d.device_type = '1322'
AND e.status = 'A'
AND c.status = 'A'
ORDER BY date_difference_days ASC
]; Multiple ResultSets were returned by the query.
	at org.springframework.jdbc.support.SQLStateSQLExceptionTranslator.doTranslate(SQLStateSQLExceptionTranslator.java:118) ~[spring-jdbc-6.1.6.jar!/:6.1.6]
	at org.springframework.jdbc.support.AbstractFallbackSQLExceptionTranslator.translate(AbstractFallbackSQLExceptionTranslator.java:107) ~[spring-jdbc-6.1.6.jar!/:6.1.6]
	at org.springframework.jdbc.support.AbstractFallbackSQLExceptionTranslator.translate(AbstractFallbackSQLExceptionTranslator.java:116) ~[spring-jdbc-6.1.6.jar!/:6.1.6]
	at org.springframework.jdbc.core.JdbcTemplate.translateException(JdbcTemplate.java:1548) ~[spring-jdbc-6.1.6.jar!/:6.1.6]
	at org.springframework.jdbc.core.JdbcTemplate.execute(JdbcTemplate.java:408) ~[spring-jdbc-6.1.6.jar!/:6.1.6]
	at org.springframework.jdbc.core.JdbcTemplate.query(JdbcTemplate.java:476) ~[spring-jdbc-6.1.6.jar!/:6.1.6]
	at org.springframework.jdbc.core.JdbcTemplate.query(JdbcTemplate.java:486) ~[spring-jdbc-6.1.6.jar!/:6.1.6]
	at org.springframework.jdbc.core.JdbcTemplate.queryForList(JdbcTemplate.java:536) ~[spring-jdbc-6.1.6.jar!/:6.1.6]
	at com.monitor.invoices.MonitorRepository.getExpiringResolutions(MonitorRepository.java:167) ~[!/:1.0.0]
	at jdk.internal.reflect.GeneratedMethodAccessor4.invoke(Unknown Source) ~[na:na]
	at java.base/jdk.internal.reflect.DelegatingMethodAccessorImpl.invoke(DelegatingMethodAccessorImpl.java:43) ~[na:na]
	at java.base/java.lang.reflect.Method.invoke(Method.java:568) ~[na:na]
	at org.springframework.aop.support.AopUtils.invokeJoinpointUsingReflection(AopUtils.java:354) ~[spring-aop-6.1.6.jar!/:6.1.6]
	at org.springframework.aop.framework.ReflectiveMethodInvocation.invokeJoinpoint(ReflectiveMethodInvocation.java:196) ~[spring-aop-6.1.6.jar!/:6.1.6]
	at org.springframework.aop.framework.ReflectiveMethodInvocation.proceed(ReflectiveMethodInvocation.java:163) ~[spring-aop-6.1.6.jar!/:6.1.6]
	at org.springframework.aop.framework.CglibAopProxy$CglibMethodInvocation.proceed(CglibAopProxy.java:768) ~[spring-aop-6.1.6.jar!/:6.1.6]
	at org.springframework.dao.support.PersistenceExceptionTranslationInterceptor.invoke(PersistenceExceptionTranslationInterceptor.java:137) ~[spring-tx-6.1.6.jar!/:6.1.6]
	at org.springframework.aop.framework.ReflectiveMethodInvocation.proceed(ReflectiveMethodInvocation.java:184) ~[spring-aop-6.1.6.jar!/:6.1.6]
	at org.springframework.aop.framework.CglibAopProxy$CglibMethodInvocation.proceed(CglibAopProxy.java:768) ~[spring-aop-6.1.6.jar!/:6.1.6]
	at org.springframework.aop.framework.CglibAopProxy$DynamicAdvisedInterceptor.intercept(CglibAopProxy.java:720) ~[spring-aop-6.1.6.jar!/:6.1.6]
	at com.monitor.invoices.MonitorRepository$$SpringCGLIB$$0.getExpiringResolutions(<generated>) ~[!/:1.0.0]
	at com.monitor.invoices.ResolutionMonitorJob.monitorExpiringResolutions(ResolutionMonitorJob.java:41) ~[!/:1.0.0]
	at jdk.internal.reflect.GeneratedMethodAccessor3.invoke(Unknown Source) ~[na:na]
	at java.base/jdk.internal.reflect.DelegatingMethodAccessorImpl.invoke(DelegatingMethodAccessorImpl.java:43) ~[na:na]
	at java.base/java.lang.reflect.Method.invoke(Method.java:568) ~[na:na]
	at org.springframework.scheduling.support.ScheduledMethodRunnable.runInternal(ScheduledMethodRunnable.java:130) ~[spring-context-6.1.6.jar!/:6.1.6]
	at org.springframework.scheduling.support.ScheduledMethodRunnable.lambda$run$2(ScheduledMethodRunnable.java:124) ~[spring-context-6.1.6.jar!/:6.1.6]
	at io.micrometer.observation.Observation.observe(Observation.java:499) ~[micrometer-observation-1.12.5.jar!/:1.12.5]
	at org.springframework.scheduling.support.ScheduledMethodRunnable.run(ScheduledMethodRunnable.java:124) ~[spring-context-6.1.6.jar!/:6.1.6]
	at org.springframework.scheduling.support.DelegatingErrorHandlingRunnable.run(DelegatingErrorHandlingRunnable.java:54) ~[spring-context-6.1.6.jar!/:6.1.6]
	at org.springframework.scheduling.concurrent.ReschedulingRunnable.run(ReschedulingRunnable.java:96) ~[spring-context-6.1.6.jar!/:6.1.6]
	at java.base/java.util.concurrent.Executors$RunnableAdapter.call(Executors.java:539) ~[na:na]
	at java.base/java.util.concurrent.FutureTask.run(FutureTask.java:264) ~[na:na]
	at java.base/java.util.concurrent.ScheduledThreadPoolExecutor$ScheduledFutureTask.run(ScheduledThreadPoolExecutor.java:304) ~[na:na]
	at java.base/java.util.concurrent.ThreadPoolExecutor.runWorker(ThreadPoolExecutor.java:1136) ~[na:na]
	at java.base/java.util.concurrent.ThreadPoolExecutor$Worker.run(ThreadPoolExecutor.java:635) ~[na:na]
	at java.base/java.lang.Thread.run(Thread.java:833) ~[na:na]
Caused by: org.postgresql.util.PSQLException: Multiple ResultSets were returned by the query.
	at org.postgresql.jdbc.PgStatement.getSingleResultSet(PgStatement.java:259) ~[postgresql-42.6.2.jar!/:42.6.2]
	at org.postgresql.jdbc.PgStatement.executeQuery(PgStatement.java:250) ~[postgresql-42.6.2.jar!/:42.6.2]
	at com.zaxxer.hikari.pool.ProxyStatement.executeQuery(ProxyStatement.java:110) ~[HikariCP-5.0.1.jar!/:na]
	at com.zaxxer.hikari.pool.HikariProxyStatement.executeQuery(HikariProxyStatement.java) ~[HikariCP-5.0.1.jar!/:na]
	at org.springframework.jdbc.core.JdbcTemplate$1QueryStatementCallback.doInStatement(JdbcTemplate.java:463) ~[spring-jdbc-6.1.6.jar!/:6.1.6]
	at org.springframework.jdbc.core.JdbcTemplate.execute(JdbcTemplate.java:393) ~[spring-jdbc-6.1.6.jar!/:6.1.6]
	... 32 common frames omitted

2026-09-07T06:12:53.141-05:00  INFO 23972 --- [Invoice Monitor - Gastoncito] [scheduling-1] c.monitor.invoices.ResolutionMonitorJob  : Monitoreo finalizado.
2026-09-07T06:12:53.141-05:00  INFO 23972 --- [Invoice Monitor - Gastoncito] [scheduling-1] c.monitor.invoices.ResolutionMonitorJob  : ============================================================
2026-09-07T06:20:00.011-05:00  INFO 23972 --- [Invoice Monitor - Gastoncito] [scheduling-1] c.monitor.invoices.ResolutionMonitorJob  : ============================================================
2026-09-07T06:20:00.011-05:00  INFO 23972 --- [Invoice Monitor - Gastoncito] [scheduling-1] c.monitor.invoices.ResolutionMonitorJob  : Iniciando monitoreo de resoluciones por vencerse...
2026-09-07T06:20:00.012-05:00  WARN 23972 --- [Invoice Monitor - Gastoncito] [scheduling-1] com.zaxxer.hikari.pool.PoolBase          : HikariPool-1 - Failed to validate connection org.postgresql.jdbc.PgConnection@542a0739 (This connection has been closed.). Possibly consider using a shorter maxLifetime value.
2026-09-07T06:20:00.012-05:00  WARN 23972 --- [Invoice Monitor - Gastoncito] [scheduling-1] com.zaxxer.hikari.pool.PoolBase          : HikariPool-1 - Failed to validate connection org.postgresql.jdbc.PgConnection@198d82d6 (This connection has been closed.). Possibly consider using a shorter maxLifetime value.
2026-09-07T06:20:00.013-05:00  WARN 23972 --- [Invoice Monitor - Gastoncito] [scheduling-1] com.zaxxer.hikari.pool.PoolBase          : HikariPool-1 - Failed to validate connection org.postgresql.jdbc.PgConnection@2d788ec0 (This connection has been closed.). Possibly consider using a shorter maxLifetime value.
2026-09-07T06:20:00.013-05:00  WARN 23972 --- [Invoice Monitor - Gastoncito] [scheduling-1] com.zaxxer.hikari.pool.PoolBase          : HikariPool-1 - Failed to validate connection org.postgresql.jdbc.PgConnection@29ef5799 (This connection has been closed.). Possibly consider using a shorter maxLifetime value.
2026-09-07T06:20:00.013-05:00  WARN 23972 --- [Invoice Monitor - Gastoncito] [scheduling-1] com.zaxxer.hikari.pool.PoolBase          : HikariPool-1 - Failed to validate connection org.postgresql.jdbc.PgConnection@3311e8b1 (This connection has been closed.). Possibly consider using a shorter maxLifetime value.
2026-09-07T06:20:01.273-05:00  INFO 23972 --- [Invoice Monitor - Gastoncito] [scheduling-1] c.monitor.invoices.ResolutionMonitorJob  : ? No hay alertas de resoluciones por enviar en este momento.
2026-09-07T06:20:01.273-05:00  INFO 23972 --- [Invoice Monitor - Gastoncito] [scheduling-1] c.monitor.invoices.ResolutionMonitorJob  : Monitoreo finalizado.
2026-09-07T06:20:01.273-05:00  INFO 23972 --- [Invoice Monitor - Gastoncito] [scheduling-1] c.monitor.invoices.ResolutionMonitorJob  : ============================================================
2026-09-07T06:30:00.008-05:00  INFO 23972 --- [Invoice Monitor - Gastoncito] [scheduling-1] c.monitor.invoices.ResolutionMonitorJob  : ============================================================
2026-09-07T06:30:00.008-05:00  INFO 23972 --- [Invoice Monitor - Gastoncito] [scheduling-1] c.monitor.invoices.ResolutionMonitorJob  : Iniciando monitoreo de resoluciones por vencerse...
2026-09-07T06:30:00.009-05:00  WARN 23972 --- [Invoice Monitor - Gastoncito] [scheduling-1] com.zaxxer.hikari.pool.PoolBase          : HikariPool-1 - Failed to validate connection org.postgresql.jdbc.PgConnection@46ff4737 (This connection has been closed.). Possibly consider using a shorter maxLifetime value.
2026-09-07T06:30:00.009-05:00  WARN 23972 --- [Invoice Monitor - Gastoncito] [scheduling-1] com.zaxxer.hikari.pool.PoolBase          : HikariPool-1 - Failed to validate connection org.postgresql.jdbc.PgConnection@7c981643 (This connection has been closed.). Possibly consider using a shorter maxLifetime value.
2026-09-07T06:30:00.009-05:00  WARN 23972 --- [Invoice Monitor - Gastoncito] [scheduling-1] com.zaxxer.hikari.pool.PoolBase          : HikariPool-1 - Failed to validate connection org.postgresql.jdbc.PgConnection@40702d01 (This connection has been closed.). Possibly consider using a shorter maxLifetime value.
2026-09-07T06:30:00.010-05:00  WARN 23972 --- [Invoice Monitor - Gastoncito] [scheduling-1] com.zaxxer.hikari.pool.PoolBase          : HikariPool-1 - Failed to validate connection org.postgresql.jdbc.PgConnection@7c0a0cc7 (This connection has been closed.). Possibly consider using a shorter maxLifetime value.
2026-09-07T06:30:00.010-05:00  WARN 23972 --- [Invoice Monitor - Gastoncito] [scheduling-1] com.zaxxer.hikari.pool.PoolBase          : HikariPool-1 - Failed to validate connection org.postgresql.jdbc.PgConnection@1506991f (This connection has been closed.). Possibly consider using a shorter maxLifetime value.
2026-09-07T06:30:01.277-05:00  INFO 23972 --- [Invoice Monitor - Gastoncito] [scheduling-1] c.monitor.invoices.ResolutionMonitorJob  : ? No hay alertas de resoluciones por enviar en este momento.
2026-09-07T06:30:01.277-05:00  INFO 23972 --- [Invoice Monitor - Gastoncito] [scheduling-1] c.monitor.invoices.ResolutionMonitorJob  : Monitoreo finalizado.
2026-09-07T06:30:01.277-05:00  INFO 23972 --- [Invoice Monitor - Gastoncito] [scheduling-1] c.monitor.invoices.ResolutionMonitorJob  : ============================================================
2026-09-07T06:40:00.003-05:00  INFO 23972 --- [Invoice Monitor - Gastoncito] [scheduling-1] c.monitor.invoices.ResolutionMonitorJob  : ============================================================
2026-09-07T06:40:00.003-05:00  INFO 23972 --- [Invoice Monitor - Gastoncito] [scheduling-1] c.monitor.invoices.ResolutionMonitorJob  : Iniciando monitoreo de resoluciones por vencerse...
2026-09-07T06:40:00.004-05:00  WARN 23972 --- [Invoice Monitor - Gastoncito] [scheduling-1] com.zaxxer.hikari.pool.PoolBase          : HikariPool-1 - Failed to validate connection org.postgresql.jdbc.PgConnection@2990bff2 (This connection has been closed.). Possibly consider using a shorter maxLifetime value.
2026-09-07T06:40:00.004-05:00  WARN 23972 --- [Invoice Monitor - Gastoncito] [scheduling-1] com.zaxxer.hikari.pool.PoolBase          : HikariPool-1 - Failed to validate connection org.postgresql.jdbc.PgConnection@4489d20e (This connection has been closed.). Possibly consider using a shorter maxLifetime value.
2026-09-07T06:40:00.004-05:00  WARN 23972 --- [Invoice Monitor - Gastoncito] [scheduling-1] com.zaxxer.hikari.pool.PoolBase          : HikariPool-1 - Failed to validate connection org.postgresql.jdbc.PgConnection@656665e1 (This connection has been closed.). Possibly consider using a shorter maxLifetime value.
2026-09-07T06:40:00.005-05:00  WARN 23972 --- [Invoice Monitor - Gastoncito] [scheduling-1] com.zaxxer.hikari.pool.PoolBase          : HikariPool-1 - Failed to validate connection org.postgresql.jdbc.PgConnection@49253990 (This connection has been closed.). Possibly consider using a shorter maxLifetime value.
2026-09-07T06:40:00.005-05:00  WARN 23972 --- [Invoice Monitor - Gastoncito] [scheduling-1] com.zaxxer.hikari.pool.PoolBase          : HikariPool-1 - Failed to validate connection org.postgresql.jdbc.PgConnection@6df7e1e7 (This connection has been closed.). Possibly consider using a shorter maxLifetime value.
2026-09-07T06:40:01.239-05:00  INFO 23972 --- [Invoice Monitor - Gastoncito] [scheduling-1] c.monitor.invoices.ResolutionMonitorJob  : ? No hay alertas de resoluciones por enviar en este momento.
2026-09-07T06:40:01.239-05:00  INFO 23972 --- [Invoice Monitor - Gastoncito] [scheduling-1] c.monitor.invoices.ResolutionMonitorJob  : Monitoreo finalizado.
2026-09-07T06:40:01.239-05:00  INFO 23972 --- [Invoice Monitor - Gastoncito] [scheduling-1] c.monitor.invoices.ResolutionMonitorJob  : ============================================================
2026-09-07T06:50:00.013-05:00  INFO 23972 --- [Invoice Monitor - Gastoncito] [scheduling-1] c.monitor.invoices.ResolutionMonitorJob  : ============================================================
2026-09-07T06:50:00.013-05:00  INFO 23972 --- [Invoice Monitor - Gastoncito] [scheduling-1] c.monitor.invoices.ResolutionMonitorJob  : Iniciando monitoreo de resoluciones por vencerse...
2026-09-07T06:50:00.014-05:00  WARN 23972 --- [Invoice Monitor - Gastoncito] [scheduling-1] com.zaxxer.hikari.pool.PoolBase          : HikariPool-1 - Failed to validate connection org.postgresql.jdbc.PgConnection@676457f5 (This connection has been closed.). Possibly consider using a shorter maxLifetime value.
2026-09-07T06:50:00.015-05:00  WARN 23972 --- [Invoice Monitor - Gastoncito] [scheduling-1] com.zaxxer.hikari.pool.PoolBase          : HikariPool-1 - Failed to validate connection org.postgresql.jdbc.PgConnection@51f23983 (This connection has been closed.). Possibly consider using a shorter maxLifetime value.
2026-09-07T06:50:00.015-05:00  WARN 23972 --- [Invoice Monitor - Gastoncito] [scheduling-1] com.zaxxer.hikari.pool.PoolBase          : HikariPool-1 - Failed to validate connection org.postgresql.jdbc.PgConnection@3d80283 (This connection has been closed.). Possibly consider using a shorter maxLifetime value.
2026-09-07T06:50:00.015-05:00  WARN 23972 --- [Invoice Monitor - Gastoncito] [scheduling-1] com.zaxxer.hikari.pool.PoolBase          : HikariPool-1 - Failed to validate connection org.postgresql.jdbc.PgConnection@46c626f2 (This connection has been closed.). Possibly consider using a shorter maxLifetime value.
2026-09-07T06:50:00.016-05:00  WARN 23972 --- [Invoice Monitor - Gastoncito] [scheduling-1] com.zaxxer.hikari.pool.PoolBase          : HikariPool-1 - Failed to validate connection org.postgresql.jdbc.PgConnection@2cab7e78 (This connection has been closed.). Possibly consider using a shorter maxLifetime value.
2026-09-07T06:50:01.269-05:00  INFO 23972 --- [Invoice Monitor - Gastoncito] [scheduling-1] c.monitor.invoices.ResolutionMonitorJob  : ? No hay alertas de resoluciones por enviar en este momento.
2026-09-07T06:50:01.269-05:00  INFO 23972 --- [Invoice Monitor - Gastoncito] [scheduling-1] c.monitor.invoices.ResolutionMonitorJob  : Monitoreo finalizado.
2026-09-07T06:50:01.269-05:00  INFO 23972 --- [Invoice Monitor - Gastoncito] [scheduling-1] c.monitor.invoices.ResolutionMonitorJob  : ============================================================
2026-09-07T07:00:00.010-05:00  INFO 23972 --- [Invoice Monitor - Gastoncito] [scheduling-1] com.monitor.invoices.InvoiceMonitorJob   : ============================================================
2026-09-07T07:00:00.010-05:00  INFO 23972 --- [Invoice Monitor - Gastoncito] [scheduling-1] com.monitor.invoices.InvoiceMonitorJob   : Iniciando monitoreo de facturas faltantes (Flujo en 2 pasos)...
2026-09-07T07:00:00.010-05:00  INFO 23972 --- [Invoice Monitor - Gastoncito] [scheduling-1] com.monitor.invoices.InvoiceMonitorJob   : Consultando faltantes desde: 2026-08-25 00:00:00
2026-09-07T07:00:00.010-05:00  INFO 23972 --- [Invoice Monitor - Gastoncito] [scheduling-1] com.monitor.invoices.InvoiceMonitorJob   : Paso 1: Insertando datos en invoice_control...
2026-09-07T07:00:00.011-05:00  WARN 23972 --- [Invoice Monitor - Gastoncito] [scheduling-1] com.zaxxer.hikari.pool.PoolBase          : HikariPool-1 - Failed to validate connection org.postgresql.jdbc.PgConnection@6cd5644f (This connection has been closed.). Possibly consider using a shorter maxLifetime value.
2026-09-07T07:00:00.011-05:00  WARN 23972 --- [Invoice Monitor - Gastoncito] [scheduling-1] com.zaxxer.hikari.pool.PoolBase          : HikariPool-1 - Failed to validate connection org.postgresql.jdbc.PgConnection@58dcedf3 (This connection has been closed.). Possibly consider using a shorter maxLifetime value.
2026-09-07T07:00:00.012-05:00  WARN 23972 --- [Invoice Monitor - Gastoncito] [scheduling-1] com.zaxxer.hikari.pool.PoolBase          : HikariPool-1 - Failed to validate connection org.postgresql.jdbc.PgConnection@2ff3002e (This connection has been closed.). Possibly consider using a shorter maxLifetime value.
2026-09-07T07:00:00.012-05:00  WARN 23972 --- [Invoice Monitor - Gastoncito] [scheduling-1] com.zaxxer.hikari.pool.PoolBase          : HikariPool-1 - Failed to validate connection org.postgresql.jdbc.PgConnection@68c3ee83 (This connection has been closed.). Possibly consider using a shorter maxLifetime value.
2026-09-07T07:00:00.013-05:00  WARN 23972 --- [Invoice Monitor - Gastoncito] [scheduling-1] com.zaxxer.hikari.pool.PoolBase          : HikariPool-1 - Failed to validate connection org.postgresql.jdbc.PgConnection@12990c08 (This connection has been closed.). Possibly consider using a shorter maxLifetime value.
2026-09-07T07:06:56.398-05:00  INFO 23972 --- [Invoice Monitor - Gastoncito] [scheduling-1] com.monitor.invoices.InvoiceMonitorJob   : Paso 2: Consultando faltantes...
2026-09-07T07:13:32.370-05:00 ERROR 23972 --- [Invoice Monitor - Gastoncito] [scheduling-1] o.s.s.s.TaskUtils$LoggingErrorHandler    : Unexpected error occurred in scheduled task

java.lang.OutOfMemoryError: Java heap space

2026-09-07T07:13:32.371-05:00  INFO 23972 --- [Invoice Monitor - Gastoncito] [scheduling-1] c.monitor.invoices.ResolutionMonitorJob  : ============================================================
2026-09-07T07:13:32.371-05:00  INFO 23972 --- [Invoice Monitor - Gastoncito] [scheduling-1] c.monitor.invoices.ResolutionMonitorJob  : Iniciando monitoreo de resoluciones por vencerse...
2026-09-07T07:15:27.834-05:00 ERROR 23972 --- [Invoice Monitor - Gastoncito] [scheduling-1] c.monitor.invoices.ResolutionMonitorJob  : ? Error ejecutando la consulta de resoluciones por vencerse: StatementCallback; SQL [SELECT
    e.company,
    c."name" AS company_name,
    e.code AS enumeration_code,
    e.initial_date,
    e.final_date,
    e.current_value,
    e.final_value,
    (e.final_date::date - CURRENT_DATE) AS date_difference_days,
    (e.current_value - e.final_value) AS TOTAL
FROM billing.enumeration e
INNER JOIN  core.company c ON e.company = c.code
INNER JOIN billing.resolution r ON r.enumeration = e.code
INNER JOIN machine.device d ON r.device = d.code
WHERE d.device_type = '1322'
AND e.status = 'A'
AND c.status = 'A'
ORDER BY date_difference_days ASC
]; Multiple ResultSets were returned by the query.

org.springframework.dao.DataIntegrityViolationException: StatementCallback; SQL [SELECT
    e.company,
    c."name" AS company_name,
    e.code AS enumeration_code,
    e.initial_date,
    e.final_date,
    e.current_value,
    e.final_value,
    (e.final_date::date - CURRENT_DATE) AS date_difference_days,
    (e.current_value - e.final_value) AS TOTAL
FROM billing.enumeration e
INNER JOIN  core.company c ON e.company = c.code
INNER JOIN billing.resolution r ON r.enumeration = e.code
INNER JOIN machine.device d ON r.device = d.code
WHERE d.device_type = '1322'
AND e.status = 'A'
AND c.status = 'A'
ORDER BY date_difference_days ASC
]; Multiple ResultSets were returned by the query.
	at org.springframework.jdbc.support.SQLStateSQLExceptionTranslator.doTranslate(SQLStateSQLExceptionTranslator.java:118) ~[spring-jdbc-6.1.6.jar!/:6.1.6]
	at org.springframework.jdbc.support.AbstractFallbackSQLExceptionTranslator.translate(AbstractFallbackSQLExceptionTranslator.java:107) ~[spring-jdbc-6.1.6.jar!/:6.1.6]
	at org.springframework.jdbc.support.AbstractFallbackSQLExceptionTranslator.translate(AbstractFallbackSQLExceptionTranslator.java:116) ~[spring-jdbc-6.1.6.jar!/:6.1.6]
	at org.springframework.jdbc.core.JdbcTemplate.translateException(JdbcTemplate.java:1548) ~[spring-jdbc-6.1.6.jar!/:6.1.6]
	at org.springframework.jdbc.core.JdbcTemplate.execute(JdbcTemplate.java:408) ~[spring-jdbc-6.1.6.jar!/:6.1.6]
	at org.springframework.jdbc.core.JdbcTemplate.query(JdbcTemplate.java:476) ~[spring-jdbc-6.1.6.jar!/:6.1.6]
	at org.springframework.jdbc.core.JdbcTemplate.query(JdbcTemplate.java:486) ~[spring-jdbc-6.1.6.jar!/:6.1.6]
	at org.springframework.jdbc.core.JdbcTemplate.queryForList(JdbcTemplate.java:536) ~[spring-jdbc-6.1.6.jar!/:6.1.6]
	at com.monitor.invoices.MonitorRepository.getExpiringResolutions(MonitorRepository.java:167) ~[!/:1.0.0]
	at jdk.internal.reflect.GeneratedMethodAccessor4.invoke(Unknown Source) ~[na:na]
	at java.base/jdk.internal.reflect.DelegatingMethodAccessorImpl.invoke(DelegatingMethodAccessorImpl.java:43) ~[na:na]
	at java.base/java.lang.reflect.Method.invoke(Method.java:568) ~[na:na]
	at org.springframework.aop.support.AopUtils.invokeJoinpointUsingReflection(AopUtils.java:354) ~[spring-aop-6.1.6.jar!/:6.1.6]
	at org.springframework.aop.framework.ReflectiveMethodInvocation.invokeJoinpoint(ReflectiveMethodInvocation.java:196) ~[spring-aop-6.1.6.jar!/:6.1.6]
	at org.springframework.aop.framework.ReflectiveMethodInvocation.proceed(ReflectiveMethodInvocation.java:163) ~[spring-aop-6.1.6.jar!/:6.1.6]
	at org.springframework.aop.framework.CglibAopProxy$CglibMethodInvocation.proceed(CglibAopProxy.java:768) ~[spring-aop-6.1.6.jar!/:6.1.6]
	at org.springframework.dao.support.PersistenceExceptionTranslationInterceptor.invoke(PersistenceExceptionTranslationInterceptor.java:137) ~[spring-tx-6.1.6.jar!/:6.1.6]
	at org.springframework.aop.framework.ReflectiveMethodInvocation.proceed(ReflectiveMethodInvocation.java:184) ~[spring-aop-6.1.6.jar!/:6.1.6]
	at org.springframework.aop.framework.CglibAopProxy$CglibMethodInvocation.proceed(CglibAopProxy.java:768) ~[spring-aop-6.1.6.jar!/:6.1.6]
	at org.springframework.aop.framework.CglibAopProxy$DynamicAdvisedInterceptor.intercept(CglibAopProxy.java:720) ~[spring-aop-6.1.6.jar!/:6.1.6]
	at com.monitor.invoices.MonitorRepository$$SpringCGLIB$$0.getExpiringResolutions(<generated>) ~[!/:1.0.0]
	at com.monitor.invoices.ResolutionMonitorJob.monitorExpiringResolutions(ResolutionMonitorJob.java:41) ~[!/:1.0.0]
	at jdk.internal.reflect.GeneratedMethodAccessor3.invoke(Unknown Source) ~[na:na]
	at java.base/jdk.internal.reflect.DelegatingMethodAccessorImpl.invoke(DelegatingMethodAccessorImpl.java:43) ~[na:na]
	at java.base/java.lang.reflect.Method.invoke(Method.java:568) ~[na:na]
	at org.springframework.scheduling.support.ScheduledMethodRunnable.runInternal(ScheduledMethodRunnable.java:130) ~[spring-context-6.1.6.jar!/:6.1.6]
	at org.springframework.scheduling.support.ScheduledMethodRunnable.lambda$run$2(ScheduledMethodRunnable.java:124) ~[spring-context-6.1.6.jar!/:6.1.6]
	at io.micrometer.observation.Observation.observe(Observation.java:499) ~[micrometer-observation-1.12.5.jar!/:1.12.5]
	at org.springframework.scheduling.support.ScheduledMethodRunnable.run(ScheduledMethodRunnable.java:124) ~[spring-context-6.1.6.jar!/:6.1.6]
	at org.springframework.scheduling.support.DelegatingErrorHandlingRunnable.run(DelegatingErrorHandlingRunnable.java:54) ~[spring-context-6.1.6.jar!/:6.1.6]
	at org.springframework.scheduling.concurrent.ReschedulingRunnable.run(ReschedulingRunnable.java:96) ~[spring-context-6.1.6.jar!/:6.1.6]
	at java.base/java.util.concurrent.Executors$RunnableAdapter.call(Executors.java:539) ~[na:na]
	at java.base/java.util.concurrent.FutureTask.run(FutureTask.java:264) ~[na:na]
	at java.base/java.util.concurrent.ScheduledThreadPoolExecutor$ScheduledFutureTask.run(ScheduledThreadPoolExecutor.java:304) ~[na:na]
	at java.base/java.util.concurrent.ThreadPoolExecutor.runWorker(ThreadPoolExecutor.java:1136) ~[na:na]
	at java.base/java.util.concurrent.ThreadPoolExecutor$Worker.run(ThreadPoolExecutor.java:635) ~[na:na]
	at java.base/java.lang.Thread.run(Thread.java:833) ~[na:na]
Caused by: org.postgresql.util.PSQLException: Multiple ResultSets were returned by the query.
	at org.postgresql.jdbc.PgStatement.getSingleResultSet(PgStatement.java:259) ~[postgresql-42.6.2.jar!/:42.6.2]
	at org.postgresql.jdbc.PgStatement.executeQuery(PgStatement.java:250) ~[postgresql-42.6.2.jar!/:42.6.2]
	at com.zaxxer.hikari.pool.ProxyStatement.executeQuery(ProxyStatement.java:110) ~[HikariCP-5.0.1.jar!/:na]
	at com.zaxxer.hikari.pool.HikariProxyStatement.executeQuery(HikariProxyStatement.java) ~[HikariCP-5.0.1.jar!/:na]
	at org.springframework.jdbc.core.JdbcTemplate$1QueryStatementCallback.doInStatement(JdbcTemplate.java:463) ~[spring-jdbc-6.1.6.jar!/:6.1.6]
	at org.springframework.jdbc.core.JdbcTemplate.execute(JdbcTemplate.java:393) ~[spring-jdbc-6.1.6.jar!/:6.1.6]
	... 32 common frames omitted

2026-09-07T07:15:27.837-05:00  INFO 23972 --- [Invoice Monitor - Gastoncito] [scheduling-1] c.monitor.invoices.ResolutionMonitorJob  : Monitoreo finalizado.
2026-09-07T07:15:27.837-05:00  INFO 23972 --- [Invoice Monitor - Gastoncito] [scheduling-1] c.monitor.invoices.ResolutionMonitorJob  : ============================================================
2026-09-07T07:20:00.016-05:00  INFO 23972 --- [Invoice Monitor - Gastoncito] [scheduling-1] c.monitor.invoices.ResolutionMonitorJob  : ============================================================
2026-09-07T07:20:00.016-05:00  INFO 23972 --- [Invoice Monitor - Gastoncito] [scheduling-1] c.monitor.invoices.ResolutionMonitorJob  : Iniciando monitoreo de resoluciones por vencerse...
2026-09-07T07:20:00.405-05:00  INFO 23972 --- [Invoice Monitor - Gastoncito] [scheduling-1] c.monitor.invoices.ResolutionMonitorJob  : ? No hay alertas de resoluciones por enviar en este momento.
2026-09-07T07:20:00.405-05:00  INFO 23972 --- [Invoice Monitor - Gastoncito] [scheduling-1] c.monitor.invoices.ResolutionMonitorJob  : Monitoreo finalizado.
2026-09-07T07:20:00.405-05:00  INFO 23972 --- [Invoice Monitor - Gastoncito] [scheduling-1] c.monitor.invoices.ResolutionMonitorJob  : ============================================================
2026-09-07T07:30:00.005-05:00  INFO 23972 --- [Invoice Monitor - Gastoncito] [scheduling-1] c.monitor.invoices.ResolutionMonitorJob  : ============================================================
2026-09-07T07:30:00.005-05:00  INFO 23972 --- [Invoice Monitor - Gastoncito] [scheduling-1] c.monitor.invoices.ResolutionMonitorJob  : Iniciando monitoreo de resoluciones por vencerse...
2026-09-07T07:30:00.006-05:00  WARN 23972 --- [Invoice Monitor - Gastoncito] [scheduling-1] com.zaxxer.hikari.pool.PoolBase          : HikariPool-1 - Failed to validate connection org.postgresql.jdbc.PgConnection@6d900d1e (This connection has been closed.). Possibly consider using a shorter maxLifetime value.
2026-09-07T07:30:00.006-05:00  WARN 23972 --- [Invoice Monitor - Gastoncito] [scheduling-1] com.zaxxer.hikari.pool.PoolBase          : HikariPool-1 - Failed to validate connection org.postgresql.jdbc.PgConnection@34e3d0e3 (This connection has been closed.). Possibly consider using a shorter maxLifetime value.
2026-09-07T07:30:00.527-05:00  INFO 23972 --- [Invoice Monitor - Gastoncito] [scheduling-1] c.monitor.invoices.ResolutionMonitorJob  : ? No hay alertas de resoluciones por enviar en este momento.
2026-09-07T07:30:00.527-05:00  INFO 23972 --- [Invoice Monitor - Gastoncito] [scheduling-1] c.monitor.invoices.ResolutionMonitorJob  : Monitoreo finalizado.
2026-09-07T07:30:00.527-05:00  INFO 23972 --- [Invoice Monitor - Gastoncito] [scheduling-1] c.monitor.invoices.ResolutionMonitorJob  : ============================================================
2026-09-07T07:40:00.012-05:00  INFO 23972 --- [Invoice Monitor - Gastoncito] [scheduling-1] c.monitor.invoices.ResolutionMonitorJob  : ============================================================
2026-09-07T07:40:00.012-05:00  INFO 23972 --- [Invoice Monitor - Gastoncito] [scheduling-1] c.monitor.invoices.ResolutionMonitorJob  : Iniciando monitoreo de resoluciones por vencerse...
2026-09-07T07:40:00.012-05:00  WARN 23972 --- [Invoice Monitor - Gastoncito] [scheduling-1] com.zaxxer.hikari.pool.PoolBase          : HikariPool-1 - Failed to validate connection org.postgresql.jdbc.PgConnection@2cd23899 (This connection has been closed.). Possibly consider using a shorter maxLifetime value.
2026-09-07T07:40:00.013-05:00  WARN 23972 --- [Invoice Monitor - Gastoncito] [scheduling-1] com.zaxxer.hikari.pool.PoolBase          : HikariPool-1 - Failed to validate connection org.postgresql.jdbc.PgConnection@6bf149c5 (This connection has been closed.). Possibly consider using a shorter maxLifetime value.
2026-09-07T07:40:00.013-05:00  WARN 23972 --- [Invoice Monitor - Gastoncito] [scheduling-1] com.zaxxer.hikari.pool.PoolBase          : HikariPool-1 - Failed to validate connection org.postgresql.jdbc.PgConnection@413ff890 (This connection has been closed.). Possibly consider using a shorter maxLifetime value.
2026-09-07T07:40:00.013-05:00  WARN 23972 --- [Invoice Monitor - Gastoncito] [scheduling-1] com.zaxxer.hikari.pool.PoolBase          : HikariPool-1 - Failed to validate connection org.postgresql.jdbc.PgConnection@7c1416de (This connection has been closed.). Possibly consider using a shorter maxLifetime value.
2026-09-07T07:40:00.014-05:00  WARN 23972 --- [Invoice Monitor - Gastoncito] [scheduling-1] com.zaxxer.hikari.pool.PoolBase          : HikariPool-1 - Failed to validate connection org.postgresql.jdbc.PgConnection@4ecb194 (This connection has been closed.). Possibly consider using a shorter maxLifetime value.
2026-09-07T07:40:01.438-05:00  INFO 23972 --- [Invoice Monitor - Gastoncito] [scheduling-1] c.monitor.invoices.ResolutionMonitorJob  : ? No hay alertas de resoluciones por enviar en este momento.
2026-09-07T07:40:01.438-05:00  INFO 23972 --- [Invoice Monitor - Gastoncito] [scheduling-1] c.monitor.invoices.ResolutionMonitorJob  : Monitoreo finalizado.
2026-09-07T07:40:01.438-05:00  INFO 23972 --- [Invoice Monitor - Gastoncito] [scheduling-1] c.monitor.invoices.ResolutionMonitorJob  : ============================================================
2026-09-07T07:50:00.007-05:00  INFO 23972 --- [Invoice Monitor - Gastoncito] [scheduling-1] c.monitor.invoices.ResolutionMonitorJob  : ============================================================
2026-09-07T07:50:00.007-05:00  INFO 23972 --- [Invoice Monitor - Gastoncito] [scheduling-1] c.monitor.invoices.ResolutionMonitorJob  : Iniciando monitoreo de resoluciones por vencerse...
2026-09-07T07:50:00.008-05:00  WARN 23972 --- [Invoice Monitor - Gastoncito] [scheduling-1] com.zaxxer.hikari.pool.PoolBase          : HikariPool-1 - Failed to validate connection org.postgresql.jdbc.PgConnection@65326fad (This connection has been closed.). Possibly consider using a shorter maxLifetime value.
2026-09-07T07:50:00.008-05:00  WARN 23972 --- [Invoice Monitor - Gastoncito] [scheduling-1] com.zaxxer.hikari.pool.PoolBase          : HikariPool-1 - Failed to validate connection org.postgresql.jdbc.PgConnection@709bfb5 (This connection has been closed.). Possibly consider using a shorter maxLifetime value.
2026-09-07T07:50:00.009-05:00  WARN 23972 --- [Invoice Monitor - Gastoncito] [scheduling-1] com.zaxxer.hikari.pool.PoolBase          : HikariPool-1 - Failed to validate connection org.postgresql.jdbc.PgConnection@6608ced1 (This connection has been closed.). Possibly consider using a shorter maxLifetime value.
2026-09-07T07:50:00.009-05:00  WARN 23972 --- [Invoice Monitor - Gastoncito] [scheduling-1] com.zaxxer.hikari.pool.PoolBase          : HikariPool-1 - Failed to validate connection org.postgresql.jdbc.PgConnection@10b18aba (This connection has been closed.). Possibly consider using a shorter maxLifetime value.
2026-09-07T07:50:00.009-05:00  WARN 23972 --- [Invoice Monitor - Gastoncito] [scheduling-1] com.zaxxer.hikari.pool.PoolBase          : HikariPool-1 - Failed to validate connection org.postgresql.jdbc.PgConnection@74a510b7 (This connection has been closed.). Possibly consider using a shorter maxLifetime value.
2026-09-07T07:50:01.403-05:00  INFO 23972 --- [Invoice Monitor - Gastoncito] [scheduling-1] c.monitor.invoices.ResolutionMonitorJob  : ? No hay alertas de resoluciones por enviar en este momento.
2026-09-07T07:50:01.403-05:00  INFO 23972 --- [Invoice Monitor - Gastoncito] [scheduling-1] c.monitor.invoices.ResolutionMonitorJob  : Monitoreo finalizado.
2026-09-07T07:50:01.404-05:00  INFO 23972 --- [Invoice Monitor - Gastoncito] [scheduling-1] c.monitor.invoices.ResolutionMonitorJob  : ============================================================
2026-09-07T08:00:00.006-05:00  INFO 23972 --- [Invoice Monitor - Gastoncito] [scheduling-1] c.monitor.invoices.ResolutionMonitorJob  : ============================================================
2026-09-07T08:00:00.006-05:00  INFO 23972 --- [Invoice Monitor - Gastoncito] [scheduling-1] c.monitor.invoices.ResolutionMonitorJob  : Iniciando monitoreo de resoluciones por vencerse...
2026-09-07T08:00:00.006-05:00  WARN 23972 --- [Invoice Monitor - Gastoncito] [scheduling-1] com.zaxxer.hikari.pool.PoolBase          : HikariPool-1 - Failed to validate connection org.postgresql.jdbc.PgConnection@3e1bed81 (This connection has been closed.). Possibly consider using a shorter maxLifetime value.
2026-09-07T08:00:00.007-05:00  WARN 23972 --- [Invoice Monitor - Gastoncito] [scheduling-1] com.zaxxer.hikari.pool.PoolBase          : HikariPool-1 - Failed to validate connection org.postgresql.jdbc.PgConnection@2bd6ffd (This connection has been closed.). Possibly consider using a shorter maxLifetime value.
2026-09-07T08:00:00.007-05:00  WARN 23972 --- [Invoice Monitor - Gastoncito] [scheduling-1] com.zaxxer.hikari.pool.PoolBase          : HikariPool-1 - Failed to validate connection org.postgresql.jdbc.PgConnection@5e41f7b5 (This connection has been closed.). Possibly consider using a shorter maxLifetime value.
2026-09-07T08:00:00.008-05:00  WARN 23972 --- [Invoice Monitor - Gastoncito] [scheduling-1] com.zaxxer.hikari.pool.PoolBase          : HikariPool-1 - Failed to validate connection org.postgresql.jdbc.PgConnection@3f576e19 (This connection has been closed.). Possibly consider using a shorter maxLifetime value.
2026-09-07T08:00:00.008-05:00  WARN 23972 --- [Invoice Monitor - Gastoncito] [scheduling-1] com.zaxxer.hikari.pool.PoolBase          : HikariPool-1 - Failed to validate connection org.postgresql.jdbc.PgConnection@fb4504c (This connection has been closed.). Possibly consider using a shorter maxLifetime value.
2026-09-07T08:00:01.427-05:00  INFO 23972 --- [Invoice Monitor - Gastoncito] [scheduling-1] c.monitor.invoices.ResolutionMonitorJob  : ? No hay alertas de resoluciones por enviar en este momento.
2026-09-07T08:00:01.428-05:00  INFO 23972 --- [Invoice Monitor - Gastoncito] [scheduling-1] c.monitor.invoices.ResolutionMonitorJob  : Monitoreo finalizado.
2026-09-07T08:00:01.428-05:00  INFO 23972 --- [Invoice Monitor - Gastoncito] [scheduling-1] c.monitor.invoices.ResolutionMonitorJob  : ============================================================
2026-09-07T08:00:01.428-05:00  INFO 23972 --- [Invoice Monitor - Gastoncito] [scheduling-1] com.monitor.invoices.InvoiceMonitorJob   : ============================================================
2026-09-07T08:00:01.428-05:00  INFO 23972 --- [Invoice Monitor - Gastoncito] [scheduling-1] com.monitor.invoices.InvoiceMonitorJob   : Iniciando monitoreo de facturas faltantes (Flujo en 2 pasos)...
2026-09-07T08:00:01.428-05:00  INFO 23972 --- [Invoice Monitor - Gastoncito] [scheduling-1] com.monitor.invoices.InvoiceMonitorJob   : Consultando faltantes desde: 2026-08-25 00:00:00
2026-09-07T08:00:01.428-05:00  INFO 23972 --- [Invoice Monitor - Gastoncito] [scheduling-1] com.monitor.invoices.InvoiceMonitorJob   : Paso 1: Insertando datos en invoice_control...
2026-09-07T08:04:44.096-05:00  INFO 23972 --- [Invoice Monitor - Gastoncito] [scheduling-1] com.monitor.invoices.InvoiceMonitorJob   : Paso 2: Consultando faltantes...
2026-09-07T08:11:43.941-05:00 ERROR 23972 --- [Invoice Monitor - Gastoncito] [scheduling-1] o.s.s.s.TaskUtils$LoggingErrorHandler    : Unexpected error occurred in scheduled task

java.lang.OutOfMemoryError: Java heap space

2026-09-07T08:11:43.952-05:00  INFO 23972 --- [Invoice Monitor - Gastoncito] [scheduling-1] c.monitor.invoices.ResolutionMonitorJob  : ============================================================
2026-09-07T08:11:43.958-05:00  INFO 23972 --- [Invoice Monitor - Gastoncito] [scheduling-1] c.monitor.invoices.ResolutionMonitorJob  : Iniciando monitoreo de resoluciones por vencerse...
2026-09-07T08:14:19.153-05:00 ERROR 23972 --- [Invoice Monitor - Gastoncito] [scheduling-1] c.monitor.invoices.ResolutionMonitorJob  : ? Error ejecutando la consulta de resoluciones por vencerse: StatementCallback; SQL [SELECT
    e.company,
    c."name" AS company_name,
    e.code AS enumeration_code,
    e.initial_date,
    e.final_date,
    e.current_value,
    e.final_value,
    (e.final_date::date - CURRENT_DATE) AS date_difference_days,
    (e.current_value - e.final_value) AS TOTAL
FROM billing.enumeration e
INNER JOIN  core.company c ON e.company = c.code
INNER JOIN billing.resolution r ON r.enumeration = e.code
INNER JOIN machine.device d ON r.device = d.code
WHERE d.device_type = '1322'
AND e.status = 'A'
AND c.status = 'A'
ORDER BY date_difference_days ASC
]; Multiple ResultSets were returned by the query.

org.springframework.dao.DataIntegrityViolationException: StatementCallback; SQL [SELECT
    e.company,
    c."name" AS company_name,
    e.code AS enumeration_code,
    e.initial_date,
    e.final_date,
    e.current_value,
    e.final_value,
    (e.final_date::date - CURRENT_DATE) AS date_difference_days,
    (e.current_value - e.final_value) AS TOTAL
FROM billing.enumeration e
INNER JOIN  core.company c ON e.company = c.code
INNER JOIN billing.resolution r ON r.enumeration = e.code
INNER JOIN machine.device d ON r.device = d.code
WHERE d.device_type = '1322'
AND e.status = 'A'
AND c.status = 'A'
ORDER BY date_difference_days ASC
]; Multiple ResultSets were returned by the query.
	at org.springframework.jdbc.support.SQLStateSQLExceptionTranslator.doTranslate(SQLStateSQLExceptionTranslator.java:118) ~[spring-jdbc-6.1.6.jar!/:6.1.6]
	at org.springframework.jdbc.support.AbstractFallbackSQLExceptionTranslator.translate(AbstractFallbackSQLExceptionTranslator.java:107) ~[spring-jdbc-6.1.6.jar!/:6.1.6]
	at org.springframework.jdbc.support.AbstractFallbackSQLExceptionTranslator.translate(AbstractFallbackSQLExceptionTranslator.java:116) ~[spring-jdbc-6.1.6.jar!/:6.1.6]
	at org.springframework.jdbc.core.JdbcTemplate.translateException(JdbcTemplate.java:1548) ~[spring-jdbc-6.1.6.jar!/:6.1.6]
	at org.springframework.jdbc.core.JdbcTemplate.execute(JdbcTemplate.java:408) ~[spring-jdbc-6.1.6.jar!/:6.1.6]
	at org.springframework.jdbc.core.JdbcTemplate.query(JdbcTemplate.java:476) ~[spring-jdbc-6.1.6.jar!/:6.1.6]
	at org.springframework.jdbc.core.JdbcTemplate.query(JdbcTemplate.java:486) ~[spring-jdbc-6.1.6.jar!/:6.1.6]
	at org.springframework.jdbc.core.JdbcTemplate.queryForList(JdbcTemplate.java:536) ~[spring-jdbc-6.1.6.jar!/:6.1.6]
	at com.monitor.invoices.MonitorRepository.getExpiringResolutions(MonitorRepository.java:167) ~[!/:1.0.0]
	at jdk.internal.reflect.GeneratedMethodAccessor4.invoke(Unknown Source) ~[na:na]
	at java.base/jdk.internal.reflect.DelegatingMethodAccessorImpl.invoke(DelegatingMethodAccessorImpl.java:43) ~[na:na]
	at java.base/java.lang.reflect.Method.invoke(Method.java:568) ~[na:na]
	at org.springframework.aop.support.AopUtils.invokeJoinpointUsingReflection(AopUtils.java:354) ~[spring-aop-6.1.6.jar!/:6.1.6]
	at org.springframework.aop.framework.ReflectiveMethodInvocation.invokeJoinpoint(ReflectiveMethodInvocation.java:196) ~[spring-aop-6.1.6.jar!/:6.1.6]
	at org.springframework.aop.framework.ReflectiveMethodInvocation.proceed(ReflectiveMethodInvocation.java:163) ~[spring-aop-6.1.6.jar!/:6.1.6]
	at org.springframework.aop.framework.CglibAopProxy$CglibMethodInvocation.proceed(CglibAopProxy.java:768) ~[spring-aop-6.1.6.jar!/:6.1.6]
	at org.springframework.dao.support.PersistenceExceptionTranslationInterceptor.invoke(PersistenceExceptionTranslationInterceptor.java:137) ~[spring-tx-6.1.6.jar!/:6.1.6]
	at org.springframework.aop.framework.ReflectiveMethodInvocation.proceed(ReflectiveMethodInvocation.java:184) ~[spring-aop-6.1.6.jar!/:6.1.6]
	at org.springframework.aop.framework.CglibAopProxy$CglibMethodInvocation.proceed(CglibAopProxy.java:768) ~[spring-aop-6.1.6.jar!/:6.1.6]
	at org.springframework.aop.framework.CglibAopProxy$DynamicAdvisedInterceptor.intercept(CglibAopProxy.java:720) ~[spring-aop-6.1.6.jar!/:6.1.6]
	at com.monitor.invoices.MonitorRepository$$SpringCGLIB$$0.getExpiringResolutions(<generated>) ~[!/:1.0.0]
	at com.monitor.invoices.ResolutionMonitorJob.monitorExpiringResolutions(ResolutionMonitorJob.java:41) ~[!/:1.0.0]
	at jdk.internal.reflect.GeneratedMethodAccessor3.invoke(Unknown Source) ~[na:na]
	at java.base/jdk.internal.reflect.DelegatingMethodAccessorImpl.invoke(DelegatingMethodAccessorImpl.java:43) ~[na:na]
	at java.base/java.lang.reflect.Method.invoke(Method.java:568) ~[na:na]
	at org.springframework.scheduling.support.ScheduledMethodRunnable.runInternal(ScheduledMethodRunnable.java:130) ~[spring-context-6.1.6.jar!/:6.1.6]
	at org.springframework.scheduling.support.ScheduledMethodRunnable.lambda$run$2(ScheduledMethodRunnable.java:124) ~[spring-context-6.1.6.jar!/:6.1.6]
	at io.micrometer.observation.Observation.observe(Observation.java:499) ~[micrometer-observation-1.12.5.jar!/:1.12.5]
	at org.springframework.scheduling.support.ScheduledMethodRunnable.run(ScheduledMethodRunnable.java:124) ~[spring-context-6.1.6.jar!/:6.1.6]
	at org.springframework.scheduling.support.DelegatingErrorHandlingRunnable.run(DelegatingErrorHandlingRunnable.java:54) ~[spring-context-6.1.6.jar!/:6.1.6]
	at org.springframework.scheduling.concurrent.ReschedulingRunnable.run(ReschedulingRunnable.java:96) ~[spring-context-6.1.6.jar!/:6.1.6]
	at java.base/java.util.concurrent.Executors$RunnableAdapter.call(Executors.java:539) ~[na:na]
	at java.base/java.util.concurrent.FutureTask.run(FutureTask.java:264) ~[na:na]
	at java.base/java.util.concurrent.ScheduledThreadPoolExecutor$ScheduledFutureTask.run(ScheduledThreadPoolExecutor.java:304) ~[na:na]
	at java.base/java.util.concurrent.ThreadPoolExecutor.runWorker(ThreadPoolExecutor.java:1136) ~[na:na]
	at java.base/java.util.concurrent.ThreadPoolExecutor$Worker.run(ThreadPoolExecutor.java:635) ~[na:na]
	at java.base/java.lang.Thread.run(Thread.java:833) ~[na:na]
Caused by: org.postgresql.util.PSQLException: Multiple ResultSets were returned by the query.
	at org.postgresql.jdbc.PgStatement.getSingleResultSet(PgStatement.java:259) ~[postgresql-42.6.2.jar!/:42.6.2]
	at org.postgresql.jdbc.PgStatement.executeQuery(PgStatement.java:250) ~[postgresql-42.6.2.jar!/:42.6.2]
	at com.zaxxer.hikari.pool.ProxyStatement.executeQuery(ProxyStatement.java:110) ~[HikariCP-5.0.1.jar!/:na]
	at com.zaxxer.hikari.pool.HikariProxyStatement.executeQuery(HikariProxyStatement.java) ~[HikariCP-5.0.1.jar!/:na]
	at org.springframework.jdbc.core.JdbcTemplate$1QueryStatementCallback.doInStatement(JdbcTemplate.java:463) ~[spring-jdbc-6.1.6.jar!/:6.1.6]
	at org.springframework.jdbc.core.JdbcTemplate.execute(JdbcTemplate.java:393) ~[spring-jdbc-6.1.6.jar!/:6.1.6]
	... 32 common frames omitted

2026-09-07T08:14:19.158-05:00  INFO 23972 --- [Invoice Monitor - Gastoncito] [scheduling-1] c.monitor.invoices.ResolutionMonitorJob  : Monitoreo finalizado.
2026-09-07T08:14:19.158-05:00  INFO 23972 --- [Invoice Monitor - Gastoncito] [scheduling-1] c.monitor.invoices.ResolutionMonitorJob  : ============================================================
2026-09-07T08:20:00.002-05:00  INFO 23972 --- [Invoice Monitor - Gastoncito] [scheduling-1] c.monitor.invoices.ResolutionMonitorJob  : ============================================================
2026-09-07T08:20:00.002-05:00  INFO 23972 --- [Invoice Monitor - Gastoncito] [scheduling-1] c.monitor.invoices.ResolutionMonitorJob  : Iniciando monitoreo de resoluciones por vencerse...
2026-09-07T08:20:00.002-05:00  WARN 23972 --- [Invoice Monitor - Gastoncito] [scheduling-1] com.zaxxer.hikari.pool.PoolBase          : HikariPool-1 - Failed to validate connection org.postgresql.jdbc.PgConnection@33112ca0 (This connection has been closed.). Possibly consider using a shorter maxLifetime value.
2026-09-07T08:20:00.003-05:00  WARN 23972 --- [Invoice Monitor - Gastoncito] [scheduling-1] com.zaxxer.hikari.pool.PoolBase          : HikariPool-1 - Failed to validate connection org.postgresql.jdbc.PgConnection@2d12bb (This connection has been closed.). Possibly consider using a shorter maxLifetime value.
2026-09-07T08:20:00.003-05:00  WARN 23972 --- [Invoice Monitor - Gastoncito] [scheduling-1] com.zaxxer.hikari.pool.PoolBase          : HikariPool-1 - Failed to validate connection org.postgresql.jdbc.PgConnection@22628ca4 (This connection has been closed.). Possibly consider using a shorter maxLifetime value.
2026-09-07T08:20:00.004-05:00  WARN 23972 --- [Invoice Monitor - Gastoncito] [scheduling-1] com.zaxxer.hikari.pool.PoolBase          : HikariPool-1 - Failed to validate connection org.postgresql.jdbc.PgConnection@18acd064 (This connection has been closed.). Possibly consider using a shorter maxLifetime value.
2026-09-07T08:20:00.004-05:00  WARN 23972 --- [Invoice Monitor - Gastoncito] [scheduling-1] com.zaxxer.hikari.pool.PoolBase          : HikariPool-1 - Failed to validate connection org.postgresql.jdbc.PgConnection@578c7013 (This connection has been closed.). Possibly consider using a shorter maxLifetime value.
2026-09-07T08:20:01.437-05:00  INFO 23972 --- [Invoice Monitor - Gastoncito] [scheduling-1] c.monitor.invoices.ResolutionMonitorJob  : ? No hay alertas de resoluciones por enviar en este momento.
2026-09-07T08:20:01.437-05:00  INFO 23972 --- [Invoice Monitor - Gastoncito] [scheduling-1] c.monitor.invoices.ResolutionMonitorJob  : Monitoreo finalizado.
2026-09-07T08:20:01.437-05:00  INFO 23972 --- [Invoice Monitor - Gastoncito] [scheduling-1] c.monitor.invoices.ResolutionMonitorJob  : ============================================================
2026-09-07T08:30:00.011-05:00  INFO 23972 --- [Invoice Monitor - Gastoncito] [scheduling-1] c.monitor.invoices.ResolutionMonitorJob  : ============================================================
2026-09-07T08:30:00.011-05:00  INFO 23972 --- [Invoice Monitor - Gastoncito] [scheduling-1] c.monitor.invoices.ResolutionMonitorJob  : Iniciando monitoreo de resoluciones por vencerse...
2026-09-07T08:30:00.012-05:00  WARN 23972 --- [Invoice Monitor - Gastoncito] [scheduling-1] com.zaxxer.hikari.pool.PoolBase          : HikariPool-1 - Failed to validate connection org.postgresql.jdbc.PgConnection@3f5c1893 (This connection has been closed.). Possibly consider using a shorter maxLifetime value.
2026-09-07T08:30:00.012-05:00  WARN 23972 --- [Invoice Monitor - Gastoncito] [scheduling-1] com.zaxxer.hikari.pool.PoolBase          : HikariPool-1 - Failed to validate connection org.postgresql.jdbc.PgConnection@77bc6ac9 (This connection has been closed.). Possibly consider using a shorter maxLifetime value.
2026-09-07T08:30:00.013-05:00  WARN 23972 --- [Invoice Monitor - Gastoncito] [scheduling-1] com.zaxxer.hikari.pool.PoolBase          : HikariPool-1 - Failed to validate connection org.postgresql.jdbc.PgConnection@430480c5 (This connection has been closed.). Possibly consider using a shorter maxLifetime value.
2026-09-07T08:30:00.013-05:00  WARN 23972 --- [Invoice Monitor - Gastoncito] [scheduling-1] com.zaxxer.hikari.pool.PoolBase          : HikariPool-1 - Failed to validate connection org.postgresql.jdbc.PgConnection@1cc380b6 (This connection has been closed.). Possibly consider using a shorter maxLifetime value.
2026-09-07T08:30:00.014-05:00  WARN 23972 --- [Invoice Monitor - Gastoncito] [scheduling-1] com.zaxxer.hikari.pool.PoolBase          : HikariPool-1 - Failed to validate connection org.postgresql.jdbc.PgConnection@7869f97a (This connection has been closed.). Possibly consider using a shorter maxLifetime value.
2026-09-07T08:30:01.313-05:00  INFO 23972 --- [Invoice Monitor - Gastoncito] [scheduling-1] c.monitor.invoices.ResolutionMonitorJob  : ? No hay alertas de resoluciones por enviar en este momento.
2026-09-07T08:30:01.313-05:00  INFO 23972 --- [Invoice Monitor - Gastoncito] [scheduling-1] c.monitor.invoices.ResolutionMonitorJob  : Monitoreo finalizado.
2026-09-07T08:30:01.314-05:00  INFO 23972 --- [Invoice Monitor - Gastoncito] [scheduling-1] c.monitor.invoices.ResolutionMonitorJob  : ============================================================
2026-09-07T08:40:00.011-05:00  INFO 23972 --- [Invoice Monitor - Gastoncito] [scheduling-1] c.monitor.invoices.ResolutionMonitorJob  : ============================================================
2026-09-07T08:40:00.011-05:00  INFO 23972 --- [Invoice Monitor - Gastoncito] [scheduling-1] c.monitor.invoices.ResolutionMonitorJob  : Iniciando monitoreo de resoluciones por vencerse...
2026-09-07T08:40:00.012-05:00  WARN 23972 --- [Invoice Monitor - Gastoncito] [scheduling-1] com.zaxxer.hikari.pool.PoolBase          : HikariPool-1 - Failed to validate connection org.postgresql.jdbc.PgConnection@6c173e9c (This connection has been closed.). Possibly consider using a shorter maxLifetime value.
2026-09-07T08:40:00.013-05:00  WARN 23972 --- [Invoice Monitor - Gastoncito] [scheduling-1] com.zaxxer.hikari.pool.PoolBase          : HikariPool-1 - Failed to validate connection org.postgresql.jdbc.PgConnection@bb47e8b (This connection has been closed.). Possibly consider using a shorter maxLifetime value.
2026-09-07T08:40:00.013-05:00  WARN 23972 --- [Invoice Monitor - Gastoncito] [scheduling-1] com.zaxxer.hikari.pool.PoolBase          : HikariPool-1 - Failed to validate connection org.postgresql.jdbc.PgConnection@3c21e4ae (This connection has been closed.). Possibly consider using a shorter maxLifetime value.
2026-09-07T08:40:00.014-05:00  WARN 23972 --- [Invoice Monitor - Gastoncito] [scheduling-1] com.zaxxer.hikari.pool.PoolBase          : HikariPool-1 - Failed to validate connection org.postgresql.jdbc.PgConnection@6997ce68 (This connection has been closed.). Possibly consider using a shorter maxLifetime value.
2026-09-07T08:40:00.014-05:00  WARN 23972 --- [Invoice Monitor - Gastoncito] [scheduling-1] com.zaxxer.hikari.pool.PoolBase          : HikariPool-1 - Failed to validate connection org.postgresql.jdbc.PgConnection@76b17b38 (This connection has been closed.). Possibly consider using a shorter maxLifetime value.
2026-09-07T08:40:01.449-05:00  INFO 23972 --- [Invoice Monitor - Gastoncito] [scheduling-1] c.monitor.invoices.ResolutionMonitorJob  : ? No hay alertas de resoluciones por enviar en este momento.
2026-09-07T08:40:01.450-05:00  INFO 23972 --- [Invoice Monitor - Gastoncito] [scheduling-1] c.monitor.invoices.ResolutionMonitorJob  : Monitoreo finalizado.
2026-09-07T08:40:01.450-05:00  INFO 23972 --- [Invoice Monitor - Gastoncito] [scheduling-1] c.monitor.invoices.ResolutionMonitorJob  : ============================================================
2026-09-07T08:50:00.009-05:00  INFO 23972 --- [Invoice Monitor - Gastoncito] [scheduling-1] c.monitor.invoices.ResolutionMonitorJob  : ============================================================
2026-09-07T08:50:00.017-05:00  INFO 23972 --- [Invoice Monitor - Gastoncito] [scheduling-1] c.monitor.invoices.ResolutionMonitorJob  : Iniciando monitoreo de resoluciones por vencerse...
2026-09-07T08:50:00.018-05:00  WARN 23972 --- [Invoice Monitor - Gastoncito] [scheduling-1] com.zaxxer.hikari.pool.PoolBase          : HikariPool-1 - Failed to validate connection org.postgresql.jdbc.PgConnection@5ed91343 (This connection has been closed.). Possibly consider using a shorter maxLifetime value.
2026-09-07T08:50:00.019-05:00  WARN 23972 --- [Invoice Monitor - Gastoncito] [scheduling-1] com.zaxxer.hikari.pool.PoolBase          : HikariPool-1 - Failed to validate connection org.postgresql.jdbc.PgConnection@3addffe9 (This connection has been closed.). Possibly consider using a shorter maxLifetime value.
2026-09-07T08:50:00.020-05:00  WARN 23972 --- [Invoice Monitor - Gastoncito] [scheduling-1] com.zaxxer.hikari.pool.PoolBase          : HikariPool-1 - Failed to validate connection org.postgresql.jdbc.PgConnection@47483b31 (This connection has been closed.). Possibly consider using a shorter maxLifetime value.
2026-09-07T08:50:00.020-05:00  WARN 23972 --- [Invoice Monitor - Gastoncito] [scheduling-1] com.zaxxer.hikari.pool.PoolBase          : HikariPool-1 - Failed to validate connection org.postgresql.jdbc.PgConnection@519d7b90 (This connection has been closed.). Possibly consider using a shorter maxLifetime value.
2026-09-07T08:50:00.021-05:00  WARN 23972 --- [Invoice Monitor - Gastoncito] [scheduling-1] com.zaxxer.hikari.pool.PoolBase          : HikariPool-1 - Failed to validate connection org.postgresql.jdbc.PgConnection@482fd299 (This connection has been closed.). Possibly consider using a shorter maxLifetime value.
2026-09-07T08:50:01.419-05:00  INFO 23972 --- [Invoice Monitor - Gastoncito] [scheduling-1] c.monitor.invoices.ResolutionMonitorJob  : ? No hay alertas de resoluciones por enviar en este momento.
2026-09-07T08:50:01.420-05:00  INFO 23972 --- [Invoice Monitor - Gastoncito] [scheduling-1] c.monitor.invoices.ResolutionMonitorJob  : Monitoreo finalizado.
2026-09-07T08:50:01.420-05:00  INFO 23972 --- [Invoice Monitor - Gastoncito] [scheduling-1] c.monitor.invoices.ResolutionMonitorJob  : ============================================================
2026-09-07T09:00:00.013-05:00  INFO 23972 --- [Invoice Monitor - Gastoncito] [scheduling-1] c.monitor.invoices.ResolutionMonitorJob  : ============================================================
2026-09-07T09:00:00.013-05:00  INFO 23972 --- [Invoice Monitor - Gastoncito] [scheduling-1] c.monitor.invoices.ResolutionMonitorJob  : Iniciando monitoreo de resoluciones por vencerse...
2026-09-07T09:00:00.014-05:00  WARN 23972 --- [Invoice Monitor - Gastoncito] [scheduling-1] com.zaxxer.hikari.pool.PoolBase          : HikariPool-1 - Failed to validate connection org.postgresql.jdbc.PgConnection@1d584ec2 (This connection has been closed.). Possibly consider using a shorter maxLifetime value.
2026-09-07T09:00:00.014-05:00  WARN 23972 --- [Invoice Monitor - Gastoncito] [scheduling-1] com.zaxxer.hikari.pool.PoolBase          : HikariPool-1 - Failed to validate connection org.postgresql.jdbc.PgConnection@21b4d6f9 (This connection has been closed.). Possibly consider using a shorter maxLifetime value.
2026-09-07T09:00:00.015-05:00  WARN 23972 --- [Invoice Monitor - Gastoncito] [scheduling-1] com.zaxxer.hikari.pool.PoolBase          : HikariPool-1 - Failed to validate connection org.postgresql.jdbc.PgConnection@1739734c (This connection has been closed.). Possibly consider using a shorter maxLifetime value.
2026-09-07T09:00:00.015-05:00  WARN 23972 --- [Invoice Monitor - Gastoncito] [scheduling-1] com.zaxxer.hikari.pool.PoolBase          : HikariPool-1 - Failed to validate connection org.postgresql.jdbc.PgConnection@48c80137 (This connection has been closed.). Possibly consider using a shorter maxLifetime value.
2026-09-07T09:00:00.016-05:00  WARN 23972 --- [Invoice Monitor - Gastoncito] [scheduling-1] com.zaxxer.hikari.pool.PoolBase          : HikariPool-1 - Failed to validate connection org.postgresql.jdbc.PgConnection@28189ff2 (This connection has been closed.). Possibly consider using a shorter maxLifetime value.
2026-09-07T09:00:01.305-05:00  INFO 23972 --- [Invoice Monitor - Gastoncito] [scheduling-1] c.monitor.invoices.ResolutionMonitorJob  : ? No hay alertas de resoluciones por enviar en este momento.
2026-09-07T09:00:01.305-05:00  INFO 23972 --- [Invoice Monitor - Gastoncito] [scheduling-1] c.monitor.invoices.ResolutionMonitorJob  : Monitoreo finalizado.
2026-09-07T09:00:01.305-05:00  INFO 23972 --- [Invoice Monitor - Gastoncito] [scheduling-1] c.monitor.invoices.ResolutionMonitorJob  : ============================================================
2026-09-07T09:00:01.306-05:00  INFO 23972 --- [Invoice Monitor - Gastoncito] [scheduling-1] com.monitor.invoices.InvoiceMonitorJob   : ============================================================
2026-09-07T09:00:01.306-05:00  INFO 23972 --- [Invoice Monitor - Gastoncito] [scheduling-1] com.monitor.invoices.InvoiceMonitorJob   : Iniciando monitoreo de facturas faltantes (Flujo en 2 pasos)...
2026-09-07T09:00:01.306-05:00  INFO 23972 --- [Invoice Monitor - Gastoncito] [scheduling-1] com.monitor.invoices.InvoiceMonitorJob   : Consultando faltantes desde: 2026-08-25 00:00:00
2026-09-07T09:00:01.306-05:00  INFO 23972 --- [Invoice Monitor - Gastoncito] [scheduling-1] com.monitor.invoices.InvoiceMonitorJob   : Paso 1: Insertando datos en invoice_control...
2026-09-07T09:04:44.328-05:00  INFO 23972 --- [Invoice Monitor - Gastoncito] [scheduling-1] com.monitor.invoices.InvoiceMonitorJob   : Paso 2: Consultando faltantes...
2026-09-07T09:11:15.156-05:00 ERROR 23972 --- [Invoice Monitor - Gastoncito] [scheduling-1] o.s.s.s.TaskUtils$LoggingErrorHandler    : Unexpected error occurred in scheduled task

java.lang.OutOfMemoryError: Java heap space

2026-09-07T09:11:15.157-05:00  INFO 23972 --- [Invoice Monitor - Gastoncito] [scheduling-1] c.monitor.invoices.ResolutionMonitorJob  : ============================================================
2026-09-07T09:11:15.157-05:00  INFO 23972 --- [Invoice Monitor - Gastoncito] [scheduling-1] c.monitor.invoices.ResolutionMonitorJob  : Iniciando monitoreo de resoluciones por vencerse...
2026-09-07T09:13:17.037-05:00 ERROR 23972 --- [Invoice Monitor - Gastoncito] [scheduling-1] c.monitor.invoices.ResolutionMonitorJob  : ? Error ejecutando la consulta de resoluciones por vencerse: StatementCallback; SQL [SELECT
    e.company,
    c."name" AS company_name,
    e.code AS enumeration_code,
    e.initial_date,
    e.final_date,
    e.current_value,
    e.final_value,
    (e.final_date::date - CURRENT_DATE) AS date_difference_days,
    (e.current_value - e.final_value) AS TOTAL
FROM billing.enumeration e
INNER JOIN  core.company c ON e.company = c.code
INNER JOIN billing.resolution r ON r.enumeration = e.code
INNER JOIN machine.device d ON r.device = d.code
WHERE d.device_type = '1322'
AND e.status = 'A'
AND c.status = 'A'
ORDER BY date_difference_days ASC
]; Multiple ResultSets were returned by the query.

org.springframework.dao.DataIntegrityViolationException: StatementCallback; SQL [SELECT
    e.company,
    c."name" AS company_name,
    e.code AS enumeration_code,
    e.initial_date,
    e.final_date,
    e.current_value,
    e.final_value,
    (e.final_date::date - CURRENT_DATE) AS date_difference_days,
    (e.current_value - e.final_value) AS TOTAL
FROM billing.enumeration e
INNER JOIN  core.company c ON e.company = c.code
INNER JOIN billing.resolution r ON r.enumeration = e.code
INNER JOIN machine.device d ON r.device = d.code
WHERE d.device_type = '1322'
AND e.status = 'A'
AND c.status = 'A'
ORDER BY date_difference_days ASC
]; Multiple ResultSets were returned by the query.
	at org.springframework.jdbc.support.SQLStateSQLExceptionTranslator.doTranslate(SQLStateSQLExceptionTranslator.java:118) ~[spring-jdbc-6.1.6.jar!/:6.1.6]
	at org.springframework.jdbc.support.AbstractFallbackSQLExceptionTranslator.translate(AbstractFallbackSQLExceptionTranslator.java:107) ~[spring-jdbc-6.1.6.jar!/:6.1.6]
	at org.springframework.jdbc.support.AbstractFallbackSQLExceptionTranslator.translate(AbstractFallbackSQLExceptionTranslator.java:116) ~[spring-jdbc-6.1.6.jar!/:6.1.6]
	at org.springframework.jdbc.core.JdbcTemplate.translateException(JdbcTemplate.java:1548) ~[spring-jdbc-6.1.6.jar!/:6.1.6]
	at org.springframework.jdbc.core.JdbcTemplate.execute(JdbcTemplate.java:408) ~[spring-jdbc-6.1.6.jar!/:6.1.6]
	at org.springframework.jdbc.core.JdbcTemplate.query(JdbcTemplate.java:476) ~[spring-jdbc-6.1.6.jar!/:6.1.6]
	at org.springframework.jdbc.core.JdbcTemplate.query(JdbcTemplate.java:486) ~[spring-jdbc-6.1.6.jar!/:6.1.6]
	at org.springframework.jdbc.core.JdbcTemplate.queryForList(JdbcTemplate.java:536) ~[spring-jdbc-6.1.6.jar!/:6.1.6]
	at com.monitor.invoices.MonitorRepository.getExpiringResolutions(MonitorRepository.java:167) ~[!/:1.0.0]
	at jdk.internal.reflect.GeneratedMethodAccessor4.invoke(Unknown Source) ~[na:na]
	at java.base/jdk.internal.reflect.DelegatingMethodAccessorImpl.invoke(DelegatingMethodAccessorImpl.java:43) ~[na:na]
	at java.base/java.lang.reflect.Method.invoke(Method.java:568) ~[na:na]
	at org.springframework.aop.support.AopUtils.invokeJoinpointUsingReflection(AopUtils.java:354) ~[spring-aop-6.1.6.jar!/:6.1.6]
	at org.springframework.aop.framework.ReflectiveMethodInvocation.invokeJoinpoint(ReflectiveMethodInvocation.java:196) ~[spring-aop-6.1.6.jar!/:6.1.6]
	at org.springframework.aop.framework.ReflectiveMethodInvocation.proceed(ReflectiveMethodInvocation.java:163) ~[spring-aop-6.1.6.jar!/:6.1.6]
	at org.springframework.aop.framework.CglibAopProxy$CglibMethodInvocation.proceed(CglibAopProxy.java:768) ~[spring-aop-6.1.6.jar!/:6.1.6]
	at org.springframework.dao.support.PersistenceExceptionTranslationInterceptor.invoke(PersistenceExceptionTranslationInterceptor.java:137) ~[spring-tx-6.1.6.jar!/:6.1.6]
	at org.springframework.aop.framework.ReflectiveMethodInvocation.proceed(ReflectiveMethodInvocation.java:184) ~[spring-aop-6.1.6.jar!/:6.1.6]
	at org.springframework.aop.framework.CglibAopProxy$CglibMethodInvocation.proceed(CglibAopProxy.java:768) ~[spring-aop-6.1.6.jar!/:6.1.6]
	at org.springframework.aop.framework.CglibAopProxy$DynamicAdvisedInterceptor.intercept(CglibAopProxy.java:720) ~[spring-aop-6.1.6.jar!/:6.1.6]
	at com.monitor.invoices.MonitorRepository$$SpringCGLIB$$0.getExpiringResolutions(<generated>) ~[!/:1.0.0]
	at com.monitor.invoices.ResolutionMonitorJob.monitorExpiringResolutions(ResolutionMonitorJob.java:41) ~[!/:1.0.0]
	at jdk.internal.reflect.GeneratedMethodAccessor3.invoke(Unknown Source) ~[na:na]
	at java.base/jdk.internal.reflect.DelegatingMethodAccessorImpl.invoke(DelegatingMethodAccessorImpl.java:43) ~[na:na]
	at java.base/java.lang.reflect.Method.invoke(Method.java:568) ~[na:na]
	at org.springframework.scheduling.support.ScheduledMethodRunnable.runInternal(ScheduledMethodRunnable.java:130) ~[spring-context-6.1.6.jar!/:6.1.6]
	at org.springframework.scheduling.support.ScheduledMethodRunnable.lambda$run$2(ScheduledMethodRunnable.java:124) ~[spring-context-6.1.6.jar!/:6.1.6]
	at io.micrometer.observation.Observation.observe(Observation.java:499) ~[micrometer-observation-1.12.5.jar!/:1.12.5]
	at org.springframework.scheduling.support.ScheduledMethodRunnable.run(ScheduledMethodRunnable.java:124) ~[spring-context-6.1.6.jar!/:6.1.6]
	at org.springframework.scheduling.support.DelegatingErrorHandlingRunnable.run(DelegatingErrorHandlingRunnable.java:54) ~[spring-context-6.1.6.jar!/:6.1.6]
	at org.springframework.scheduling.concurrent.ReschedulingRunnable.run(ReschedulingRunnable.java:96) ~[spring-context-6.1.6.jar!/:6.1.6]
	at java.base/java.util.concurrent.Executors$RunnableAdapter.call(Executors.java:539) ~[na:na]
	at java.base/java.util.concurrent.FutureTask.run(FutureTask.java:264) ~[na:na]
	at java.base/java.util.concurrent.ScheduledThreadPoolExecutor$ScheduledFutureTask.run(ScheduledThreadPoolExecutor.java:304) ~[na:na]
	at java.base/java.util.concurrent.ThreadPoolExecutor.runWorker(ThreadPoolExecutor.java:1136) ~[na:na]
	at java.base/java.util.concurrent.ThreadPoolExecutor$Worker.run(ThreadPoolExecutor.java:635) ~[na:na]
	at java.base/java.lang.Thread.run(Thread.java:833) ~[na:na]
Caused by: org.postgresql.util.PSQLException: Multiple ResultSets were returned by the query.
	at org.postgresql.jdbc.PgStatement.getSingleResultSet(PgStatement.java:259) ~[postgresql-42.6.2.jar!/:42.6.2]
	at org.postgresql.jdbc.PgStatement.executeQuery(PgStatement.java:250) ~[postgresql-42.6.2.jar!/:42.6.2]
	at com.zaxxer.hikari.pool.ProxyStatement.executeQuery(ProxyStatement.java:110) ~[HikariCP-5.0.1.jar!/:na]
	at com.zaxxer.hikari.pool.HikariProxyStatement.executeQuery(HikariProxyStatement.java) ~[HikariCP-5.0.1.jar!/:na]
	at org.springframework.jdbc.core.JdbcTemplate$1QueryStatementCallback.doInStatement(JdbcTemplate.java:463) ~[spring-jdbc-6.1.6.jar!/:6.1.6]
	at org.springframework.jdbc.core.JdbcTemplate.execute(JdbcTemplate.java:393) ~[spring-jdbc-6.1.6.jar!/:6.1.6]
	... 32 common frames omitted

2026-09-07T09:13:17.042-05:00  INFO 23972 --- [Invoice Monitor - Gastoncito] [scheduling-1] c.monitor.invoices.ResolutionMonitorJob  : Monitoreo finalizado.
2026-09-07T09:13:17.042-05:00  INFO 23972 --- [Invoice Monitor - Gastoncito] [scheduling-1] c.monitor.invoices.ResolutionMonitorJob  : ============================================================
2026-09-07T09:20:00.000-05:00  INFO 23972 --- [Invoice Monitor - Gastoncito] [scheduling-1] c.monitor.invoices.ResolutionMonitorJob  : ============================================================
2026-09-07T09:20:00.014-05:00  INFO 23972 --- [Invoice Monitor - Gastoncito] [scheduling-1] c.monitor.invoices.ResolutionMonitorJob  : Iniciando monitoreo de resoluciones por vencerse...
2026-09-07T09:20:00.015-05:00  WARN 23972 --- [Invoice Monitor - Gastoncito] [scheduling-1] com.zaxxer.hikari.pool.PoolBase          : HikariPool-1 - Failed to validate connection org.postgresql.jdbc.PgConnection@7baa4448 (This connection has been closed.). Possibly consider using a shorter maxLifetime value.
2026-09-07T09:20:00.016-05:00  WARN 23972 --- [Invoice Monitor - Gastoncito] [scheduling-1] com.zaxxer.hikari.pool.PoolBase          : HikariPool-1 - Failed to validate connection org.postgresql.jdbc.PgConnection@5ccea215 (This connection has been closed.). Possibly consider using a shorter maxLifetime value.
2026-09-07T09:20:00.016-05:00  WARN 23972 --- [Invoice Monitor - Gastoncito] [scheduling-1] com.zaxxer.hikari.pool.PoolBase          : HikariPool-1 - Failed to validate connection org.postgresql.jdbc.PgConnection@36d2bdc4 (This connection has been closed.). Possibly consider using a shorter maxLifetime value.
2026-09-07T09:20:00.017-05:00  WARN 23972 --- [Invoice Monitor - Gastoncito] [scheduling-1] com.zaxxer.hikari.pool.PoolBase          : HikariPool-1 - Failed to validate connection org.postgresql.jdbc.PgConnection@1f733752 (This connection has been closed.). Possibly consider using a shorter maxLifetime value.
2026-09-07T09:20:00.018-05:00  WARN 23972 --- [Invoice Monitor - Gastoncito] [scheduling-1] com.zaxxer.hikari.pool.PoolBase          : HikariPool-1 - Failed to validate connection org.postgresql.jdbc.PgConnection@556a8df (This connection has been closed.). Possibly consider using a shorter maxLifetime value.
2026-09-07T09:20:01.383-05:00  INFO 23972 --- [Invoice Monitor - Gastoncito] [scheduling-1] c.monitor.invoices.ResolutionMonitorJob  : ? No hay alertas de resoluciones por enviar en este momento.
2026-09-07T09:20:01.383-05:00  INFO 23972 --- [Invoice Monitor - Gastoncito] [scheduling-1] c.monitor.invoices.ResolutionMonitorJob  : Monitoreo finalizado.
2026-09-07T09:20:01.383-05:00  INFO 23972 --- [Invoice Monitor - Gastoncito] [scheduling-1] c.monitor.invoices.ResolutionMonitorJob  : ============================================================
2026-09-07T09:30:00.012-05:00  INFO 23972 --- [Invoice Monitor - Gastoncito] [scheduling-1] c.monitor.invoices.ResolutionMonitorJob  : ============================================================
2026-09-07T09:30:00.012-05:00  INFO 23972 --- [Invoice Monitor - Gastoncito] [scheduling-1] c.monitor.invoices.ResolutionMonitorJob  : Iniciando monitoreo de resoluciones por vencerse...
2026-09-07T09:30:00.013-05:00  WARN 23972 --- [Invoice Monitor - Gastoncito] [scheduling-1] com.zaxxer.hikari.pool.PoolBase          : HikariPool-1 - Failed to validate connection org.postgresql.jdbc.PgConnection@2c217c6a (This connection has been closed.). Possibly consider using a shorter maxLifetime value.
2026-09-07T09:30:00.014-05:00  WARN 23972 --- [Invoice Monitor - Gastoncito] [scheduling-1] com.zaxxer.hikari.pool.PoolBase          : HikariPool-1 - Failed to validate connection org.postgresql.jdbc.PgConnection@9f1a7b5 (This connection has been closed.). Possibly consider using a shorter maxLifetime value.
2026-09-07T09:30:00.014-05:00  WARN 23972 --- [Invoice Monitor - Gastoncito] [scheduling-1] com.zaxxer.hikari.pool.PoolBase          : HikariPool-1 - Failed to validate connection org.postgresql.jdbc.PgConnection@3951f604 (This connection has been closed.). Possibly consider using a shorter maxLifetime value.
2026-09-07T09:30:00.014-05:00  WARN 23972 --- [Invoice Monitor - Gastoncito] [scheduling-1] com.zaxxer.hikari.pool.PoolBase          : HikariPool-1 - Failed to validate connection org.postgresql.jdbc.PgConnection@1e341f68 (This connection has been closed.). Possibly consider using a shorter maxLifetime value.
2026-09-07T09:30:00.015-05:00  WARN 23972 --- [Invoice Monitor - Gastoncito] [scheduling-1] com.zaxxer.hikari.pool.PoolBase          : HikariPool-1 - Failed to validate connection org.postgresql.jdbc.PgConnection@67368769 (This connection has been closed.). Possibly consider using a shorter maxLifetime value.
2026-09-07T09:30:01.606-05:00  INFO 23972 --- [Invoice Monitor - Gastoncito] [scheduling-1] c.monitor.invoices.ResolutionMonitorJob  : ? No hay alertas de resoluciones por enviar en este momento.
2026-09-07T09:30:01.606-05:00  INFO 23972 --- [Invoice Monitor - Gastoncito] [scheduling-1] c.monitor.invoices.ResolutionMonitorJob  : Monitoreo finalizado.
2026-09-07T09:30:01.606-05:00  INFO 23972 --- [Invoice Monitor - Gastoncito] [scheduling-1] c.monitor.invoices.ResolutionMonitorJob  : ============================================================
2026-09-07T09:40:00.005-05:00  INFO 23972 --- [Invoice Monitor - Gastoncito] [scheduling-1] c.monitor.invoices.ResolutionMonitorJob  : ============================================================
2026-09-07T09:40:00.005-05:00  INFO 23972 --- [Invoice Monitor - Gastoncito] [scheduling-1] c.monitor.invoices.ResolutionMonitorJob  : Iniciando monitoreo de resoluciones por vencerse...
2026-09-07T09:40:00.005-05:00  WARN 23972 --- [Invoice Monitor - Gastoncito] [scheduling-1] com.zaxxer.hikari.pool.PoolBase          : HikariPool-1 - Failed to validate connection org.postgresql.jdbc.PgConnection@63fe4835 (This connection has been closed.). Possibly consider using a shorter maxLifetime value.
2026-09-07T09:40:00.006-05:00  WARN 23972 --- [Invoice Monitor - Gastoncito] [scheduling-1] com.zaxxer.hikari.pool.PoolBase          : HikariPool-1 - Failed to validate connection org.postgresql.jdbc.PgConnection@6b58f91a (This connection has been closed.). Possibly consider using a shorter maxLifetime value.
2026-09-07T09:40:00.007-05:00  WARN 23972 --- [Invoice Monitor - Gastoncito] [scheduling-1] com.zaxxer.hikari.pool.PoolBase          : HikariPool-1 - Failed to validate connection org.postgresql.jdbc.PgConnection@388626d7 (This connection has been closed.). Possibly consider using a shorter maxLifetime value.
2026-09-07T09:40:00.007-05:00  WARN 23972 --- [Invoice Monitor - Gastoncito] [scheduling-1] com.zaxxer.hikari.pool.PoolBase          : HikariPool-1 - Failed to validate connection org.postgresql.jdbc.PgConnection@29a87e12 (This connection has been closed.). Possibly consider using a shorter maxLifetime value.
2026-09-07T09:40:00.007-05:00  WARN 23972 --- [Invoice Monitor - Gastoncito] [scheduling-1] com.zaxxer.hikari.pool.PoolBase          : HikariPool-1 - Failed to validate connection org.postgresql.jdbc.PgConnection@3703ed0c (This connection has been closed.). Possibly consider using a shorter maxLifetime value.
2026-09-07T09:40:01.349-05:00  INFO 23972 --- [Invoice Monitor - Gastoncito] [scheduling-1] c.monitor.invoices.ResolutionMonitorJob  : ? No hay alertas de resoluciones por enviar en este momento.
2026-09-07T09:40:01.349-05:00  INFO 23972 --- [Invoice Monitor - Gastoncito] [scheduling-1] c.monitor.invoices.ResolutionMonitorJob  : Monitoreo finalizado.
2026-09-07T09:40:01.350-05:00  INFO 23972 --- [Invoice Monitor - Gastoncito] [scheduling-1] c.monitor.invoices.ResolutionMonitorJob  : ============================================================
2026-09-07T09:50:00.011-05:00  INFO 23972 --- [Invoice Monitor - Gastoncito] [scheduling-1] c.monitor.invoices.ResolutionMonitorJob  : ============================================================
2026-09-07T09:50:00.011-05:00  INFO 23972 --- [Invoice Monitor - Gastoncito] [scheduling-1] c.monitor.invoices.ResolutionMonitorJob  : Iniciando monitoreo de resoluciones por vencerse...
2026-09-07T09:50:00.012-05:00  WARN 23972 --- [Invoice Monitor - Gastoncito] [scheduling-1] com.zaxxer.hikari.pool.PoolBase          : HikariPool-1 - Failed to validate connection org.postgresql.jdbc.PgConnection@1bbf52df (This connection has been closed.). Possibly consider using a shorter maxLifetime value.
2026-09-07T09:50:00.013-05:00  WARN 23972 --- [Invoice Monitor - Gastoncito] [scheduling-1] com.zaxxer.hikari.pool.PoolBase          : HikariPool-1 - Failed to validate connection org.postgresql.jdbc.PgConnection@78b4cb5d (This connection has been closed.). Possibly consider using a shorter maxLifetime value.
2026-09-07T09:50:00.013-05:00  WARN 23972 --- [Invoice Monitor - Gastoncito] [scheduling-1] com.zaxxer.hikari.pool.PoolBase          : HikariPool-1 - Failed to validate connection org.postgresql.jdbc.PgConnection@50f732ca (This connection has been closed.). Possibly consider using a shorter maxLifetime value.
2026-09-07T09:50:00.013-05:00  WARN 23972 --- [Invoice Monitor - Gastoncito] [scheduling-1] com.zaxxer.hikari.pool.PoolBase          : HikariPool-1 - Failed to validate connection org.postgresql.jdbc.PgConnection@313faba1 (This connection has been closed.). Possibly consider using a shorter maxLifetime value.
2026-09-07T09:50:00.014-05:00  WARN 23972 --- [Invoice Monitor - Gastoncito] [scheduling-1] com.zaxxer.hikari.pool.PoolBase          : HikariPool-1 - Failed to validate connection org.postgresql.jdbc.PgConnection@10e72310 (This connection has been closed.). Possibly consider using a shorter maxLifetime value.
2026-09-07T09:50:01.451-05:00  INFO 23972 --- [Invoice Monitor - Gastoncito] [scheduling-1] c.monitor.invoices.ResolutionMonitorJob  : ? No hay alertas de resoluciones por enviar en este momento.
2026-09-07T09:50:01.451-05:00  INFO 23972 --- [Invoice Monitor - Gastoncito] [scheduling-1] c.monitor.invoices.ResolutionMonitorJob  : Monitoreo finalizado.
2026-09-07T09:50:01.451-05:00  INFO 23972 --- [Invoice Monitor - Gastoncito] [scheduling-1] c.monitor.invoices.ResolutionMonitorJob  : ============================================================
2026-09-07T10:00:00.013-05:00  INFO 23972 --- [Invoice Monitor - Gastoncito] [scheduling-1] c.monitor.invoices.ResolutionMonitorJob  : ============================================================
2026-09-07T10:00:00.013-05:00  INFO 23972 --- [Invoice Monitor - Gastoncito] [scheduling-1] c.monitor.invoices.ResolutionMonitorJob  : Iniciando monitoreo de resoluciones por vencerse...
2026-09-07T10:00:00.014-05:00  WARN 23972 --- [Invoice Monitor - Gastoncito] [scheduling-1] com.zaxxer.hikari.pool.PoolBase          : HikariPool-1 - Failed to validate connection org.postgresql.jdbc.PgConnection@4e57ec72 (This connection has been closed.). Possibly consider using a shorter maxLifetime value.
2026-09-07T10:00:00.015-05:00  WARN 23972 --- [Invoice Monitor - Gastoncito] [scheduling-1] com.zaxxer.hikari.pool.PoolBase          : HikariPool-1 - Failed to validate connection org.postgresql.jdbc.PgConnection@6bf123f9 (This connection has been closed.). Possibly consider using a shorter maxLifetime value.
2026-09-07T10:00:00.015-05:00  WARN 23972 --- [Invoice Monitor - Gastoncito] [scheduling-1] com.zaxxer.hikari.pool.PoolBase          : HikariPool-1 - Failed to validate connection org.postgresql.jdbc.PgConnection@42276234 (This connection has been closed.). Possibly consider using a shorter maxLifetime value.
2026-09-07T10:00:00.016-05:00  WARN 23972 --- [Invoice Monitor - Gastoncito] [scheduling-1] com.zaxxer.hikari.pool.PoolBase          : HikariPool-1 - Failed to validate connection org.postgresql.jdbc.PgConnection@33e2327e (This connection has been closed.). Possibly consider using a shorter maxLifetime value.
2026-09-07T10:00:00.016-05:00  WARN 23972 --- [Invoice Monitor - Gastoncito] [scheduling-1] com.zaxxer.hikari.pool.PoolBase          : HikariPool-1 - Failed to validate connection org.postgresql.jdbc.PgConnection@6b553d74 (This connection has been closed.). Possibly consider using a shorter maxLifetime value.
2026-09-07T10:00:01.425-05:00  INFO 23972 --- [Invoice Monitor - Gastoncito] [scheduling-1] c.monitor.invoices.ResolutionMonitorJob  : ? No hay alertas de resoluciones por enviar en este momento.
2026-09-07T10:00:01.425-05:00  INFO 23972 --- [Invoice Monitor - Gastoncito] [scheduling-1] c.monitor.invoices.ResolutionMonitorJob  : Monitoreo finalizado.
2026-09-07T10:00:01.425-05:00  INFO 23972 --- [Invoice Monitor - Gastoncito] [scheduling-1] c.monitor.invoices.ResolutionMonitorJob  : ============================================================
2026-09-07T10:00:01.425-05:00  INFO 23972 --- [Invoice Monitor - Gastoncito] [scheduling-1] com.monitor.invoices.InvoiceMonitorJob   : ============================================================
2026-09-07T10:00:01.425-05:00  INFO 23972 --- [Invoice Monitor - Gastoncito] [scheduling-1] com.monitor.invoices.InvoiceMonitorJob   : Iniciando monitoreo de facturas faltantes (Flujo en 2 pasos)...
2026-09-07T10:00:01.425-05:00  INFO 23972 --- [Invoice Monitor - Gastoncito] [scheduling-1] com.monitor.invoices.InvoiceMonitorJob   : Consultando faltantes desde: 2026-08-25 00:00:00
2026-09-07T10:00:01.425-05:00  INFO 23972 --- [Invoice Monitor - Gastoncito] [scheduling-1] com.monitor.invoices.InvoiceMonitorJob   : Paso 1: Insertando datos en invoice_control...
2026-09-07T10:04:52.175-05:00  INFO 23972 --- [Invoice Monitor - Gastoncito] [scheduling-1] com.monitor.invoices.InvoiceMonitorJob   : Paso 2: Consultando faltantes...
2026-09-07T10:12:38.515-05:00 ERROR 23972 --- [Invoice Monitor - Gastoncito] [scheduling-1] o.s.s.s.TaskUtils$LoggingErrorHandler    : Unexpected error occurred in scheduled task

java.lang.OutOfMemoryError: Java heap space

2026-09-07T10:12:38.538-05:00  INFO 23972 --- [Invoice Monitor - Gastoncito] [scheduling-1] c.monitor.invoices.ResolutionMonitorJob  : ============================================================
2026-09-07T10:12:38.539-05:00  INFO 23972 --- [Invoice Monitor - Gastoncito] [scheduling-1] c.monitor.invoices.ResolutionMonitorJob  : Iniciando monitoreo de resoluciones por vencerse...
2026-09-07T10:14:48.348-05:00 ERROR 23972 --- [Invoice Monitor - Gastoncito] [scheduling-1] c.monitor.invoices.ResolutionMonitorJob  : ? Error ejecutando la consulta de resoluciones por vencerse: StatementCallback; SQL [SELECT
    e.company,
    c."name" AS company_name,
    e.code AS enumeration_code,
    e.initial_date,
    e.final_date,
    e.current_value,
    e.final_value,
    (e.final_date::date - CURRENT_DATE) AS date_difference_days,
    (e.current_value - e.final_value) AS TOTAL
FROM billing.enumeration e
INNER JOIN  core.company c ON e.company = c.code
INNER JOIN billing.resolution r ON r.enumeration = e.code
INNER JOIN machine.device d ON r.device = d.code
WHERE d.device_type = '1322'
AND e.status = 'A'
AND c.status = 'A'
ORDER BY date_difference_days ASC
]; Multiple ResultSets were returned by the query.

org.springframework.dao.DataIntegrityViolationException: StatementCallback; SQL [SELECT
    e.company,
    c."name" AS company_name,
    e.code AS enumeration_code,
    e.initial_date,
    e.final_date,
    e.current_value,
    e.final_value,
    (e.final_date::date - CURRENT_DATE) AS date_difference_days,
    (e.current_value - e.final_value) AS TOTAL
FROM billing.enumeration e
INNER JOIN  core.company c ON e.company = c.code
INNER JOIN billing.resolution r ON r.enumeration = e.code
INNER JOIN machine.device d ON r.device = d.code
WHERE d.device_type = '1322'
AND e.status = 'A'
AND c.status = 'A'
ORDER BY date_difference_days ASC
]; Multiple ResultSets were returned by the query.
	at org.springframework.jdbc.support.SQLStateSQLExceptionTranslator.doTranslate(SQLStateSQLExceptionTranslator.java:118) ~[spring-jdbc-6.1.6.jar!/:6.1.6]
	at org.springframework.jdbc.support.AbstractFallbackSQLExceptionTranslator.translate(AbstractFallbackSQLExceptionTranslator.java:107) ~[spring-jdbc-6.1.6.jar!/:6.1.6]
	at org.springframework.jdbc.support.AbstractFallbackSQLExceptionTranslator.translate(AbstractFallbackSQLExceptionTranslator.java:116) ~[spring-jdbc-6.1.6.jar!/:6.1.6]
	at org.springframework.jdbc.core.JdbcTemplate.translateException(JdbcTemplate.java:1548) ~[spring-jdbc-6.1.6.jar!/:6.1.6]
	at org.springframework.jdbc.core.JdbcTemplate.execute(JdbcTemplate.java:408) ~[spring-jdbc-6.1.6.jar!/:6.1.6]
	at org.springframework.jdbc.core.JdbcTemplate.query(JdbcTemplate.java:476) ~[spring-jdbc-6.1.6.jar!/:6.1.6]
	at org.springframework.jdbc.core.JdbcTemplate.query(JdbcTemplate.java:486) ~[spring-jdbc-6.1.6.jar!/:6.1.6]
	at org.springframework.jdbc.core.JdbcTemplate.queryForList(JdbcTemplate.java:536) ~[spring-jdbc-6.1.6.jar!/:6.1.6]
	at com.monitor.invoices.MonitorRepository.getExpiringResolutions(MonitorRepository.java:167) ~[!/:1.0.0]
	at jdk.internal.reflect.GeneratedMethodAccessor4.invoke(Unknown Source) ~[na:na]
	at java.base/jdk.internal.reflect.DelegatingMethodAccessorImpl.invoke(DelegatingMethodAccessorImpl.java:43) ~[na:na]
	at java.base/java.lang.reflect.Method.invoke(Method.java:568) ~[na:na]
	at org.springframework.aop.support.AopUtils.invokeJoinpointUsingReflection(AopUtils.java:354) ~[spring-aop-6.1.6.jar!/:6.1.6]
	at org.springframework.aop.framework.ReflectiveMethodInvocation.invokeJoinpoint(ReflectiveMethodInvocation.java:196) ~[spring-aop-6.1.6.jar!/:6.1.6]
	at org.springframework.aop.framework.ReflectiveMethodInvocation.proceed(ReflectiveMethodInvocation.java:163) ~[spring-aop-6.1.6.jar!/:6.1.6]
	at org.springframework.aop.framework.CglibAopProxy$CglibMethodInvocation.proceed(CglibAopProxy.java:768) ~[spring-aop-6.1.6.jar!/:6.1.6]
	at org.springframework.dao.support.PersistenceExceptionTranslationInterceptor.invoke(PersistenceExceptionTranslationInterceptor.java:137) ~[spring-tx-6.1.6.jar!/:6.1.6]
	at org.springframework.aop.framework.ReflectiveMethodInvocation.proceed(ReflectiveMethodInvocation.java:184) ~[spring-aop-6.1.6.jar!/:6.1.6]
	at org.springframework.aop.framework.CglibAopProxy$CglibMethodInvocation.proceed(CglibAopProxy.java:768) ~[spring-aop-6.1.6.jar!/:6.1.6]
	at org.springframework.aop.framework.CglibAopProxy$DynamicAdvisedInterceptor.intercept(CglibAopProxy.java:720) ~[spring-aop-6.1.6.jar!/:6.1.6]
	at com.monitor.invoices.MonitorRepository$$SpringCGLIB$$0.getExpiringResolutions(<generated>) ~[!/:1.0.0]
	at com.monitor.invoices.ResolutionMonitorJob.monitorExpiringResolutions(ResolutionMonitorJob.java:41) ~[!/:1.0.0]
	at jdk.internal.reflect.GeneratedMethodAccessor3.invoke(Unknown Source) ~[na:na]
	at java.base/jdk.internal.reflect.DelegatingMethodAccessorImpl.invoke(DelegatingMethodAccessorImpl.java:43) ~[na:na]
	at java.base/java.lang.reflect.Method.invoke(Method.java:568) ~[na:na]
	at org.springframework.scheduling.support.ScheduledMethodRunnable.runInternal(ScheduledMethodRunnable.java:130) ~[spring-context-6.1.6.jar!/:6.1.6]
	at org.springframework.scheduling.support.ScheduledMethodRunnable.lambda$run$2(ScheduledMethodRunnable.java:124) ~[spring-context-6.1.6.jar!/:6.1.6]
	at io.micrometer.observation.Observation.observe(Observation.java:499) ~[micrometer-observation-1.12.5.jar!/:1.12.5]
	at org.springframework.scheduling.support.ScheduledMethodRunnable.run(ScheduledMethodRunnable.java:124) ~[spring-context-6.1.6.jar!/:6.1.6]
	at org.springframework.scheduling.support.DelegatingErrorHandlingRunnable.run(DelegatingErrorHandlingRunnable.java:54) ~[spring-context-6.1.6.jar!/:6.1.6]
	at org.springframework.scheduling.concurrent.ReschedulingRunnable.run(ReschedulingRunnable.java:96) ~[spring-context-6.1.6.jar!/:6.1.6]
	at java.base/java.util.concurrent.Executors$RunnableAdapter.call(Executors.java:539) ~[na:na]
	at java.base/java.util.concurrent.FutureTask.run(FutureTask.java:264) ~[na:na]
	at java.base/java.util.concurrent.ScheduledThreadPoolExecutor$ScheduledFutureTask.run(ScheduledThreadPoolExecutor.java:304) ~[na:na]
	at java.base/java.util.concurrent.ThreadPoolExecutor.runWorker(ThreadPoolExecutor.java:1136) ~[na:na]
	at java.base/java.util.concurrent.ThreadPoolExecutor$Worker.run(ThreadPoolExecutor.java:635) ~[na:na]
	at java.base/java.lang.Thread.run(Thread.java:833) ~[na:na]
Caused by: org.postgresql.util.PSQLException: Multiple ResultSets were returned by the query.
	at org.postgresql.jdbc.PgStatement.getSingleResultSet(PgStatement.java:259) ~[postgresql-42.6.2.jar!/:42.6.2]
	at org.postgresql.jdbc.PgStatement.executeQuery(PgStatement.java:250) ~[postgresql-42.6.2.jar!/:42.6.2]
	at com.zaxxer.hikari.pool.ProxyStatement.executeQuery(ProxyStatement.java:110) ~[HikariCP-5.0.1.jar!/:na]
	at com.zaxxer.hikari.pool.HikariProxyStatement.executeQuery(HikariProxyStatement.java) ~[HikariCP-5.0.1.jar!/:na]
	at org.springframework.jdbc.core.JdbcTemplate$1QueryStatementCallback.doInStatement(JdbcTemplate.java:463) ~[spring-jdbc-6.1.6.jar!/:6.1.6]
	at org.springframework.jdbc.core.JdbcTemplate.execute(JdbcTemplate.java:393) ~[spring-jdbc-6.1.6.jar!/:6.1.6]
	... 32 common frames omitted

2026-09-07T10:14:48.400-05:00  INFO 23972 --- [Invoice Monitor - Gastoncito] [scheduling-1] c.monitor.invoices.ResolutionMonitorJob  : Monitoreo finalizado.
2026-09-07T10:14:48.400-05:00  INFO 23972 --- [Invoice Monitor - Gastoncito] [scheduling-1] c.monitor.invoices.ResolutionMonitorJob  : ============================================================
2026-09-07T10:20:00.006-05:00  INFO 23972 --- [Invoice Monitor - Gastoncito] [scheduling-1] c.monitor.invoices.ResolutionMonitorJob  : ============================================================
2026-09-07T10:20:00.006-05:00  INFO 23972 --- [Invoice Monitor - Gastoncito] [scheduling-1] c.monitor.invoices.ResolutionMonitorJob  : Iniciando monitoreo de resoluciones por vencerse...
2026-09-07T10:20:00.008-05:00  WARN 23972 --- [Invoice Monitor - Gastoncito] [scheduling-1] com.zaxxer.hikari.pool.PoolBase          : HikariPool-1 - Failed to validate connection org.postgresql.jdbc.PgConnection@52457d7f (This connection has been closed.). Possibly consider using a shorter maxLifetime value.
2026-09-07T10:20:00.009-05:00  WARN 23972 --- [Invoice Monitor - Gastoncito] [scheduling-1] com.zaxxer.hikari.pool.PoolBase          : HikariPool-1 - Failed to validate connection org.postgresql.jdbc.PgConnection@5008e280 (This connection has been closed.). Possibly consider using a shorter maxLifetime value.
2026-09-07T10:20:00.010-05:00  WARN 23972 --- [Invoice Monitor - Gastoncito] [scheduling-1] com.zaxxer.hikari.pool.PoolBase          : HikariPool-1 - Failed to validate connection org.postgresql.jdbc.PgConnection@16de3088 (This connection has been closed.). Possibly consider using a shorter maxLifetime value.
2026-09-07T10:20:00.010-05:00  WARN 23972 --- [Invoice Monitor - Gastoncito] [scheduling-1] com.zaxxer.hikari.pool.PoolBase          : HikariPool-1 - Failed to validate connection org.postgresql.jdbc.PgConnection@6f0909a9 (This connection has been closed.). Possibly consider using a shorter maxLifetime value.
2026-09-07T10:20:00.013-05:00  WARN 23972 --- [Invoice Monitor - Gastoncito] [scheduling-1] com.zaxxer.hikari.pool.PoolBase          : HikariPool-1 - Failed to validate connection org.postgresql.jdbc.PgConnection@35ccaf32 (This connection has been closed.). Possibly consider using a shorter maxLifetime value.
2026-09-07T10:20:01.431-05:00  INFO 23972 --- [Invoice Monitor - Gastoncito] [scheduling-1] c.monitor.invoices.ResolutionMonitorJob  : ? No hay alertas de resoluciones por enviar en este momento.
2026-09-07T10:20:01.431-05:00  INFO 23972 --- [Invoice Monitor - Gastoncito] [scheduling-1] c.monitor.invoices.ResolutionMonitorJob  : Monitoreo finalizado.
2026-09-07T10:20:01.432-05:00  INFO 23972 --- [Invoice Monitor - Gastoncito] [scheduling-1] c.monitor.invoices.ResolutionMonitorJob  : ============================================================
2026-09-07T10:20:32.865-05:00  INFO 23972 --- [Invoice Monitor - Gastoncito] [SpringApplicationShutdownHook] com.zaxxer.hikari.HikariDataSource       : HikariPool-1 - Shutdown initiated...
2026-09-07T10:20:33.659-05:00  INFO 23972 --- [Invoice Monitor - Gastoncito] [SpringApplicationShutdownHook] com.zaxxer.hikari.HikariDataSource       : HikariPool-1 - Shutdown completed.
2026-09-07T10:21:14.151-05:00  INFO 37392 --- [Invoice Monitor - Gastoncito] [main] c.m.invoices.InvoiceMonitorApplication   : Starting InvoiceMonitorApplication v1.0.0 using Java 17.0.2 with PID 37392 (G:\Automatizacion facturas faltantes\target\invoice-monitor-1.0.0.jar started by MIGUELDESAR in G:\Automatizacion facturas faltantes)
2026-09-07T10:21:14.154-05:00  INFO 37392 --- [Invoice Monitor - Gastoncito] [main] c.m.invoices.InvoiceMonitorApplication   : No active profile set, falling back to 1 default profile: "default"
2026-09-07T10:21:14.964-05:00  INFO 37392 --- [Invoice Monitor - Gastoncito] [main] c.m.invoices.InvoiceMonitorApplication   : Started InvoiceMonitorApplication in 1.266 seconds (process running for 1.75)
2026-09-07T10:30:00.018-05:00  INFO 37392 --- [Invoice Monitor - Gastoncito] [scheduling-1] c.monitor.invoices.ResolutionMonitorJob  : ============================================================
2026-09-07T10:30:00.019-05:00  INFO 37392 --- [Invoice Monitor - Gastoncito] [scheduling-1] c.monitor.invoices.ResolutionMonitorJob  : Iniciando monitoreo de resoluciones por vencerse...
2026-09-07T10:30:00.025-05:00  INFO 37392 --- [Invoice Monitor - Gastoncito] [scheduling-1] com.zaxxer.hikari.HikariDataSource       : HikariPool-1 - Starting...
2026-09-07T10:30:01.805-05:00  INFO 37392 --- [Invoice Monitor - Gastoncito] [scheduling-1] com.zaxxer.hikari.pool.HikariPool        : HikariPool-1 - Added connection org.postgresql.jdbc.PgConnection@6630c92a
2026-09-07T10:30:01.807-05:00  INFO 37392 --- [Invoice Monitor - Gastoncito] [scheduling-1] com.zaxxer.hikari.HikariDataSource       : HikariPool-1 - Start completed.
2026-09-07T10:30:02.126-05:00  WARN 37392 --- [Invoice Monitor - Gastoncito] [scheduling-1] c.monitor.invoices.ResolutionMonitorJob  : ??  Se encontraron 9 resoluciones que requieren alerta.
2026-09-07T10:30:04.381-05:00  INFO 37392 --- [Invoice Monitor - Gastoncito] [scheduling-1] com.monitor.invoices.EmailService        : ??  Correo de alerta enviado a alertaaccess@gmail.com con 9 resoluciones por vencerse.
2026-09-07T10:30:04.381-05:00  INFO 37392 --- [Invoice Monitor - Gastoncito] [scheduling-1] c.monitor.invoices.ResolutionMonitorJob  : Monitoreo finalizado.
2026-09-07T10:30:04.381-05:00  INFO 37392 --- [Invoice Monitor - Gastoncito] [scheduling-1] c.monitor.invoices.ResolutionMonitorJob  : ============================================================
2026-09-07T10:40:00.008-05:00  INFO 37392 --- [Invoice Monitor - Gastoncito] [scheduling-1] c.monitor.invoices.ResolutionMonitorJob  : ============================================================
2026-09-07T10:40:00.009-05:00  INFO 37392 --- [Invoice Monitor - Gastoncito] [scheduling-1] c.monitor.invoices.ResolutionMonitorJob  : Iniciando monitoreo de resoluciones por vencerse...
2026-09-07T10:40:00.038-05:00  WARN 37392 --- [Invoice Monitor - Gastoncito] [scheduling-1] com.zaxxer.hikari.pool.PoolBase          : HikariPool-1 - Failed to validate connection org.postgresql.jdbc.PgConnection@6630c92a (This connection has been closed.). Possibly consider using a shorter maxLifetime value.
2026-09-07T10:40:00.040-05:00  WARN 37392 --- [Invoice Monitor - Gastoncito] [scheduling-1] com.zaxxer.hikari.pool.PoolBase          : HikariPool-1 - Failed to validate connection org.postgresql.jdbc.PgConnection@62d8ccbb (This connection has been closed.). Possibly consider using a shorter maxLifetime value.
2026-09-07T10:40:00.041-05:00  WARN 37392 --- [Invoice Monitor - Gastoncito] [scheduling-1] com.zaxxer.hikari.pool.PoolBase          : HikariPool-1 - Failed to validate connection org.postgresql.jdbc.PgConnection@25a6f66 (This connection has been closed.). Possibly consider using a shorter maxLifetime value.
2026-09-07T10:40:00.042-05:00  WARN 37392 --- [Invoice Monitor - Gastoncito] [scheduling-1] com.zaxxer.hikari.pool.PoolBase          : HikariPool-1 - Failed to validate connection org.postgresql.jdbc.PgConnection@54fca458 (This connection has been closed.). Possibly consider using a shorter maxLifetime value.
2026-09-07T10:40:00.043-05:00  WARN 37392 --- [Invoice Monitor - Gastoncito] [scheduling-1] com.zaxxer.hikari.pool.PoolBase          : HikariPool-1 - Failed to validate connection org.postgresql.jdbc.PgConnection@6fa6f180 (This connection has been closed.). Possibly consider using a shorter maxLifetime value.
2026-09-07T10:40:01.340-05:00  INFO 37392 --- [Invoice Monitor - Gastoncito] [scheduling-1] c.monitor.invoices.ResolutionMonitorJob  : ? No hay alertas de resoluciones por enviar en este momento.
2026-09-07T10:40:01.340-05:00  INFO 37392 --- [Invoice Monitor - Gastoncito] [scheduling-1] c.monitor.invoices.ResolutionMonitorJob  : Monitoreo finalizado.
2026-09-07T10:40:01.340-05:00  INFO 37392 --- [Invoice Monitor - Gastoncito] [scheduling-1] c.monitor.invoices.ResolutionMonitorJob  : ============================================================
2026-09-07T10:50:00.015-05:00  INFO 37392 --- [Invoice Monitor - Gastoncito] [scheduling-1] c.monitor.invoices.ResolutionMonitorJob  : ============================================================
2026-09-07T10:50:00.016-05:00  INFO 37392 --- [Invoice Monitor - Gastoncito] [scheduling-1] c.monitor.invoices.ResolutionMonitorJob  : Iniciando monitoreo de resoluciones por vencerse...
2026-09-07T10:50:00.018-05:00  WARN 37392 --- [Invoice Monitor - Gastoncito] [scheduling-1] com.zaxxer.hikari.pool.PoolBase          : HikariPool-1 - Failed to validate connection org.postgresql.jdbc.PgConnection@4bbf55db (This connection has been closed.). Possibly consider using a shorter maxLifetime value.
2026-09-07T10:50:00.019-05:00  WARN 37392 --- [Invoice Monitor - Gastoncito] [scheduling-1] com.zaxxer.hikari.pool.PoolBase          : HikariPool-1 - Failed to validate connection org.postgresql.jdbc.PgConnection@2b208be0 (This connection has been closed.). Possibly consider using a shorter maxLifetime value.
2026-09-07T10:50:00.020-05:00  WARN 37392 --- [Invoice Monitor - Gastoncito] [scheduling-1] com.zaxxer.hikari.pool.PoolBase          : HikariPool-1 - Failed to validate connection org.postgresql.jdbc.PgConnection@735245f5 (This connection has been closed.). Possibly consider using a shorter maxLifetime value.
2026-09-07T10:50:00.021-05:00  WARN 37392 --- [Invoice Monitor - Gastoncito] [scheduling-1] com.zaxxer.hikari.pool.PoolBase          : HikariPool-1 - Failed to validate connection org.postgresql.jdbc.PgConnection@4272c7c9 (This connection has been closed.). Possibly consider using a shorter maxLifetime value.
2026-09-07T10:50:00.022-05:00  WARN 37392 --- [Invoice Monitor - Gastoncito] [scheduling-1] com.zaxxer.hikari.pool.PoolBase          : HikariPool-1 - Failed to validate connection org.postgresql.jdbc.PgConnection@21ca9e88 (This connection has been closed.). Possibly consider using a shorter maxLifetime value.
2026-09-07T10:50:01.283-05:00  INFO 37392 --- [Invoice Monitor - Gastoncito] [scheduling-1] c.monitor.invoices.ResolutionMonitorJob  : ? No hay alertas de resoluciones por enviar en este momento.
2026-09-07T10:50:01.283-05:00  INFO 37392 --- [Invoice Monitor - Gastoncito] [scheduling-1] c.monitor.invoices.ResolutionMonitorJob  : Monitoreo finalizado.
2026-09-07T10:50:01.283-05:00  INFO 37392 --- [Invoice Monitor - Gastoncito] [scheduling-1] c.monitor.invoices.ResolutionMonitorJob  : ============================================================
2026-09-07T11:00:00.001-05:00  INFO 37392 --- [Invoice Monitor - Gastoncito] [scheduling-1] com.monitor.invoices.InvoiceMonitorJob   : ============================================================
2026-09-07T11:00:00.002-05:00  INFO 37392 --- [Invoice Monitor - Gastoncito] [scheduling-1] com.monitor.invoices.InvoiceMonitorJob   : Iniciando monitoreo de facturas faltantes (Flujo en 2 pasos)...
2026-09-07T11:00:00.003-05:00  INFO 37392 --- [Invoice Monitor - Gastoncito] [scheduling-1] com.monitor.invoices.InvoiceMonitorJob   : Consultando faltantes desde: 2026-08-25 00:00:00
2026-09-07T11:00:00.003-05:00  INFO 37392 --- [Invoice Monitor - Gastoncito] [scheduling-1] com.monitor.invoices.InvoiceMonitorJob   : Paso 1: Insertando datos en invoice_control...
2026-09-07T11:00:00.031-05:00  WARN 37392 --- [Invoice Monitor - Gastoncito] [scheduling-1] com.zaxxer.hikari.pool.PoolBase          : HikariPool-1 - Failed to validate connection org.postgresql.jdbc.PgConnection@30d8926c (This connection has been closed.). Possibly consider using a shorter maxLifetime value.
2026-09-07T11:00:00.032-05:00  WARN 37392 --- [Invoice Monitor - Gastoncito] [scheduling-1] com.zaxxer.hikari.pool.PoolBase          : HikariPool-1 - Failed to validate connection org.postgresql.jdbc.PgConnection@2087c405 (This connection has been closed.). Possibly consider using a shorter maxLifetime value.
2026-09-07T11:00:00.034-05:00  WARN 37392 --- [Invoice Monitor - Gastoncito] [scheduling-1] com.zaxxer.hikari.pool.PoolBase          : HikariPool-1 - Failed to validate connection org.postgresql.jdbc.PgConnection@39beffee (This connection has been closed.). Possibly consider using a shorter maxLifetime value.
2026-09-07T11:00:00.034-05:00  WARN 37392 --- [Invoice Monitor - Gastoncito] [scheduling-1] com.zaxxer.hikari.pool.PoolBase          : HikariPool-1 - Failed to validate connection org.postgresql.jdbc.PgConnection@4d014147 (This connection has been closed.). Possibly consider using a shorter maxLifetime value.
2026-09-07T11:00:00.035-05:00  WARN 37392 --- [Invoice Monitor - Gastoncito] [scheduling-1] com.zaxxer.hikari.pool.PoolBase          : HikariPool-1 - Failed to validate connection org.postgresql.jdbc.PgConnection@35affecc (This connection has been closed.). Possibly consider using a shorter maxLifetime value.
2026-09-07T11:05:01.576-05:00  INFO 37392 --- [Invoice Monitor - Gastoncito] [scheduling-1] com.monitor.invoices.InvoiceMonitorJob   : Paso 2: Consultando faltantes...
2026-09-07T11:12:54.008-05:00 ERROR 37392 --- [Invoice Monitor - Gastoncito] [scheduling-1] o.s.s.s.TaskUtils$LoggingErrorHandler    : Unexpected error occurred in scheduled task

java.lang.OutOfMemoryError: Java heap space

2026-09-07T11:12:54.239-05:00  INFO 37392 --- [Invoice Monitor - Gastoncito] [scheduling-1] c.monitor.invoices.ResolutionMonitorJob  : ============================================================
2026-09-07T11:12:54.240-05:00  INFO 37392 --- [Invoice Monitor - Gastoncito] [scheduling-1] c.monitor.invoices.ResolutionMonitorJob  : Iniciando monitoreo de resoluciones por vencerse...
2026-09-07T11:15:22.451-05:00 ERROR 37392 --- [Invoice Monitor - Gastoncito] [scheduling-1] c.monitor.invoices.ResolutionMonitorJob  : ? Error ejecutando la consulta de resoluciones por vencerse: StatementCallback; SQL [SELECT
    e.company,
    c."name" AS company_name,
    e.code AS enumeration_code,
    e.initial_date,
    e.final_date,
    e.current_value,
    e.final_value,
    (e.final_date::date - CURRENT_DATE) AS date_difference_days,
    (e.current_value - e.final_value) AS TOTAL
FROM billing.enumeration e
INNER JOIN  core.company c ON e.company = c.code
INNER JOIN billing.resolution r ON r.enumeration = e.code
INNER JOIN machine.device d ON r.device = d.code
WHERE d.device_type = '1322'
AND e.status = 'A'
AND c.status = 'A'
ORDER BY date_difference_days ASC
]; Multiple ResultSets were returned by the query.

org.springframework.dao.DataIntegrityViolationException: StatementCallback; SQL [SELECT
    e.company,
    c."name" AS company_name,
    e.code AS enumeration_code,
    e.initial_date,
    e.final_date,
    e.current_value,
    e.final_value,
    (e.final_date::date - CURRENT_DATE) AS date_difference_days,
    (e.current_value - e.final_value) AS TOTAL
FROM billing.enumeration e
INNER JOIN  core.company c ON e.company = c.code
INNER JOIN billing.resolution r ON r.enumeration = e.code
INNER JOIN machine.device d ON r.device = d.code
WHERE d.device_type = '1322'
AND e.status = 'A'
AND c.status = 'A'
ORDER BY date_difference_days ASC
]; Multiple ResultSets were returned by the query.
	at org.springframework.jdbc.support.SQLStateSQLExceptionTranslator.doTranslate(SQLStateSQLExceptionTranslator.java:118) ~[spring-jdbc-6.1.6.jar!/:6.1.6]
	at org.springframework.jdbc.support.AbstractFallbackSQLExceptionTranslator.translate(AbstractFallbackSQLExceptionTranslator.java:107) ~[spring-jdbc-6.1.6.jar!/:6.1.6]
	at org.springframework.jdbc.support.AbstractFallbackSQLExceptionTranslator.translate(AbstractFallbackSQLExceptionTranslator.java:116) ~[spring-jdbc-6.1.6.jar!/:6.1.6]
	at org.springframework.jdbc.core.JdbcTemplate.translateException(JdbcTemplate.java:1548) ~[spring-jdbc-6.1.6.jar!/:6.1.6]
	at org.springframework.jdbc.core.JdbcTemplate.execute(JdbcTemplate.java:408) ~[spring-jdbc-6.1.6.jar!/:6.1.6]
	at org.springframework.jdbc.core.JdbcTemplate.query(JdbcTemplate.java:476) ~[spring-jdbc-6.1.6.jar!/:6.1.6]
	at org.springframework.jdbc.core.JdbcTemplate.query(JdbcTemplate.java:486) ~[spring-jdbc-6.1.6.jar!/:6.1.6]
	at org.springframework.jdbc.core.JdbcTemplate.queryForList(JdbcTemplate.java:536) ~[spring-jdbc-6.1.6.jar!/:6.1.6]
	at com.monitor.invoices.MonitorRepository.getExpiringResolutions(MonitorRepository.java:167) ~[!/:1.0.0]
	at java.base/jdk.internal.reflect.NativeMethodAccessorImpl.invoke0(Native Method) ~[na:na]
	at java.base/jdk.internal.reflect.NativeMethodAccessorImpl.invoke(NativeMethodAccessorImpl.java:77) ~[na:na]
	at java.base/jdk.internal.reflect.DelegatingMethodAccessorImpl.invoke(DelegatingMethodAccessorImpl.java:43) ~[na:na]
	at java.base/java.lang.reflect.Method.invoke(Method.java:568) ~[na:na]
	at org.springframework.aop.support.AopUtils.invokeJoinpointUsingReflection(AopUtils.java:354) ~[spring-aop-6.1.6.jar!/:6.1.6]
	at org.springframework.aop.framework.ReflectiveMethodInvocation.invokeJoinpoint(ReflectiveMethodInvocation.java:196) ~[spring-aop-6.1.6.jar!/:6.1.6]
	at org.springframework.aop.framework.ReflectiveMethodInvocation.proceed(ReflectiveMethodInvocation.java:163) ~[spring-aop-6.1.6.jar!/:6.1.6]
	at org.springframework.aop.framework.CglibAopProxy$CglibMethodInvocation.proceed(CglibAopProxy.java:768) ~[spring-aop-6.1.6.jar!/:6.1.6]
	at org.springframework.dao.support.PersistenceExceptionTranslationInterceptor.invoke(PersistenceExceptionTranslationInterceptor.java:137) ~[spring-tx-6.1.6.jar!/:6.1.6]
	at org.springframework.aop.framework.ReflectiveMethodInvocation.proceed(ReflectiveMethodInvocation.java:184) ~[spring-aop-6.1.6.jar!/:6.1.6]
	at org.springframework.aop.framework.CglibAopProxy$CglibMethodInvocation.proceed(CglibAopProxy.java:768) ~[spring-aop-6.1.6.jar!/:6.1.6]
	at org.springframework.aop.framework.CglibAopProxy$DynamicAdvisedInterceptor.intercept(CglibAopProxy.java:720) ~[spring-aop-6.1.6.jar!/:6.1.6]
	at com.monitor.invoices.MonitorRepository$$SpringCGLIB$$0.getExpiringResolutions(<generated>) ~[!/:1.0.0]
	at com.monitor.invoices.ResolutionMonitorJob.monitorExpiringResolutions(ResolutionMonitorJob.java:41) ~[!/:1.0.0]
	at java.base/jdk.internal.reflect.NativeMethodAccessorImpl.invoke0(Native Method) ~[na:na]
	at java.base/jdk.internal.reflect.NativeMethodAccessorImpl.invoke(NativeMethodAccessorImpl.java:77) ~[na:na]
	at java.base/jdk.internal.reflect.DelegatingMethodAccessorImpl.invoke(DelegatingMethodAccessorImpl.java:43) ~[na:na]
	at java.base/java.lang.reflect.Method.invoke(Method.java:568) ~[na:na]
	at org.springframework.scheduling.support.ScheduledMethodRunnable.runInternal(ScheduledMethodRunnable.java:130) ~[spring-context-6.1.6.jar!/:6.1.6]
	at org.springframework.scheduling.support.ScheduledMethodRunnable.lambda$run$2(ScheduledMethodRunnable.java:124) ~[spring-context-6.1.6.jar!/:6.1.6]
	at io.micrometer.observation.Observation.observe(Observation.java:499) ~[micrometer-observation-1.12.5.jar!/:1.12.5]
	at org.springframework.scheduling.support.ScheduledMethodRunnable.run(ScheduledMethodRunnable.java:124) ~[spring-context-6.1.6.jar!/:6.1.6]
	at org.springframework.scheduling.support.DelegatingErrorHandlingRunnable.run(DelegatingErrorHandlingRunnable.java:54) ~[spring-context-6.1.6.jar!/:6.1.6]
	at org.springframework.scheduling.concurrent.ReschedulingRunnable.run(ReschedulingRunnable.java:96) ~[spring-context-6.1.6.jar!/:6.1.6]
	at java.base/java.util.concurrent.Executors$RunnableAdapter.call(Executors.java:539) ~[na:na]
	at java.base/java.util.concurrent.FutureTask.run(FutureTask.java:264) ~[na:na]
	at java.base/java.util.concurrent.ScheduledThreadPoolExecutor$ScheduledFutureTask.run(ScheduledThreadPoolExecutor.java:304) ~[na:na]
	at java.base/java.util.concurrent.ThreadPoolExecutor.runWorker(ThreadPoolExecutor.java:1136) ~[na:na]
	at java.base/java.util.concurrent.ThreadPoolExecutor$Worker.run(ThreadPoolExecutor.java:635) ~[na:na]
	at java.base/java.lang.Thread.run(Thread.java:833) ~[na:na]
Caused by: org.postgresql.util.PSQLException: Multiple ResultSets were returned by the query.
	at org.postgresql.jdbc.PgStatement.getSingleResultSet(PgStatement.java:259) ~[postgresql-42.6.2.jar!/:42.6.2]
	at org.postgresql.jdbc.PgStatement.executeQuery(PgStatement.java:250) ~[postgresql-42.6.2.jar!/:42.6.2]
	at com.zaxxer.hikari.pool.ProxyStatement.executeQuery(ProxyStatement.java:110) ~[HikariCP-5.0.1.jar!/:na]
	at com.zaxxer.hikari.pool.HikariProxyStatement.executeQuery(HikariProxyStatement.java) ~[HikariCP-5.0.1.jar!/:na]
	at org.springframework.jdbc.core.JdbcTemplate$1QueryStatementCallback.doInStatement(JdbcTemplate.java:463) ~[spring-jdbc-6.1.6.jar!/:6.1.6]
	at org.springframework.jdbc.core.JdbcTemplate.execute(JdbcTemplate.java:393) ~[spring-jdbc-6.1.6.jar!/:6.1.6]
	... 34 common frames omitted

2026-09-07T11:15:22.517-05:00  INFO 37392 --- [Invoice Monitor - Gastoncito] [scheduling-1] c.monitor.invoices.ResolutionMonitorJob  : Monitoreo finalizado.
2026-09-07T11:15:22.517-05:00  INFO 37392 --- [Invoice Monitor - Gastoncito] [scheduling-1] c.monitor.invoices.ResolutionMonitorJob  : ============================================================
2026-09-07T11:20:00.001-05:00  INFO 37392 --- [Invoice Monitor - Gastoncito] [scheduling-1] c.monitor.invoices.ResolutionMonitorJob  : ============================================================
2026-09-07T11:20:00.002-05:00  INFO 37392 --- [Invoice Monitor - Gastoncito] [scheduling-1] c.monitor.invoices.ResolutionMonitorJob  : Iniciando monitoreo de resoluciones por vencerse...
2026-09-07T11:20:00.391-05:00  INFO 37392 --- [Invoice Monitor - Gastoncito] [scheduling-1] c.monitor.invoices.ResolutionMonitorJob  : ? No hay alertas de resoluciones por enviar en este momento.
2026-09-07T11:20:00.392-05:00  INFO 37392 --- [Invoice Monitor - Gastoncito] [scheduling-1] c.monitor.invoices.ResolutionMonitorJob  : Monitoreo finalizado.
2026-09-07T11:20:00.434-05:00  INFO 37392 --- [Invoice Monitor - Gastoncito] [scheduling-1] c.monitor.invoices.ResolutionMonitorJob  : ============================================================
2026-09-07T11:30:00.015-05:00  INFO 37392 --- [Invoice Monitor - Gastoncito] [scheduling-1] c.monitor.invoices.ResolutionMonitorJob  : ============================================================
2026-09-07T11:30:00.016-05:00  INFO 37392 --- [Invoice Monitor - Gastoncito] [scheduling-1] c.monitor.invoices.ResolutionMonitorJob  : Iniciando monitoreo de resoluciones por vencerse...
2026-09-07T11:30:00.017-05:00  WARN 37392 --- [Invoice Monitor - Gastoncito] [scheduling-1] com.zaxxer.hikari.pool.PoolBase          : HikariPool-1 - Failed to validate connection org.postgresql.jdbc.PgConnection@13510b38 (This connection has been closed.). Possibly consider using a shorter maxLifetime value.
2026-09-07T11:30:00.428-05:00  INFO 37392 --- [Invoice Monitor - Gastoncito] [scheduling-1] c.monitor.invoices.ResolutionMonitorJob  : ? No hay alertas de resoluciones por enviar en este momento.
2026-09-07T11:30:00.428-05:00  INFO 37392 --- [Invoice Monitor - Gastoncito] [scheduling-1] c.monitor.invoices.ResolutionMonitorJob  : Monitoreo finalizado.
2026-09-07T11:30:00.428-05:00  INFO 37392 --- [Invoice Monitor - Gastoncito] [scheduling-1] c.monitor.invoices.ResolutionMonitorJob  : ============================================================
2026-09-07T11:40:00.005-05:00  INFO 37392 --- [Invoice Monitor - Gastoncito] [scheduling-1] c.monitor.invoices.ResolutionMonitorJob  : ============================================================
2026-09-07T11:40:00.006-05:00  INFO 37392 --- [Invoice Monitor - Gastoncito] [scheduling-1] c.monitor.invoices.ResolutionMonitorJob  : Iniciando monitoreo de resoluciones por vencerse...
2026-09-07T11:40:00.007-05:00  WARN 37392 --- [Invoice Monitor - Gastoncito] [scheduling-1] com.zaxxer.hikari.pool.PoolBase          : HikariPool-1 - Failed to validate connection org.postgresql.jdbc.PgConnection@7b7dca59 (This connection has been closed.). Possibly consider using a shorter maxLifetime value.
2026-09-07T11:40:00.008-05:00  WARN 37392 --- [Invoice Monitor - Gastoncito] [scheduling-1] com.zaxxer.hikari.pool.PoolBase          : HikariPool-1 - Failed to validate connection org.postgresql.jdbc.PgConnection@65a995d1 (This connection has been closed.). Possibly consider using a shorter maxLifetime value.
2026-09-07T11:40:00.009-05:00  WARN 37392 --- [Invoice Monitor - Gastoncito] [scheduling-1] com.zaxxer.hikari.pool.PoolBase          : HikariPool-1 - Failed to validate connection org.postgresql.jdbc.PgConnection@5b905007 (This connection has been closed.). Possibly consider using a shorter maxLifetime value.
2026-09-07T11:40:00.011-05:00  WARN 37392 --- [Invoice Monitor - Gastoncito] [scheduling-1] com.zaxxer.hikari.pool.PoolBase          : HikariPool-1 - Failed to validate connection org.postgresql.jdbc.PgConnection@4e2a662e (This connection has been closed.). Possibly consider using a shorter maxLifetime value.
2026-09-07T11:40:00.012-05:00  WARN 37392 --- [Invoice Monitor - Gastoncito] [scheduling-1] com.zaxxer.hikari.pool.PoolBase          : HikariPool-1 - Failed to validate connection org.postgresql.jdbc.PgConnection@62737b6f (This connection has been closed.). Possibly consider using a shorter maxLifetime value.
2026-09-07T11:40:01.402-05:00  INFO 37392 --- [Invoice Monitor - Gastoncito] [scheduling-1] c.monitor.invoices.ResolutionMonitorJob  : ? No hay alertas de resoluciones por enviar en este momento.
2026-09-07T11:40:01.402-05:00  INFO 37392 --- [Invoice Monitor - Gastoncito] [scheduling-1] c.monitor.invoices.ResolutionMonitorJob  : Monitoreo finalizado.
2026-09-07T11:40:01.402-05:00  INFO 37392 --- [Invoice Monitor - Gastoncito] [scheduling-1] c.monitor.invoices.ResolutionMonitorJob  : ============================================================
2026-09-07T11:50:00.005-05:00  INFO 37392 --- [Invoice Monitor - Gastoncito] [scheduling-1] c.monitor.invoices.ResolutionMonitorJob  : ============================================================
2026-09-07T11:50:00.006-05:00  INFO 37392 --- [Invoice Monitor - Gastoncito] [scheduling-1] c.monitor.invoices.ResolutionMonitorJob  : Iniciando monitoreo de resoluciones por vencerse...
2026-09-07T11:50:00.007-05:00  WARN 37392 --- [Invoice Monitor - Gastoncito] [scheduling-1] com.zaxxer.hikari.pool.PoolBase          : HikariPool-1 - Failed to validate connection org.postgresql.jdbc.PgConnection@4b5d6ded (This connection has been closed.). Possibly consider using a shorter maxLifetime value.
2026-09-07T11:50:00.009-05:00  WARN 37392 --- [Invoice Monitor - Gastoncito] [scheduling-1] com.zaxxer.hikari.pool.PoolBase          : HikariPool-1 - Failed to validate connection org.postgresql.jdbc.PgConnection@f121393 (This connection has been closed.). Possibly consider using a shorter maxLifetime value.
2026-09-07T11:50:00.010-05:00  WARN 37392 --- [Invoice Monitor - Gastoncito] [scheduling-1] com.zaxxer.hikari.pool.PoolBase          : HikariPool-1 - Failed to validate connection org.postgresql.jdbc.PgConnection@7643b91d (This connection has been closed.). Possibly consider using a shorter maxLifetime value.
2026-09-07T11:50:00.012-05:00  WARN 37392 --- [Invoice Monitor - Gastoncito] [scheduling-1] com.zaxxer.hikari.pool.PoolBase          : HikariPool-1 - Failed to validate connection org.postgresql.jdbc.PgConnection@56d1903d (This connection has been closed.). Possibly consider using a shorter maxLifetime value.
2026-09-07T11:50:00.013-05:00  WARN 37392 --- [Invoice Monitor - Gastoncito] [scheduling-1] com.zaxxer.hikari.pool.PoolBase          : HikariPool-1 - Failed to validate connection org.postgresql.jdbc.PgConnection@64903d5a (This connection has been closed.). Possibly consider using a shorter maxLifetime value.
2026-09-07T11:50:01.456-05:00  INFO 37392 --- [Invoice Monitor - Gastoncito] [scheduling-1] c.monitor.invoices.ResolutionMonitorJob  : ? No hay alertas de resoluciones por enviar en este momento.
2026-09-07T11:50:01.456-05:00  INFO 37392 --- [Invoice Monitor - Gastoncito] [scheduling-1] c.monitor.invoices.ResolutionMonitorJob  : Monitoreo finalizado.
2026-09-07T11:50:01.457-05:00  INFO 37392 --- [Invoice Monitor - Gastoncito] [scheduling-1] c.monitor.invoices.ResolutionMonitorJob  : ============================================================
2026-09-07T12:00:00.012-05:00  INFO 37392 --- [Invoice Monitor - Gastoncito] [scheduling-1] c.monitor.invoices.ResolutionMonitorJob  : ============================================================
2026-09-07T12:00:00.013-05:00  INFO 37392 --- [Invoice Monitor - Gastoncito] [scheduling-1] c.monitor.invoices.ResolutionMonitorJob  : Iniciando monitoreo de resoluciones por vencerse...
2026-09-07T12:00:00.015-05:00  WARN 37392 --- [Invoice Monitor - Gastoncito] [scheduling-1] com.zaxxer.hikari.pool.PoolBase          : HikariPool-1 - Failed to validate connection org.postgresql.jdbc.PgConnection@7b8124d0 (This connection has been closed.). Possibly consider using a shorter maxLifetime value.
2026-09-07T12:00:00.016-05:00  WARN 37392 --- [Invoice Monitor - Gastoncito] [scheduling-1] com.zaxxer.hikari.pool.PoolBase          : HikariPool-1 - Failed to validate connection org.postgresql.jdbc.PgConnection@4a6bcbb5 (This connection has been closed.). Possibly consider using a shorter maxLifetime value.
2026-09-07T12:00:00.017-05:00  WARN 37392 --- [Invoice Monitor - Gastoncito] [scheduling-1] com.zaxxer.hikari.pool.PoolBase          : HikariPool-1 - Failed to validate connection org.postgresql.jdbc.PgConnection@2f74554f (This connection has been closed.). Possibly consider using a shorter maxLifetime value.
2026-09-07T12:00:00.018-05:00  WARN 37392 --- [Invoice Monitor - Gastoncito] [scheduling-1] com.zaxxer.hikari.pool.PoolBase          : HikariPool-1 - Failed to validate connection org.postgresql.jdbc.PgConnection@5da153d5 (This connection has been closed.). Possibly consider using a shorter maxLifetime value.
2026-09-07T12:00:00.019-05:00  WARN 37392 --- [Invoice Monitor - Gastoncito] [scheduling-1] com.zaxxer.hikari.pool.PoolBase          : HikariPool-1 - Failed to validate connection org.postgresql.jdbc.PgConnection@4250a71c (This connection has been closed.). Possibly consider using a shorter maxLifetime value.
2026-09-07T12:00:01.379-05:00  INFO 37392 --- [Invoice Monitor - Gastoncito] [scheduling-1] c.monitor.invoices.ResolutionMonitorJob  : ? No hay alertas de resoluciones por enviar en este momento.
2026-09-07T12:00:01.381-05:00  INFO 37392 --- [Invoice Monitor - Gastoncito] [scheduling-1] c.monitor.invoices.ResolutionMonitorJob  : Monitoreo finalizado.
2026-09-07T12:00:01.381-05:00  INFO 37392 --- [Invoice Monitor - Gastoncito] [scheduling-1] c.monitor.invoices.ResolutionMonitorJob  : ============================================================
2026-09-07T12:00:01.382-05:00  INFO 37392 --- [Invoice Monitor - Gastoncito] [scheduling-1] com.monitor.invoices.InvoiceMonitorJob   : ============================================================
2026-09-07T12:00:01.382-05:00  INFO 37392 --- [Invoice Monitor - Gastoncito] [scheduling-1] com.monitor.invoices.InvoiceMonitorJob   : Iniciando monitoreo de facturas faltantes (Flujo en 2 pasos)...
2026-09-07T12:00:01.382-05:00  INFO 37392 --- [Invoice Monitor - Gastoncito] [scheduling-1] com.monitor.invoices.InvoiceMonitorJob   : Consultando faltantes desde: 2026-08-25 00:00:00
2026-09-07T12:00:01.382-05:00  INFO 37392 --- [Invoice Monitor - Gastoncito] [scheduling-1] com.monitor.invoices.InvoiceMonitorJob   : Paso 1: Insertando datos en invoice_control...
2026-09-07T12:04:46.520-05:00  INFO 37392 --- [Invoice Monitor - Gastoncito] [scheduling-1] com.monitor.invoices.InvoiceMonitorJob   : Paso 2: Consultando faltantes...
2026-09-07T12:12:29.809-05:00 ERROR 37392 --- [Invoice Monitor - Gastoncito] [scheduling-1] o.s.s.s.TaskUtils$LoggingErrorHandler    : Unexpected error occurred in scheduled task

java.lang.OutOfMemoryError: Java heap space

2026-09-07T12:12:29.811-05:00  INFO 37392 --- [Invoice Monitor - Gastoncito] [scheduling-1] c.monitor.invoices.ResolutionMonitorJob  : ============================================================
2026-09-07T12:12:29.812-05:00  INFO 37392 --- [Invoice Monitor - Gastoncito] [scheduling-1] c.monitor.invoices.ResolutionMonitorJob  : Iniciando monitoreo de resoluciones por vencerse...
2026-09-07T12:14:56.383-05:00 ERROR 37392 --- [Invoice Monitor - Gastoncito] [scheduling-1] c.monitor.invoices.ResolutionMonitorJob  : ? Error ejecutando la consulta de resoluciones por vencerse: StatementCallback; SQL [SELECT
    e.company,
    c."name" AS company_name,
    e.code AS enumeration_code,
    e.initial_date,
    e.final_date,
    e.current_value,
    e.final_value,
    (e.final_date::date - CURRENT_DATE) AS date_difference_days,
    (e.current_value - e.final_value) AS TOTAL
FROM billing.enumeration e
INNER JOIN  core.company c ON e.company = c.code
INNER JOIN billing.resolution r ON r.enumeration = e.code
INNER JOIN machine.device d ON r.device = d.code
WHERE d.device_type = '1322'
AND e.status = 'A'
AND c.status = 'A'
ORDER BY date_difference_days ASC
]; Multiple ResultSets were returned by the query.

org.springframework.dao.DataIntegrityViolationException: StatementCallback; SQL [SELECT
    e.company,
    c."name" AS company_name,
    e.code AS enumeration_code,
    e.initial_date,
    e.final_date,
    e.current_value,
    e.final_value,
    (e.final_date::date - CURRENT_DATE) AS date_difference_days,
    (e.current_value - e.final_value) AS TOTAL
FROM billing.enumeration e
INNER JOIN  core.company c ON e.company = c.code
INNER JOIN billing.resolution r ON r.enumeration = e.code
INNER JOIN machine.device d ON r.device = d.code
WHERE d.device_type = '1322'
AND e.status = 'A'
AND c.status = 'A'
ORDER BY date_difference_days ASC
]; Multiple ResultSets were returned by the query.
	at org.springframework.jdbc.support.SQLStateSQLExceptionTranslator.doTranslate(SQLStateSQLExceptionTranslator.java:118) ~[spring-jdbc-6.1.6.jar!/:6.1.6]
	at org.springframework.jdbc.support.AbstractFallbackSQLExceptionTranslator.translate(AbstractFallbackSQLExceptionTranslator.java:107) ~[spring-jdbc-6.1.6.jar!/:6.1.6]
	at org.springframework.jdbc.support.AbstractFallbackSQLExceptionTranslator.translate(AbstractFallbackSQLExceptionTranslator.java:116) ~[spring-jdbc-6.1.6.jar!/:6.1.6]
	at org.springframework.jdbc.core.JdbcTemplate.translateException(JdbcTemplate.java:1548) ~[spring-jdbc-6.1.6.jar!/:6.1.6]
	at org.springframework.jdbc.core.JdbcTemplate.execute(JdbcTemplate.java:408) ~[spring-jdbc-6.1.6.jar!/:6.1.6]
	at org.springframework.jdbc.core.JdbcTemplate.query(JdbcTemplate.java:476) ~[spring-jdbc-6.1.6.jar!/:6.1.6]
	at org.springframework.jdbc.core.JdbcTemplate.query(JdbcTemplate.java:486) ~[spring-jdbc-6.1.6.jar!/:6.1.6]
	at org.springframework.jdbc.core.JdbcTemplate.queryForList(JdbcTemplate.java:536) ~[spring-jdbc-6.1.6.jar!/:6.1.6]
	at com.monitor.invoices.MonitorRepository.getExpiringResolutions(MonitorRepository.java:167) ~[!/:1.0.0]
	at java.base/jdk.internal.reflect.NativeMethodAccessorImpl.invoke0(Native Method) ~[na:na]
	at java.base/jdk.internal.reflect.NativeMethodAccessorImpl.invoke(NativeMethodAccessorImpl.java:77) ~[na:na]
	at java.base/jdk.internal.reflect.DelegatingMethodAccessorImpl.invoke(DelegatingMethodAccessorImpl.java:43) ~[na:na]
	at java.base/java.lang.reflect.Method.invoke(Method.java:568) ~[na:na]
	at org.springframework.aop.support.AopUtils.invokeJoinpointUsingReflection(AopUtils.java:354) ~[spring-aop-6.1.6.jar!/:6.1.6]
	at org.springframework.aop.framework.ReflectiveMethodInvocation.invokeJoinpoint(ReflectiveMethodInvocation.java:196) ~[spring-aop-6.1.6.jar!/:6.1.6]
	at org.springframework.aop.framework.ReflectiveMethodInvocation.proceed(ReflectiveMethodInvocation.java:163) ~[spring-aop-6.1.6.jar!/:6.1.6]
	at org.springframework.aop.framework.CglibAopProxy$CglibMethodInvocation.proceed(CglibAopProxy.java:768) ~[spring-aop-6.1.6.jar!/:6.1.6]
	at org.springframework.dao.support.PersistenceExceptionTranslationInterceptor.invoke(PersistenceExceptionTranslationInterceptor.java:137) ~[spring-tx-6.1.6.jar!/:6.1.6]
	at org.springframework.aop.framework.ReflectiveMethodInvocation.proceed(ReflectiveMethodInvocation.java:184) ~[spring-aop-6.1.6.jar!/:6.1.6]
	at org.springframework.aop.framework.CglibAopProxy$CglibMethodInvocation.proceed(CglibAopProxy.java:768) ~[spring-aop-6.1.6.jar!/:6.1.6]
	at org.springframework.aop.framework.CglibAopProxy$DynamicAdvisedInterceptor.intercept(CglibAopProxy.java:720) ~[spring-aop-6.1.6.jar!/:6.1.6]
	at com.monitor.invoices.MonitorRepository$$SpringCGLIB$$0.getExpiringResolutions(<generated>) ~[!/:1.0.0]
	at com.monitor.invoices.ResolutionMonitorJob.monitorExpiringResolutions(ResolutionMonitorJob.java:41) ~[!/:1.0.0]
	at java.base/jdk.internal.reflect.NativeMethodAccessorImpl.invoke0(Native Method) ~[na:na]
	at java.base/jdk.internal.reflect.NativeMethodAccessorImpl.invoke(NativeMethodAccessorImpl.java:77) ~[na:na]
	at java.base/jdk.internal.reflect.DelegatingMethodAccessorImpl.invoke(DelegatingMethodAccessorImpl.java:43) ~[na:na]
	at java.base/java.lang.reflect.Method.invoke(Method.java:568) ~[na:na]
	at org.springframework.scheduling.support.ScheduledMethodRunnable.runInternal(ScheduledMethodRunnable.java:130) ~[spring-context-6.1.6.jar!/:6.1.6]
	at org.springframework.scheduling.support.ScheduledMethodRunnable.lambda$run$2(ScheduledMethodRunnable.java:124) ~[spring-context-6.1.6.jar!/:6.1.6]
	at io.micrometer.observation.Observation.observe(Observation.java:499) ~[micrometer-observation-1.12.5.jar!/:1.12.5]
	at org.springframework.scheduling.support.ScheduledMethodRunnable.run(ScheduledMethodRunnable.java:124) ~[spring-context-6.1.6.jar!/:6.1.6]
	at org.springframework.scheduling.support.DelegatingErrorHandlingRunnable.run(DelegatingErrorHandlingRunnable.java:54) ~[spring-context-6.1.6.jar!/:6.1.6]
	at org.springframework.scheduling.concurrent.ReschedulingRunnable.run(ReschedulingRunnable.java:96) ~[spring-context-6.1.6.jar!/:6.1.6]
	at java.base/java.util.concurrent.Executors$RunnableAdapter.call(Executors.java:539) ~[na:na]
	at java.base/java.util.concurrent.FutureTask.run(FutureTask.java:264) ~[na:na]
	at java.base/java.util.concurrent.ScheduledThreadPoolExecutor$ScheduledFutureTask.run(ScheduledThreadPoolExecutor.java:304) ~[na:na]
	at java.base/java.util.concurrent.ThreadPoolExecutor.runWorker(ThreadPoolExecutor.java:1136) ~[na:na]
	at java.base/java.util.concurrent.ThreadPoolExecutor$Worker.run(ThreadPoolExecutor.java:635) ~[na:na]
	at java.base/java.lang.Thread.run(Thread.java:833) ~[na:na]
Caused by: org.postgresql.util.PSQLException: Multiple ResultSets were returned by the query.
	at org.postgresql.jdbc.PgStatement.getSingleResultSet(PgStatement.java:259) ~[postgresql-42.6.2.jar!/:42.6.2]
	at org.postgresql.jdbc.PgStatement.executeQuery(PgStatement.java:250) ~[postgresql-42.6.2.jar!/:42.6.2]
	at com.zaxxer.hikari.pool.ProxyStatement.executeQuery(ProxyStatement.java:110) ~[HikariCP-5.0.1.jar!/:na]
	at com.zaxxer.hikari.pool.HikariProxyStatement.executeQuery(HikariProxyStatement.java) ~[HikariCP-5.0.1.jar!/:na]
	at org.springframework.jdbc.core.JdbcTemplate$1QueryStatementCallback.doInStatement(JdbcTemplate.java:463) ~[spring-jdbc-6.1.6.jar!/:6.1.6]
	at org.springframework.jdbc.core.JdbcTemplate.execute(JdbcTemplate.java:393) ~[spring-jdbc-6.1.6.jar!/:6.1.6]
	... 34 common frames omitted

2026-09-07T12:14:56.401-05:00  INFO 37392 --- [Invoice Monitor - Gastoncito] [scheduling-1] c.monitor.invoices.ResolutionMonitorJob  : Monitoreo finalizado.
2026-09-07T12:14:56.401-05:00  INFO 37392 --- [Invoice Monitor - Gastoncito] [scheduling-1] c.monitor.invoices.ResolutionMonitorJob  : ============================================================
2026-09-07T12:20:00.003-05:00  INFO 37392 --- [Invoice Monitor - Gastoncito] [scheduling-1] c.monitor.invoices.ResolutionMonitorJob  : ============================================================
2026-09-07T12:20:00.004-05:00  INFO 37392 --- [Invoice Monitor - Gastoncito] [scheduling-1] c.monitor.invoices.ResolutionMonitorJob  : Iniciando monitoreo de resoluciones por vencerse...
2026-09-07T12:20:00.005-05:00  WARN 37392 --- [Invoice Monitor - Gastoncito] [scheduling-1] com.zaxxer.hikari.pool.PoolBase          : HikariPool-1 - Failed to validate connection org.postgresql.jdbc.PgConnection@c49cc66 (This connection has been closed.). Possibly consider using a shorter maxLifetime value.
2026-09-07T12:20:00.007-05:00  WARN 37392 --- [Invoice Monitor - Gastoncito] [scheduling-1] com.zaxxer.hikari.pool.PoolBase          : HikariPool-1 - Failed to validate connection org.postgresql.jdbc.PgConnection@a0127b2 (This connection has been closed.). Possibly consider using a shorter maxLifetime value.
2026-09-07T12:20:00.008-05:00  WARN 37392 --- [Invoice Monitor - Gastoncito] [scheduling-1] com.zaxxer.hikari.pool.PoolBase          : HikariPool-1 - Failed to validate connection org.postgresql.jdbc.PgConnection@596a7dbd (This connection has been closed.). Possibly consider using a shorter maxLifetime value.
2026-09-07T12:20:00.011-05:00  WARN 37392 --- [Invoice Monitor - Gastoncito] [scheduling-1] com.zaxxer.hikari.pool.PoolBase          : HikariPool-1 - Failed to validate connection org.postgresql.jdbc.PgConnection@1b02a00a (This connection has been closed.). Possibly consider using a shorter maxLifetime value.
2026-09-07T12:20:00.012-05:00  WARN 37392 --- [Invoice Monitor - Gastoncito] [scheduling-1] com.zaxxer.hikari.pool.PoolBase          : HikariPool-1 - Failed to validate connection org.postgresql.jdbc.PgConnection@670d929c (This connection has been closed.). Possibly consider using a shorter maxLifetime value.
2026-09-07T12:20:01.325-05:00  INFO 37392 --- [Invoice Monitor - Gastoncito] [scheduling-1] c.monitor.invoices.ResolutionMonitorJob  : ? No hay alertas de resoluciones por enviar en este momento.
2026-09-07T12:20:01.325-05:00  INFO 37392 --- [Invoice Monitor - Gastoncito] [scheduling-1] c.monitor.invoices.ResolutionMonitorJob  : Monitoreo finalizado.
2026-09-07T12:20:01.325-05:00  INFO 37392 --- [Invoice Monitor - Gastoncito] [scheduling-1] c.monitor.invoices.ResolutionMonitorJob  : ============================================================
2026-09-07T12:30:00.001-05:00  INFO 37392 --- [Invoice Monitor - Gastoncito] [scheduling-1] c.monitor.invoices.ResolutionMonitorJob  : ============================================================
2026-09-07T12:30:00.002-05:00  INFO 37392 --- [Invoice Monitor - Gastoncito] [scheduling-1] c.monitor.invoices.ResolutionMonitorJob  : Iniciando monitoreo de resoluciones por vencerse...
2026-09-07T12:30:00.003-05:00  WARN 37392 --- [Invoice Monitor - Gastoncito] [scheduling-1] com.zaxxer.hikari.pool.PoolBase          : HikariPool-1 - Failed to validate connection org.postgresql.jdbc.PgConnection@64321578 (This connection has been closed.). Possibly consider using a shorter maxLifetime value.
2026-09-07T12:30:00.004-05:00  WARN 37392 --- [Invoice Monitor - Gastoncito] [scheduling-1] com.zaxxer.hikari.pool.PoolBase          : HikariPool-1 - Failed to validate connection org.postgresql.jdbc.PgConnection@60b3f4fb (This connection has been closed.). Possibly consider using a shorter maxLifetime value.
2026-09-07T12:30:00.004-05:00  WARN 37392 --- [Invoice Monitor - Gastoncito] [scheduling-1] com.zaxxer.hikari.pool.PoolBase          : HikariPool-1 - Failed to validate connection org.postgresql.jdbc.PgConnection@6b211303 (This connection has been closed.). Possibly consider using a shorter maxLifetime value.
2026-09-07T12:30:00.005-05:00  WARN 37392 --- [Invoice Monitor - Gastoncito] [scheduling-1] com.zaxxer.hikari.pool.PoolBase          : HikariPool-1 - Failed to validate connection org.postgresql.jdbc.PgConnection@1f4c52ca (This connection has been closed.). Possibly consider using a shorter maxLifetime value.
2026-09-07T12:30:00.125-05:00  WARN 37392 --- [Invoice Monitor - Gastoncito] [scheduling-1] com.zaxxer.hikari.pool.PoolBase          : HikariPool-1 - Failed to validate connection org.postgresql.jdbc.PgConnection@93b1b4e (This connection has been closed.). Possibly consider using a shorter maxLifetime value.
2026-09-07T12:30:01.330-05:00  INFO 37392 --- [Invoice Monitor - Gastoncito] [scheduling-1] c.monitor.invoices.ResolutionMonitorJob  : ? No hay alertas de resoluciones por enviar en este momento.
2026-09-07T12:30:01.331-05:00  INFO 37392 --- [Invoice Monitor - Gastoncito] [scheduling-1] c.monitor.invoices.ResolutionMonitorJob  : Monitoreo finalizado.
2026-09-07T12:30:01.331-05:00  INFO 37392 --- [Invoice Monitor - Gastoncito] [scheduling-1] c.monitor.invoices.ResolutionMonitorJob  : ============================================================
2026-09-07T12:40:00.001-05:00  INFO 37392 --- [Invoice Monitor - Gastoncito] [scheduling-1] c.monitor.invoices.ResolutionMonitorJob  : ============================================================
2026-09-07T12:40:00.002-05:00  INFO 37392 --- [Invoice Monitor - Gastoncito] [scheduling-1] c.monitor.invoices.ResolutionMonitorJob  : Iniciando monitoreo de resoluciones por vencerse...
2026-09-07T12:40:00.003-05:00  WARN 37392 --- [Invoice Monitor - Gastoncito] [scheduling-1] com.zaxxer.hikari.pool.PoolBase          : HikariPool-1 - Failed to validate connection org.postgresql.jdbc.PgConnection@76d022be (This connection has been closed.). Possibly consider using a shorter maxLifetime value.
2026-09-07T12:40:00.004-05:00  WARN 37392 --- [Invoice Monitor - Gastoncito] [scheduling-1] com.zaxxer.hikari.pool.PoolBase          : HikariPool-1 - Failed to validate connection org.postgresql.jdbc.PgConnection@682d4405 (This connection has been closed.). Possibly consider using a shorter maxLifetime value.
2026-09-07T12:40:00.005-05:00  WARN 37392 --- [Invoice Monitor - Gastoncito] [scheduling-1] com.zaxxer.hikari.pool.PoolBase          : HikariPool-1 - Failed to validate connection org.postgresql.jdbc.PgConnection@391dc325 (This connection has been closed.). Possibly consider using a shorter maxLifetime value.
2026-09-07T12:40:00.005-05:00  WARN 37392 --- [Invoice Monitor - Gastoncito] [scheduling-1] com.zaxxer.hikari.pool.PoolBase          : HikariPool-1 - Failed to validate connection org.postgresql.jdbc.PgConnection@4eafc36a (This connection has been closed.). Possibly consider using a shorter maxLifetime value.
2026-09-07T12:40:00.006-05:00  WARN 37392 --- [Invoice Monitor - Gastoncito] [scheduling-1] com.zaxxer.hikari.pool.PoolBase          : HikariPool-1 - Failed to validate connection org.postgresql.jdbc.PgConnection@f174d3d (This connection has been closed.). Possibly consider using a shorter maxLifetime value.
2026-09-07T12:40:01.316-05:00  INFO 37392 --- [Invoice Monitor - Gastoncito] [scheduling-1] c.monitor.invoices.ResolutionMonitorJob  : ? No hay alertas de resoluciones por enviar en este momento.
2026-09-07T12:40:01.316-05:00  INFO 37392 --- [Invoice Monitor - Gastoncito] [scheduling-1] c.monitor.invoices.ResolutionMonitorJob  : Monitoreo finalizado.
2026-09-07T12:40:01.316-05:00  INFO 37392 --- [Invoice Monitor - Gastoncito] [scheduling-1] c.monitor.invoices.ResolutionMonitorJob  : ============================================================
2026-09-07T12:50:00.001-05:00  INFO 37392 --- [Invoice Monitor - Gastoncito] [scheduling-1] c.monitor.invoices.ResolutionMonitorJob  : ============================================================
2026-09-07T12:50:00.002-05:00  INFO 37392 --- [Invoice Monitor - Gastoncito] [scheduling-1] c.monitor.invoices.ResolutionMonitorJob  : Iniciando monitoreo de resoluciones por vencerse...
2026-09-07T12:50:00.004-05:00  WARN 37392 --- [Invoice Monitor - Gastoncito] [scheduling-1] com.zaxxer.hikari.pool.PoolBase          : HikariPool-1 - Failed to validate connection org.postgresql.jdbc.PgConnection@d182db6 (This connection has been closed.). Possibly consider using a shorter maxLifetime value.
2026-09-07T12:50:00.005-05:00  WARN 37392 --- [Invoice Monitor - Gastoncito] [scheduling-1] com.zaxxer.hikari.pool.PoolBase          : HikariPool-1 - Failed to validate connection org.postgresql.jdbc.PgConnection@6a4fef6b (This connection has been closed.). Possibly consider using a shorter maxLifetime value.
2026-09-07T12:50:00.006-05:00  WARN 37392 --- [Invoice Monitor - Gastoncito] [scheduling-1] com.zaxxer.hikari.pool.PoolBase          : HikariPool-1 - Failed to validate connection org.postgresql.jdbc.PgConnection@5f8429ba (This connection has been closed.). Possibly consider using a shorter maxLifetime value.
2026-09-07T12:50:00.007-05:00  WARN 37392 --- [Invoice Monitor - Gastoncito] [scheduling-1] com.zaxxer.hikari.pool.PoolBase          : HikariPool-1 - Failed to validate connection org.postgresql.jdbc.PgConnection@133dca61 (This connection has been closed.). Possibly consider using a shorter maxLifetime value.
2026-09-07T12:50:00.008-05:00  WARN 37392 --- [Invoice Monitor - Gastoncito] [scheduling-1] com.zaxxer.hikari.pool.PoolBase          : HikariPool-1 - Failed to validate connection org.postgresql.jdbc.PgConnection@176c96c6 (This connection has been closed.). Possibly consider using a shorter maxLifetime value.
2026-09-07T12:50:01.303-05:00  INFO 37392 --- [Invoice Monitor - Gastoncito] [scheduling-1] c.monitor.invoices.ResolutionMonitorJob  : ? No hay alertas de resoluciones por enviar en este momento.
2026-09-07T12:50:01.303-05:00  INFO 37392 --- [Invoice Monitor - Gastoncito] [scheduling-1] c.monitor.invoices.ResolutionMonitorJob  : Monitoreo finalizado.
2026-09-07T12:50:01.304-05:00  INFO 37392 --- [Invoice Monitor - Gastoncito] [scheduling-1] c.monitor.invoices.ResolutionMonitorJob  : ============================================================
2026-09-07T13:00:00.004-05:00  INFO 37392 --- [Invoice Monitor - Gastoncito] [scheduling-1] c.monitor.invoices.ResolutionMonitorJob  : ============================================================
2026-09-07T13:00:00.008-05:00  INFO 37392 --- [Invoice Monitor - Gastoncito] [scheduling-1] c.monitor.invoices.ResolutionMonitorJob  : Iniciando monitoreo de resoluciones por vencerse...
2026-09-07T13:00:00.009-05:00  WARN 37392 --- [Invoice Monitor - Gastoncito] [scheduling-1] com.zaxxer.hikari.pool.PoolBase          : HikariPool-1 - Failed to validate connection org.postgresql.jdbc.PgConnection@2cd07f7 (This connection has been closed.). Possibly consider using a shorter maxLifetime value.
2026-09-07T13:00:00.010-05:00  WARN 37392 --- [Invoice Monitor - Gastoncito] [scheduling-1] com.zaxxer.hikari.pool.PoolBase          : HikariPool-1 - Failed to validate connection org.postgresql.jdbc.PgConnection@16994c1 (This connection has been closed.). Possibly consider using a shorter maxLifetime value.
2026-09-07T13:00:00.011-05:00  WARN 37392 --- [Invoice Monitor - Gastoncito] [scheduling-1] com.zaxxer.hikari.pool.PoolBase          : HikariPool-1 - Failed to validate connection org.postgresql.jdbc.PgConnection@7240e88c (This connection has been closed.). Possibly consider using a shorter maxLifetime value.
2026-09-07T13:00:00.011-05:00  WARN 37392 --- [Invoice Monitor - Gastoncito] [scheduling-1] com.zaxxer.hikari.pool.PoolBase          : HikariPool-1 - Failed to validate connection org.postgresql.jdbc.PgConnection@18d8bb8c (This connection has been closed.). Possibly consider using a shorter maxLifetime value.
2026-09-07T13:00:00.012-05:00  WARN 37392 --- [Invoice Monitor - Gastoncito] [scheduling-1] com.zaxxer.hikari.pool.PoolBase          : HikariPool-1 - Failed to validate connection org.postgresql.jdbc.PgConnection@35b03225 (This connection has been closed.). Possibly consider using a shorter maxLifetime value.
2026-09-07T13:00:01.245-05:00  INFO 37392 --- [Invoice Monitor - Gastoncito] [scheduling-1] c.monitor.invoices.ResolutionMonitorJob  : ? No hay alertas de resoluciones por enviar en este momento.
2026-09-07T13:00:01.246-05:00  INFO 37392 --- [Invoice Monitor - Gastoncito] [scheduling-1] c.monitor.invoices.ResolutionMonitorJob  : Monitoreo finalizado.
2026-09-07T13:00:01.246-05:00  INFO 37392 --- [Invoice Monitor - Gastoncito] [scheduling-1] c.monitor.invoices.ResolutionMonitorJob  : ============================================================
2026-09-07T13:00:01.246-05:00  INFO 37392 --- [Invoice Monitor - Gastoncito] [scheduling-1] com.monitor.invoices.InvoiceMonitorJob   : ============================================================
2026-09-07T13:00:01.247-05:00  INFO 37392 --- [Invoice Monitor - Gastoncito] [scheduling-1] com.monitor.invoices.InvoiceMonitorJob   : Iniciando monitoreo de facturas faltantes (Flujo en 2 pasos)...
2026-09-07T13:00:01.247-05:00  INFO 37392 --- [Invoice Monitor - Gastoncito] [scheduling-1] com.monitor.invoices.InvoiceMonitorJob   : Consultando faltantes desde: 2026-08-25 00:00:00
2026-09-07T13:00:01.247-05:00  INFO 37392 --- [Invoice Monitor - Gastoncito] [scheduling-1] com.monitor.invoices.InvoiceMonitorJob   : Paso 1: Insertando datos en invoice_control...
2026-09-07T13:04:49.916-05:00  INFO 37392 --- [Invoice Monitor - Gastoncito] [scheduling-1] com.monitor.invoices.InvoiceMonitorJob   : Paso 2: Consultando faltantes...
2026-09-07T13:17:13.240-05:00 ERROR 37392 --- [Invoice Monitor - Gastoncito] [scheduling-1] o.s.s.s.TaskUtils$LoggingErrorHandler    : Unexpected error occurred in scheduled task

java.lang.OutOfMemoryError: Java heap space

2026-09-07T13:17:13.241-05:00  INFO 37392 --- [Invoice Monitor - Gastoncito] [scheduling-1] c.monitor.invoices.ResolutionMonitorJob  : ============================================================
2026-09-07T13:17:13.241-05:00  INFO 37392 --- [Invoice Monitor - Gastoncito] [scheduling-1] c.monitor.invoices.ResolutionMonitorJob  : Iniciando monitoreo de resoluciones por vencerse...
2026-09-07T13:19:56.830-05:00 ERROR 37392 --- [Invoice Monitor - Gastoncito] [scheduling-1] c.monitor.invoices.ResolutionMonitorJob  : ? Error ejecutando la consulta de resoluciones por vencerse: StatementCallback; SQL [SELECT
    e.company,
    c."name" AS company_name,
    e.code AS enumeration_code,
    e.initial_date,
    e.final_date,
    e.current_value,
    e.final_value,
    (e.final_date::date - CURRENT_DATE) AS date_difference_days,
    (e.current_value - e.final_value) AS TOTAL
FROM billing.enumeration e
INNER JOIN  core.company c ON e.company = c.code
INNER JOIN billing.resolution r ON r.enumeration = e.code
INNER JOIN machine.device d ON r.device = d.code
WHERE d.device_type = '1322'
AND e.status = 'A'
AND c.status = 'A'
ORDER BY date_difference_days ASC
]; ERROR: canceling statement due to statement timeout

org.springframework.dao.DataAccessResourceFailureException: StatementCallback; SQL [SELECT
    e.company,
    c."name" AS company_name,
    e.code AS enumeration_code,
    e.initial_date,
    e.final_date,
    e.current_value,
    e.final_value,
    (e.final_date::date - CURRENT_DATE) AS date_difference_days,
    (e.current_value - e.final_value) AS TOTAL
FROM billing.enumeration e
INNER JOIN  core.company c ON e.company = c.code
INNER JOIN billing.resolution r ON r.enumeration = e.code
INNER JOIN machine.device d ON r.device = d.code
WHERE d.device_type = '1322'
AND e.status = 'A'
AND c.status = 'A'
ORDER BY date_difference_days ASC
]; ERROR: canceling statement due to statement timeout
	at org.springframework.jdbc.support.SQLStateSQLExceptionTranslator.doTranslate(SQLStateSQLExceptionTranslator.java:121) ~[spring-jdbc-6.1.6.jar!/:6.1.6]
	at org.springframework.jdbc.support.AbstractFallbackSQLExceptionTranslator.translate(AbstractFallbackSQLExceptionTranslator.java:107) ~[spring-jdbc-6.1.6.jar!/:6.1.6]
	at org.springframework.jdbc.support.AbstractFallbackSQLExceptionTranslator.translate(AbstractFallbackSQLExceptionTranslator.java:116) ~[spring-jdbc-6.1.6.jar!/:6.1.6]
	at org.springframework.jdbc.core.JdbcTemplate.translateException(JdbcTemplate.java:1548) ~[spring-jdbc-6.1.6.jar!/:6.1.6]
	at org.springframework.jdbc.core.JdbcTemplate.execute(JdbcTemplate.java:408) ~[spring-jdbc-6.1.6.jar!/:6.1.6]
	at org.springframework.jdbc.core.JdbcTemplate.query(JdbcTemplate.java:476) ~[spring-jdbc-6.1.6.jar!/:6.1.6]
	at org.springframework.jdbc.core.JdbcTemplate.query(JdbcTemplate.java:486) ~[spring-jdbc-6.1.6.jar!/:6.1.6]
	at org.springframework.jdbc.core.JdbcTemplate.queryForList(JdbcTemplate.java:536) ~[spring-jdbc-6.1.6.jar!/:6.1.6]
	at com.monitor.invoices.MonitorRepository.getExpiringResolutions(MonitorRepository.java:167) ~[!/:1.0.0]
	at java.base/jdk.internal.reflect.NativeMethodAccessorImpl.invoke0(Native Method) ~[na:na]
	at java.base/jdk.internal.reflect.NativeMethodAccessorImpl.invoke(NativeMethodAccessorImpl.java:77) ~[na:na]
	at java.base/jdk.internal.reflect.DelegatingMethodAccessorImpl.invoke(DelegatingMethodAccessorImpl.java:43) ~[na:na]
	at java.base/java.lang.reflect.Method.invoke(Method.java:568) ~[na:na]
	at org.springframework.aop.support.AopUtils.invokeJoinpointUsingReflection(AopUtils.java:354) ~[spring-aop-6.1.6.jar!/:6.1.6]
	at org.springframework.aop.framework.ReflectiveMethodInvocation.invokeJoinpoint(ReflectiveMethodInvocation.java:196) ~[spring-aop-6.1.6.jar!/:6.1.6]
	at org.springframework.aop.framework.ReflectiveMethodInvocation.proceed(ReflectiveMethodInvocation.java:163) ~[spring-aop-6.1.6.jar!/:6.1.6]
	at org.springframework.aop.framework.CglibAopProxy$CglibMethodInvocation.proceed(CglibAopProxy.java:768) ~[spring-aop-6.1.6.jar!/:6.1.6]
	at org.springframework.dao.support.PersistenceExceptionTranslationInterceptor.invoke(PersistenceExceptionTranslationInterceptor.java:137) ~[spring-tx-6.1.6.jar!/:6.1.6]
	at org.springframework.aop.framework.ReflectiveMethodInvocation.proceed(ReflectiveMethodInvocation.java:184) ~[spring-aop-6.1.6.jar!/:6.1.6]
	at org.springframework.aop.framework.CglibAopProxy$CglibMethodInvocation.proceed(CglibAopProxy.java:768) ~[spring-aop-6.1.6.jar!/:6.1.6]
	at org.springframework.aop.framework.CglibAopProxy$DynamicAdvisedInterceptor.intercept(CglibAopProxy.java:720) ~[spring-aop-6.1.6.jar!/:6.1.6]
	at com.monitor.invoices.MonitorRepository$$SpringCGLIB$$0.getExpiringResolutions(<generated>) ~[!/:1.0.0]
	at com.monitor.invoices.ResolutionMonitorJob.monitorExpiringResolutions(ResolutionMonitorJob.java:41) ~[!/:1.0.0]
	at java.base/jdk.internal.reflect.NativeMethodAccessorImpl.invoke0(Native Method) ~[na:na]
	at java.base/jdk.internal.reflect.NativeMethodAccessorImpl.invoke(NativeMethodAccessorImpl.java:77) ~[na:na]
	at java.base/jdk.internal.reflect.DelegatingMethodAccessorImpl.invoke(DelegatingMethodAccessorImpl.java:43) ~[na:na]
	at java.base/java.lang.reflect.Method.invoke(Method.java:568) ~[na:na]
	at org.springframework.scheduling.support.ScheduledMethodRunnable.runInternal(ScheduledMethodRunnable.java:130) ~[spring-context-6.1.6.jar!/:6.1.6]
	at org.springframework.scheduling.support.ScheduledMethodRunnable.lambda$run$2(ScheduledMethodRunnable.java:124) ~[spring-context-6.1.6.jar!/:6.1.6]
	at io.micrometer.observation.Observation.observe(Observation.java:499) ~[micrometer-observation-1.12.5.jar!/:1.12.5]
	at org.springframework.scheduling.support.ScheduledMethodRunnable.run(ScheduledMethodRunnable.java:124) ~[spring-context-6.1.6.jar!/:6.1.6]
	at org.springframework.scheduling.support.DelegatingErrorHandlingRunnable.run(DelegatingErrorHandlingRunnable.java:54) ~[spring-context-6.1.6.jar!/:6.1.6]
	at org.springframework.scheduling.concurrent.ReschedulingRunnable.run(ReschedulingRunnable.java:96) ~[spring-context-6.1.6.jar!/:6.1.6]
	at java.base/java.util.concurrent.Executors$RunnableAdapter.call(Executors.java:539) ~[na:na]
	at java.base/java.util.concurrent.FutureTask.run(FutureTask.java:264) ~[na:na]
	at java.base/java.util.concurrent.ScheduledThreadPoolExecutor$ScheduledFutureTask.run(ScheduledThreadPoolExecutor.java:304) ~[na:na]
	at java.base/java.util.concurrent.ThreadPoolExecutor.runWorker(ThreadPoolExecutor.java:1136) ~[na:na]
	at java.base/java.util.concurrent.ThreadPoolExecutor$Worker.run(ThreadPoolExecutor.java:635) ~[na:na]
	at java.base/java.lang.Thread.run(Thread.java:833) ~[na:na]
Caused by: org.postgresql.util.PSQLException: ERROR: canceling statement due to statement timeout
	at org.postgresql.core.v3.QueryExecutorImpl.receiveErrorResponse(QueryExecutorImpl.java:2713) ~[postgresql-42.6.2.jar!/:42.6.2]
	at org.postgresql.core.v3.QueryExecutorImpl.processResults(QueryExecutorImpl.java:2401) ~[postgresql-42.6.2.jar!/:42.6.2]
	at org.postgresql.core.v3.QueryExecutorImpl.execute(QueryExecutorImpl.java:368) ~[postgresql-42.6.2.jar!/:42.6.2]
	at org.postgresql.jdbc.PgStatement.executeInternal(PgStatement.java:498) ~[postgresql-42.6.2.jar!/:42.6.2]
	at org.postgresql.jdbc.PgStatement.execute(PgStatement.java:415) ~[postgresql-42.6.2.jar!/:42.6.2]
	at org.postgresql.jdbc.PgStatement.executeWithFlags(PgStatement.java:335) ~[postgresql-42.6.2.jar!/:42.6.2]
	at org.postgresql.jdbc.PgStatement.executeCachedSql(PgStatement.java:321) ~[postgresql-42.6.2.jar!/:42.6.2]
	at org.postgresql.jdbc.PgStatement.executeWithFlags(PgStatement.java:297) ~[postgresql-42.6.2.jar!/:42.6.2]
	at org.postgresql.jdbc.PgStatement.executeQuery(PgStatement.java:246) ~[postgresql-42.6.2.jar!/:42.6.2]
	at com.zaxxer.hikari.pool.ProxyStatement.executeQuery(ProxyStatement.java:110) ~[HikariCP-5.0.1.jar!/:na]
	at com.zaxxer.hikari.pool.HikariProxyStatement.executeQuery(HikariProxyStatement.java) ~[HikariCP-5.0.1.jar!/:na]
	at org.springframework.jdbc.core.JdbcTemplate$1QueryStatementCallback.doInStatement(JdbcTemplate.java:463) ~[spring-jdbc-6.1.6.jar!/:6.1.6]
	at org.springframework.jdbc.core.JdbcTemplate.execute(JdbcTemplate.java:393) ~[spring-jdbc-6.1.6.jar!/:6.1.6]
	... 34 common frames omitted

2026-09-07T13:19:56.834-05:00  INFO 37392 --- [Invoice Monitor - Gastoncito] [scheduling-1] c.monitor.invoices.ResolutionMonitorJob  : Monitoreo finalizado.
2026-09-07T13:19:56.834-05:00  INFO 37392 --- [Invoice Monitor - Gastoncito] [scheduling-1] c.monitor.invoices.ResolutionMonitorJob  : ============================================================
2026-09-07T13:20:00.004-05:00  INFO 37392 --- [Invoice Monitor - Gastoncito] [scheduling-1] c.monitor.invoices.ResolutionMonitorJob  : ============================================================
2026-09-07T13:20:00.004-05:00  INFO 37392 --- [Invoice Monitor - Gastoncito] [scheduling-1] c.monitor.invoices.ResolutionMonitorJob  : Iniciando monitoreo de resoluciones por vencerse...
2026-09-07T13:20:00.020-05:00  WARN 37392 --- [Invoice Monitor - Gastoncito] [scheduling-1] com.zaxxer.hikari.pool.PoolBase          : HikariPool-1 - Failed to validate connection org.postgresql.jdbc.PgConnection@29c58223 (This connection has been closed.). Possibly consider using a shorter maxLifetime value.
2026-09-07T13:20:00.021-05:00  WARN 37392 --- [Invoice Monitor - Gastoncito] [scheduling-1] com.zaxxer.hikari.pool.PoolBase          : HikariPool-1 - Failed to validate connection org.postgresql.jdbc.PgConnection@1992f6cd (This connection has been closed.). Possibly consider using a shorter maxLifetime value.
2026-09-07T13:20:00.022-05:00  WARN 37392 --- [Invoice Monitor - Gastoncito] [scheduling-1] com.zaxxer.hikari.pool.PoolBase          : HikariPool-1 - Failed to validate connection org.postgresql.jdbc.PgConnection@6cf47748 (This connection has been closed.). Possibly consider using a shorter maxLifetime value.
2026-09-07T13:20:00.023-05:00  WARN 37392 --- [Invoice Monitor - Gastoncito] [scheduling-1] com.zaxxer.hikari.pool.PoolBase          : HikariPool-1 - Failed to validate connection org.postgresql.jdbc.PgConnection@7bc274bf (This connection has been closed.). Possibly consider using a shorter maxLifetime value.
2026-09-07T13:20:01.433-05:00  INFO 37392 --- [Invoice Monitor - Gastoncito] [scheduling-1] c.monitor.invoices.ResolutionMonitorJob  : ? No hay alertas de resoluciones por enviar en este momento.
2026-09-07T13:20:01.434-05:00  INFO 37392 --- [Invoice Monitor - Gastoncito] [scheduling-1] c.monitor.invoices.ResolutionMonitorJob  : Monitoreo finalizado.
2026-09-07T13:20:01.434-05:00  INFO 37392 --- [Invoice Monitor - Gastoncito] [scheduling-1] c.monitor.invoices.ResolutionMonitorJob  : ============================================================
2026-09-07T13:30:00.011-05:00  INFO 37392 --- [Invoice Monitor - Gastoncito] [scheduling-1] c.monitor.invoices.ResolutionMonitorJob  : ============================================================
2026-09-07T13:30:00.011-05:00  INFO 37392 --- [Invoice Monitor - Gastoncito] [scheduling-1] c.monitor.invoices.ResolutionMonitorJob  : Iniciando monitoreo de resoluciones por vencerse...
2026-09-07T13:30:00.012-05:00  WARN 37392 --- [Invoice Monitor - Gastoncito] [scheduling-1] com.zaxxer.hikari.pool.PoolBase          : HikariPool-1 - Failed to validate connection org.postgresql.jdbc.PgConnection@703980ef (This connection has been closed.). Possibly consider using a shorter maxLifetime value.
2026-09-07T13:30:00.013-05:00  WARN 37392 --- [Invoice Monitor - Gastoncito] [scheduling-1] com.zaxxer.hikari.pool.PoolBase          : HikariPool-1 - Failed to validate connection org.postgresql.jdbc.PgConnection@57b70b53 (This connection has been closed.). Possibly consider using a shorter maxLifetime value.
2026-09-07T13:30:00.014-05:00  WARN 37392 --- [Invoice Monitor - Gastoncito] [scheduling-1] com.zaxxer.hikari.pool.PoolBase          : HikariPool-1 - Failed to validate connection org.postgresql.jdbc.PgConnection@30e86c1e (This connection has been closed.). Possibly consider using a shorter maxLifetime value.
2026-09-07T13:30:00.015-05:00  WARN 37392 --- [Invoice Monitor - Gastoncito] [scheduling-1] com.zaxxer.hikari.pool.PoolBase          : HikariPool-1 - Failed to validate connection org.postgresql.jdbc.PgConnection@c6aac14 (This connection has been closed.). Possibly consider using a shorter maxLifetime value.
2026-09-07T13:30:00.016-05:00  WARN 37392 --- [Invoice Monitor - Gastoncito] [scheduling-1] com.zaxxer.hikari.pool.PoolBase          : HikariPool-1 - Failed to validate connection org.postgresql.jdbc.PgConnection@7416f641 (This connection has been closed.). Possibly consider using a shorter maxLifetime value.
2026-09-07T13:30:01.513-05:00  INFO 37392 --- [Invoice Monitor - Gastoncito] [scheduling-1] c.monitor.invoices.ResolutionMonitorJob  : ? No hay alertas de resoluciones por enviar en este momento.
2026-09-07T13:30:01.513-05:00  INFO 37392 --- [Invoice Monitor - Gastoncito] [scheduling-1] c.monitor.invoices.ResolutionMonitorJob  : Monitoreo finalizado.
2026-09-07T13:30:01.513-05:00  INFO 37392 --- [Invoice Monitor - Gastoncito] [scheduling-1] c.monitor.invoices.ResolutionMonitorJob  : ============================================================
2026-09-07T13:40:00.006-05:00  INFO 37392 --- [Invoice Monitor - Gastoncito] [scheduling-1] c.monitor.invoices.ResolutionMonitorJob  : ============================================================
2026-09-07T13:40:00.006-05:00  INFO 37392 --- [Invoice Monitor - Gastoncito] [scheduling-1] c.monitor.invoices.ResolutionMonitorJob  : Iniciando monitoreo de resoluciones por vencerse...
2026-09-07T13:40:00.007-05:00  WARN 37392 --- [Invoice Monitor - Gastoncito] [scheduling-1] com.zaxxer.hikari.pool.PoolBase          : HikariPool-1 - Failed to validate connection org.postgresql.jdbc.PgConnection@31bc8ae6 (This connection has been closed.). Possibly consider using a shorter maxLifetime value.
2026-09-07T13:40:00.008-05:00  WARN 37392 --- [Invoice Monitor - Gastoncito] [scheduling-1] com.zaxxer.hikari.pool.PoolBase          : HikariPool-1 - Failed to validate connection org.postgresql.jdbc.PgConnection@4d4072a8 (This connection has been closed.). Possibly consider using a shorter maxLifetime value.
2026-09-07T13:40:00.009-05:00  WARN 37392 --- [Invoice Monitor - Gastoncito] [scheduling-1] com.zaxxer.hikari.pool.PoolBase          : HikariPool-1 - Failed to validate connection org.postgresql.jdbc.PgConnection@593492fa (This connection has been closed.). Possibly consider using a shorter maxLifetime value.
2026-09-07T13:40:00.009-05:00  WARN 37392 --- [Invoice Monitor - Gastoncito] [scheduling-1] com.zaxxer.hikari.pool.PoolBase          : HikariPool-1 - Failed to validate connection org.postgresql.jdbc.PgConnection@c0ad880 (This connection has been closed.). Possibly consider using a shorter maxLifetime value.
2026-09-07T13:40:00.010-05:00  WARN 37392 --- [Invoice Monitor - Gastoncito] [scheduling-1] com.zaxxer.hikari.pool.PoolBase          : HikariPool-1 - Failed to validate connection org.postgresql.jdbc.PgConnection@204e97c9 (This connection has been closed.). Possibly consider using a shorter maxLifetime value.
2026-09-07T13:40:01.406-05:00  INFO 37392 --- [Invoice Monitor - Gastoncito] [scheduling-1] c.monitor.invoices.ResolutionMonitorJob  : ? No hay alertas de resoluciones por enviar en este momento.
2026-09-07T13:40:01.406-05:00  INFO 37392 --- [Invoice Monitor - Gastoncito] [scheduling-1] c.monitor.invoices.ResolutionMonitorJob  : Monitoreo finalizado.
2026-09-07T13:40:01.406-05:00  INFO 37392 --- [Invoice Monitor - Gastoncito] [scheduling-1] c.monitor.invoices.ResolutionMonitorJob  : ============================================================
2026-09-07T13:50:00.014-05:00  INFO 37392 --- [Invoice Monitor - Gastoncito] [scheduling-1] c.monitor.invoices.ResolutionMonitorJob  : ============================================================
2026-09-07T13:50:00.014-05:00  INFO 37392 --- [Invoice Monitor - Gastoncito] [scheduling-1] c.monitor.invoices.ResolutionMonitorJob  : Iniciando monitoreo de resoluciones por vencerse...
2026-09-07T13:50:00.015-05:00  WARN 37392 --- [Invoice Monitor - Gastoncito] [scheduling-1] com.zaxxer.hikari.pool.PoolBase          : HikariPool-1 - Failed to validate connection org.postgresql.jdbc.PgConnection@6ed5645a (This connection has been closed.). Possibly consider using a shorter maxLifetime value.
2026-09-07T13:50:00.016-05:00  WARN 37392 --- [Invoice Monitor - Gastoncito] [scheduling-1] com.zaxxer.hikari.pool.PoolBase          : HikariPool-1 - Failed to validate connection org.postgresql.jdbc.PgConnection@499f9c01 (This connection has been closed.). Possibly consider using a shorter maxLifetime value.
2026-09-07T13:50:00.017-05:00  WARN 37392 --- [Invoice Monitor - Gastoncito] [scheduling-1] com.zaxxer.hikari.pool.PoolBase          : HikariPool-1 - Failed to validate connection org.postgresql.jdbc.PgConnection@1dbbaa24 (This connection has been closed.). Possibly consider using a shorter maxLifetime value.
2026-09-07T13:50:00.018-05:00  WARN 37392 --- [Invoice Monitor - Gastoncito] [scheduling-1] com.zaxxer.hikari.pool.PoolBase          : HikariPool-1 - Failed to validate connection org.postgresql.jdbc.PgConnection@5809ea7d (This connection has been closed.). Possibly consider using a shorter maxLifetime value.
2026-09-07T13:50:00.019-05:00  WARN 37392 --- [Invoice Monitor - Gastoncito] [scheduling-1] com.zaxxer.hikari.pool.PoolBase          : HikariPool-1 - Failed to validate connection org.postgresql.jdbc.PgConnection@170c731c (This connection has been closed.). Possibly consider using a shorter maxLifetime value.
2026-09-07T13:50:01.465-05:00  INFO 37392 --- [Invoice Monitor - Gastoncito] [scheduling-1] c.monitor.invoices.ResolutionMonitorJob  : ? No hay alertas de resoluciones por enviar en este momento.
2026-09-07T13:50:01.465-05:00  INFO 37392 --- [Invoice Monitor - Gastoncito] [scheduling-1] c.monitor.invoices.ResolutionMonitorJob  : Monitoreo finalizado.
2026-09-07T13:50:01.465-05:00  INFO 37392 --- [Invoice Monitor - Gastoncito] [scheduling-1] c.monitor.invoices.ResolutionMonitorJob  : ============================================================
2026-09-07T14:00:00.007-05:00  INFO 37392 --- [Invoice Monitor - Gastoncito] [scheduling-1] c.monitor.invoices.ResolutionMonitorJob  : ============================================================
2026-09-07T14:00:00.008-05:00  INFO 37392 --- [Invoice Monitor - Gastoncito] [scheduling-1] c.monitor.invoices.ResolutionMonitorJob  : Iniciando monitoreo de resoluciones por vencerse...
2026-09-07T14:00:00.009-05:00  WARN 37392 --- [Invoice Monitor - Gastoncito] [scheduling-1] com.zaxxer.hikari.pool.PoolBase          : HikariPool-1 - Failed to validate connection org.postgresql.jdbc.PgConnection@22468a68 (This connection has been closed.). Possibly consider using a shorter maxLifetime value.
2026-09-07T14:00:00.010-05:00  WARN 37392 --- [Invoice Monitor - Gastoncito] [scheduling-1] com.zaxxer.hikari.pool.PoolBase          : HikariPool-1 - Failed to validate connection org.postgresql.jdbc.PgConnection@7521aabc (This connection has been closed.). Possibly consider using a shorter maxLifetime value.
2026-09-07T14:00:00.010-05:00  WARN 37392 --- [Invoice Monitor - Gastoncito] [scheduling-1] com.zaxxer.hikari.pool.PoolBase          : HikariPool-1 - Failed to validate connection org.postgresql.jdbc.PgConnection@141a397 (This connection has been closed.). Possibly consider using a shorter maxLifetime value.
2026-09-07T14:00:00.011-05:00  WARN 37392 --- [Invoice Monitor - Gastoncito] [scheduling-1] com.zaxxer.hikari.pool.PoolBase          : HikariPool-1 - Failed to validate connection org.postgresql.jdbc.PgConnection@17c26c1d (This connection has been closed.). Possibly consider using a shorter maxLifetime value.
2026-09-07T14:00:00.012-05:00  WARN 37392 --- [Invoice Monitor - Gastoncito] [scheduling-1] com.zaxxer.hikari.pool.PoolBase          : HikariPool-1 - Failed to validate connection org.postgresql.jdbc.PgConnection@125f78e5 (This connection has been closed.). Possibly consider using a shorter maxLifetime value.
2026-09-07T14:00:01.425-05:00  INFO 37392 --- [Invoice Monitor - Gastoncito] [scheduling-1] c.monitor.invoices.ResolutionMonitorJob  : ? No hay alertas de resoluciones por enviar en este momento.
2026-09-07T14:00:01.425-05:00  INFO 37392 --- [Invoice Monitor - Gastoncito] [scheduling-1] c.monitor.invoices.ResolutionMonitorJob  : Monitoreo finalizado.
2026-09-07T14:00:01.425-05:00  INFO 37392 --- [Invoice Monitor - Gastoncito] [scheduling-1] c.monitor.invoices.ResolutionMonitorJob  : ============================================================
2026-09-07T14:00:01.426-05:00  INFO 37392 --- [Invoice Monitor - Gastoncito] [scheduling-1] com.monitor.invoices.InvoiceMonitorJob   : ============================================================
2026-09-07T14:00:01.426-05:00  INFO 37392 --- [Invoice Monitor - Gastoncito] [scheduling-1] com.monitor.invoices.InvoiceMonitorJob   : Iniciando monitoreo de facturas faltantes (Flujo en 2 pasos)...
2026-09-07T14:00:01.426-05:00  INFO 37392 --- [Invoice Monitor - Gastoncito] [scheduling-1] com.monitor.invoices.InvoiceMonitorJob   : Consultando faltantes desde: 2026-08-25 00:00:00
2026-09-07T14:00:01.426-05:00  INFO 37392 --- [Invoice Monitor - Gastoncito] [scheduling-1] com.monitor.invoices.InvoiceMonitorJob   : Paso 1: Insertando datos en invoice_control...
2026-09-07T14:04:45.740-05:00  INFO 37392 --- [Invoice Monitor - Gastoncito] [scheduling-1] com.monitor.invoices.InvoiceMonitorJob   : Paso 2: Consultando faltantes...
2026-09-07T14:12:26.868-05:00 ERROR 37392 --- [Invoice Monitor - Gastoncito] [scheduling-1] o.s.s.s.TaskUtils$LoggingErrorHandler    : Unexpected error occurred in scheduled task

java.lang.OutOfMemoryError: Java heap space

2026-09-07T14:12:26.869-05:00  INFO 37392 --- [Invoice Monitor - Gastoncito] [scheduling-1] c.monitor.invoices.ResolutionMonitorJob  : ============================================================
2026-09-07T14:12:26.869-05:00  INFO 37392 --- [Invoice Monitor - Gastoncito] [scheduling-1] c.monitor.invoices.ResolutionMonitorJob  : Iniciando monitoreo de resoluciones por vencerse...
2026-09-07T14:14:52.780-05:00 ERROR 37392 --- [Invoice Monitor - Gastoncito] [scheduling-1] c.monitor.invoices.ResolutionMonitorJob  : ? Error ejecutando la consulta de resoluciones por vencerse: StatementCallback; SQL [SELECT
    e.company,
    c."name" AS company_name,
    e.code AS enumeration_code,
    e.initial_date,
    e.final_date,
    e.current_value,
    e.final_value,
    (e.final_date::date - CURRENT_DATE) AS date_difference_days,
    (e.current_value - e.final_value) AS TOTAL
FROM billing.enumeration e
INNER JOIN  core.company c ON e.company = c.code
INNER JOIN billing.resolution r ON r.enumeration = e.code
INNER JOIN machine.device d ON r.device = d.code
WHERE d.device_type = '1322'
AND e.status = 'A'
AND c.status = 'A'
ORDER BY date_difference_days ASC
]; Multiple ResultSets were returned by the query.

org.springframework.dao.DataIntegrityViolationException: StatementCallback; SQL [SELECT
    e.company,
    c."name" AS company_name,
    e.code AS enumeration_code,
    e.initial_date,
    e.final_date,
    e.current_value,
    e.final_value,
    (e.final_date::date - CURRENT_DATE) AS date_difference_days,
    (e.current_value - e.final_value) AS TOTAL
FROM billing.enumeration e
INNER JOIN  core.company c ON e.company = c.code
INNER JOIN billing.resolution r ON r.enumeration = e.code
INNER JOIN machine.device d ON r.device = d.code
WHERE d.device_type = '1322'
AND e.status = 'A'
AND c.status = 'A'
ORDER BY date_difference_days ASC
]; Multiple ResultSets were returned by the query.
	at org.springframework.jdbc.support.SQLStateSQLExceptionTranslator.doTranslate(SQLStateSQLExceptionTranslator.java:118) ~[spring-jdbc-6.1.6.jar!/:6.1.6]
	at org.springframework.jdbc.support.AbstractFallbackSQLExceptionTranslator.translate(AbstractFallbackSQLExceptionTranslator.java:107) ~[spring-jdbc-6.1.6.jar!/:6.1.6]
	at org.springframework.jdbc.support.AbstractFallbackSQLExceptionTranslator.translate(AbstractFallbackSQLExceptionTranslator.java:116) ~[spring-jdbc-6.1.6.jar!/:6.1.6]
	at org.springframework.jdbc.core.JdbcTemplate.translateException(JdbcTemplate.java:1548) ~[spring-jdbc-6.1.6.jar!/:6.1.6]
	at org.springframework.jdbc.core.JdbcTemplate.execute(JdbcTemplate.java:408) ~[spring-jdbc-6.1.6.jar!/:6.1.6]
	at org.springframework.jdbc.core.JdbcTemplate.query(JdbcTemplate.java:476) ~[spring-jdbc-6.1.6.jar!/:6.1.6]
	at org.springframework.jdbc.core.JdbcTemplate.query(JdbcTemplate.java:486) ~[spring-jdbc-6.1.6.jar!/:6.1.6]
	at org.springframework.jdbc.core.JdbcTemplate.queryForList(JdbcTemplate.java:536) ~[spring-jdbc-6.1.6.jar!/:6.1.6]
	at com.monitor.invoices.MonitorRepository.getExpiringResolutions(MonitorRepository.java:167) ~[!/:1.0.0]
	at jdk.internal.reflect.GeneratedMethodAccessor4.invoke(Unknown Source) ~[na:na]
	at java.base/jdk.internal.reflect.DelegatingMethodAccessorImpl.invoke(DelegatingMethodAccessorImpl.java:43) ~[na:na]
	at java.base/java.lang.reflect.Method.invoke(Method.java:568) ~[na:na]
	at org.springframework.aop.support.AopUtils.invokeJoinpointUsingReflection(AopUtils.java:354) ~[spring-aop-6.1.6.jar!/:6.1.6]
	at org.springframework.aop.framework.ReflectiveMethodInvocation.invokeJoinpoint(ReflectiveMethodInvocation.java:196) ~[spring-aop-6.1.6.jar!/:6.1.6]
	at org.springframework.aop.framework.ReflectiveMethodInvocation.proceed(ReflectiveMethodInvocation.java:163) ~[spring-aop-6.1.6.jar!/:6.1.6]
	at org.springframework.aop.framework.CglibAopProxy$CglibMethodInvocation.proceed(CglibAopProxy.java:768) ~[spring-aop-6.1.6.jar!/:6.1.6]
	at org.springframework.dao.support.PersistenceExceptionTranslationInterceptor.invoke(PersistenceExceptionTranslationInterceptor.java:137) ~[spring-tx-6.1.6.jar!/:6.1.6]
	at org.springframework.aop.framework.ReflectiveMethodInvocation.proceed(ReflectiveMethodInvocation.java:184) ~[spring-aop-6.1.6.jar!/:6.1.6]
	at org.springframework.aop.framework.CglibAopProxy$CglibMethodInvocation.proceed(CglibAopProxy.java:768) ~[spring-aop-6.1.6.jar!/:6.1.6]
	at org.springframework.aop.framework.CglibAopProxy$DynamicAdvisedInterceptor.intercept(CglibAopProxy.java:720) ~[spring-aop-6.1.6.jar!/:6.1.6]
	at com.monitor.invoices.MonitorRepository$$SpringCGLIB$$0.getExpiringResolutions(<generated>) ~[!/:1.0.0]
	at com.monitor.invoices.ResolutionMonitorJob.monitorExpiringResolutions(ResolutionMonitorJob.java:41) ~[!/:1.0.0]
	at jdk.internal.reflect.GeneratedMethodAccessor3.invoke(Unknown Source) ~[na:na]
	at java.base/jdk.internal.reflect.DelegatingMethodAccessorImpl.invoke(DelegatingMethodAccessorImpl.java:43) ~[na:na]
	at java.base/java.lang.reflect.Method.invoke(Method.java:568) ~[na:na]
	at org.springframework.scheduling.support.ScheduledMethodRunnable.runInternal(ScheduledMethodRunnable.java:130) ~[spring-context-6.1.6.jar!/:6.1.6]
	at org.springframework.scheduling.support.ScheduledMethodRunnable.lambda$run$2(ScheduledMethodRunnable.java:124) ~[spring-context-6.1.6.jar!/:6.1.6]
	at io.micrometer.observation.Observation.observe(Observation.java:499) ~[micrometer-observation-1.12.5.jar!/:1.12.5]
	at org.springframework.scheduling.support.ScheduledMethodRunnable.run(ScheduledMethodRunnable.java:124) ~[spring-context-6.1.6.jar!/:6.1.6]
	at org.springframework.scheduling.support.DelegatingErrorHandlingRunnable.run(DelegatingErrorHandlingRunnable.java:54) ~[spring-context-6.1.6.jar!/:6.1.6]
	at org.springframework.scheduling.concurrent.ReschedulingRunnable.run(ReschedulingRunnable.java:96) ~[spring-context-6.1.6.jar!/:6.1.6]
	at java.base/java.util.concurrent.Executors$RunnableAdapter.call(Executors.java:539) ~[na:na]
	at java.base/java.util.concurrent.FutureTask.run(FutureTask.java:264) ~[na:na]
	at java.base/java.util.concurrent.ScheduledThreadPoolExecutor$ScheduledFutureTask.run(ScheduledThreadPoolExecutor.java:304) ~[na:na]
	at java.base/java.util.concurrent.ThreadPoolExecutor.runWorker(ThreadPoolExecutor.java:1136) ~[na:na]
	at java.base/java.util.concurrent.ThreadPoolExecutor$Worker.run(ThreadPoolExecutor.java:635) ~[na:na]
	at java.base/java.lang.Thread.run(Thread.java:833) ~[na:na]
Caused by: org.postgresql.util.PSQLException: Multiple ResultSets were returned by the query.
	at org.postgresql.jdbc.PgStatement.getSingleResultSet(PgStatement.java:259) ~[postgresql-42.6.2.jar!/:42.6.2]
	at org.postgresql.jdbc.PgStatement.executeQuery(PgStatement.java:250) ~[postgresql-42.6.2.jar!/:42.6.2]
	at com.zaxxer.hikari.pool.ProxyStatement.executeQuery(ProxyStatement.java:110) ~[HikariCP-5.0.1.jar!/:na]
	at com.zaxxer.hikari.pool.HikariProxyStatement.executeQuery(HikariProxyStatement.java) ~[HikariCP-5.0.1.jar!/:na]
	at org.springframework.jdbc.core.JdbcTemplate$1QueryStatementCallback.doInStatement(JdbcTemplate.java:463) ~[spring-jdbc-6.1.6.jar!/:6.1.6]
	at org.springframework.jdbc.core.JdbcTemplate.execute(JdbcTemplate.java:393) ~[spring-jdbc-6.1.6.jar!/:6.1.6]
	... 32 common frames omitted

2026-09-07T14:14:52.813-05:00  INFO 37392 --- [Invoice Monitor - Gastoncito] [scheduling-1] c.monitor.invoices.ResolutionMonitorJob  : Monitoreo finalizado.
2026-09-07T14:14:52.814-05:00  INFO 37392 --- [Invoice Monitor - Gastoncito] [scheduling-1] c.monitor.invoices.ResolutionMonitorJob  : ============================================================
2026-09-07T14:15:00.010-05:00  INFO 37392 --- [Invoice Monitor - Gastoncito] [scheduling-1] com.monitor.invoices.RecentInvoicesJob   : ============================================================
2026-09-07T14:15:00.010-05:00  INFO 37392 --- [Invoice Monitor - Gastoncito] [scheduling-1] com.monitor.invoices.RecentInvoicesJob   : Iniciando reporte de estado de facturas recientes...
2026-09-07T14:15:07.653-05:00  INFO 37392 --- [Invoice Monitor - Gastoncito] [scheduling-1] com.monitor.invoices.RecentInvoicesJob   : ? Se encontraron 267 dispositivos en el reporte.
2026-09-07T14:15:10.784-05:00  INFO 37392 --- [Invoice Monitor - Gastoncito] [scheduling-1] com.monitor.invoices.EmailService        : ??  Correo de reporte de facturas recientes enviado a alertaaccess@gmail.com con 267 dispositivos.
2026-09-07T14:15:10.784-05:00  INFO 37392 --- [Invoice Monitor - Gastoncito] [scheduling-1] com.monitor.invoices.RecentInvoicesJob   : Reporte de facturas recientes finalizado.
2026-09-07T14:15:10.784-05:00  INFO 37392 --- [Invoice Monitor - Gastoncito] [scheduling-1] com.monitor.invoices.RecentInvoicesJob   : ============================================================
2026-09-07T14:20:00.020-05:00  INFO 37392 --- [Invoice Monitor - Gastoncito] [scheduling-1] c.monitor.invoices.ResolutionMonitorJob  : ============================================================
2026-09-07T14:20:00.021-05:00  INFO 37392 --- [Invoice Monitor - Gastoncito] [scheduling-1] c.monitor.invoices.ResolutionMonitorJob  : Iniciando monitoreo de resoluciones por vencerse...
2026-09-07T14:20:00.413-05:00  INFO 37392 --- [Invoice Monitor - Gastoncito] [scheduling-1] c.monitor.invoices.ResolutionMonitorJob  : ? No hay alertas de resoluciones por enviar en este momento.
2026-09-07T14:20:00.413-05:00  INFO 37392 --- [Invoice Monitor - Gastoncito] [scheduling-1] c.monitor.invoices.ResolutionMonitorJob  : Monitoreo finalizado.
2026-09-07T14:20:00.413-05:00  INFO 37392 --- [Invoice Monitor - Gastoncito] [scheduling-1] c.monitor.invoices.ResolutionMonitorJob  : ============================================================
2026-09-07T14:30:00.014-05:00  INFO 37392 --- [Invoice Monitor - Gastoncito] [scheduling-1] c.monitor.invoices.ResolutionMonitorJob  : ============================================================
2026-09-07T14:30:00.014-05:00  INFO 37392 --- [Invoice Monitor - Gastoncito] [scheduling-1] c.monitor.invoices.ResolutionMonitorJob  : Iniciando monitoreo de resoluciones por vencerse...
2026-09-07T14:30:00.540-05:00  INFO 37392 --- [Invoice Monitor - Gastoncito] [scheduling-1] c.monitor.invoices.ResolutionMonitorJob  : ? No hay alertas de resoluciones por enviar en este momento.
2026-09-07T14:30:00.540-05:00  INFO 37392 --- [Invoice Monitor - Gastoncito] [scheduling-1] c.monitor.invoices.ResolutionMonitorJob  : Monitoreo finalizado.
2026-09-07T14:30:00.540-05:00  INFO 37392 --- [Invoice Monitor - Gastoncito] [scheduling-1] c.monitor.invoices.ResolutionMonitorJob  : ============================================================
2026-09-07T14:40:00.007-05:00  INFO 37392 --- [Invoice Monitor - Gastoncito] [scheduling-1] c.monitor.invoices.ResolutionMonitorJob  : ============================================================
2026-09-07T14:40:00.008-05:00  INFO 37392 --- [Invoice Monitor - Gastoncito] [scheduling-1] c.monitor.invoices.ResolutionMonitorJob  : Iniciando monitoreo de resoluciones por vencerse...
2026-09-07T14:40:00.009-05:00  WARN 37392 --- [Invoice Monitor - Gastoncito] [scheduling-1] com.zaxxer.hikari.pool.PoolBase          : HikariPool-1 - Failed to validate connection org.postgresql.jdbc.PgConnection@38aaa38b (This connection has been closed.). Possibly consider using a shorter maxLifetime value.
2026-09-07T14:40:00.010-05:00  WARN 37392 --- [Invoice Monitor - Gastoncito] [scheduling-1] com.zaxxer.hikari.pool.PoolBase          : HikariPool-1 - Failed to validate connection org.postgresql.jdbc.PgConnection@785980ec (This connection has been closed.). Possibly consider using a shorter maxLifetime value.
2026-09-07T14:40:00.010-05:00  WARN 37392 --- [Invoice Monitor - Gastoncito] [scheduling-1] com.zaxxer.hikari.pool.PoolBase          : HikariPool-1 - Failed to validate connection org.postgresql.jdbc.PgConnection@284cd0a (This connection has been closed.). Possibly consider using a shorter maxLifetime value.
2026-09-07T14:40:00.011-05:00  WARN 37392 --- [Invoice Monitor - Gastoncito] [scheduling-1] com.zaxxer.hikari.pool.PoolBase          : HikariPool-1 - Failed to validate connection org.postgresql.jdbc.PgConnection@6f5f902a (This connection has been closed.). Possibly consider using a shorter maxLifetime value.
2026-09-07T14:40:00.012-05:00  WARN 37392 --- [Invoice Monitor - Gastoncito] [scheduling-1] com.zaxxer.hikari.pool.PoolBase          : HikariPool-1 - Failed to validate connection org.postgresql.jdbc.PgConnection@68447c76 (This connection has been closed.). Possibly consider using a shorter maxLifetime value.
2026-09-07T14:40:01.438-05:00  INFO 37392 --- [Invoice Monitor - Gastoncito] [scheduling-1] c.monitor.invoices.ResolutionMonitorJob  : ? No hay alertas de resoluciones por enviar en este momento.
2026-09-07T14:40:01.438-05:00  INFO 37392 --- [Invoice Monitor - Gastoncito] [scheduling-1] c.monitor.invoices.ResolutionMonitorJob  : Monitoreo finalizado.
2026-09-07T14:40:01.438-05:00  INFO 37392 --- [Invoice Monitor - Gastoncito] [scheduling-1] c.monitor.invoices.ResolutionMonitorJob  : ============================================================
2026-09-07T14:50:00.012-05:00  INFO 37392 --- [Invoice Monitor - Gastoncito] [scheduling-1] c.monitor.invoices.ResolutionMonitorJob  : ============================================================
2026-09-07T14:50:00.013-05:00  INFO 37392 --- [Invoice Monitor - Gastoncito] [scheduling-1] c.monitor.invoices.ResolutionMonitorJob  : Iniciando monitoreo de resoluciones por vencerse...
2026-09-07T14:50:00.014-05:00  WARN 37392 --- [Invoice Monitor - Gastoncito] [scheduling-1] com.zaxxer.hikari.pool.PoolBase          : HikariPool-1 - Failed to validate connection org.postgresql.jdbc.PgConnection@5c2ecf72 (This connection has been closed.). Possibly consider using a shorter maxLifetime value.
2026-09-07T14:50:00.015-05:00  WARN 37392 --- [Invoice Monitor - Gastoncito] [scheduling-1] com.zaxxer.hikari.pool.PoolBase          : HikariPool-1 - Failed to validate connection org.postgresql.jdbc.PgConnection@6babb486 (This connection has been closed.). Possibly consider using a shorter maxLifetime value.
2026-09-07T14:50:00.016-05:00  WARN 37392 --- [Invoice Monitor - Gastoncito] [scheduling-1] com.zaxxer.hikari.pool.PoolBase          : HikariPool-1 - Failed to validate connection org.postgresql.jdbc.PgConnection@2047c249 (This connection has been closed.). Possibly consider using a shorter maxLifetime value.
2026-09-07T14:50:00.016-05:00  WARN 37392 --- [Invoice Monitor - Gastoncito] [scheduling-1] com.zaxxer.hikari.pool.PoolBase          : HikariPool-1 - Failed to validate connection org.postgresql.jdbc.PgConnection@a38dc6c (This connection has been closed.). Possibly consider using a shorter maxLifetime value.
2026-09-07T14:50:00.016-05:00  WARN 37392 --- [Invoice Monitor - Gastoncito] [scheduling-1] com.zaxxer.hikari.pool.PoolBase          : HikariPool-1 - Failed to validate connection org.postgresql.jdbc.PgConnection@4738b5fe (This connection has been closed.). Possibly consider using a shorter maxLifetime value.
2026-09-07T14:50:01.482-05:00  WARN 37392 --- [Invoice Monitor - Gastoncito] [scheduling-1] c.monitor.invoices.ResolutionMonitorJob  : ??  Se encontraron 1 resoluciones que requieren alerta.
2026-09-07T14:50:04.370-05:00  INFO 37392 --- [Invoice Monitor - Gastoncito] [scheduling-1] com.monitor.invoices.EmailService        : ??  Correo de alerta enviado a alertaaccess@gmail.com con 1 resoluciones por vencerse.
2026-09-07T14:50:04.371-05:00  INFO 37392 --- [Invoice Monitor - Gastoncito] [scheduling-1] c.monitor.invoices.ResolutionMonitorJob  : Monitoreo finalizado.
2026-09-07T14:50:04.371-05:00  INFO 37392 --- [Invoice Monitor - Gastoncito] [scheduling-1] c.monitor.invoices.ResolutionMonitorJob  : ============================================================
2026-09-07T15:00:00.006-05:00  INFO 37392 --- [Invoice Monitor - Gastoncito] [scheduling-1] c.monitor.invoices.ResolutionMonitorJob  : ============================================================
2026-09-07T15:00:00.007-05:00  INFO 37392 --- [Invoice Monitor - Gastoncito] [scheduling-1] c.monitor.invoices.ResolutionMonitorJob  : Iniciando monitoreo de resoluciones por vencerse...
2026-09-07T15:00:00.008-05:00  WARN 37392 --- [Invoice Monitor - Gastoncito] [scheduling-1] com.zaxxer.hikari.pool.PoolBase          : HikariPool-1 - Failed to validate connection org.postgresql.jdbc.PgConnection@4b4e7584 (This connection has been closed.). Possibly consider using a shorter maxLifetime value.
2026-09-07T15:00:00.009-05:00  WARN 37392 --- [Invoice Monitor - Gastoncito] [scheduling-1] com.zaxxer.hikari.pool.PoolBase          : HikariPool-1 - Failed to validate connection org.postgresql.jdbc.PgConnection@1feb80ca (This connection has been closed.). Possibly consider using a shorter maxLifetime value.
2026-09-07T15:00:00.009-05:00  WARN 37392 --- [Invoice Monitor - Gastoncito] [scheduling-1] com.zaxxer.hikari.pool.PoolBase          : HikariPool-1 - Failed to validate connection org.postgresql.jdbc.PgConnection@7225f425 (This connection has been closed.). Possibly consider using a shorter maxLifetime value.
2026-09-07T15:00:00.010-05:00  WARN 37392 --- [Invoice Monitor - Gastoncito] [scheduling-1] com.zaxxer.hikari.pool.PoolBase          : HikariPool-1 - Failed to validate connection org.postgresql.jdbc.PgConnection@4aff4db0 (This connection has been closed.). Possibly consider using a shorter maxLifetime value.
2026-09-07T15:00:00.011-05:00  WARN 37392 --- [Invoice Monitor - Gastoncito] [scheduling-1] com.zaxxer.hikari.pool.PoolBase          : HikariPool-1 - Failed to validate connection org.postgresql.jdbc.PgConnection@4a240fef (This connection has been closed.). Possibly consider using a shorter maxLifetime value.
2026-09-07T15:00:01.436-05:00  INFO 37392 --- [Invoice Monitor - Gastoncito] [scheduling-1] c.monitor.invoices.ResolutionMonitorJob  : ? No hay alertas de resoluciones por enviar en este momento.
2026-09-07T15:00:01.436-05:00  INFO 37392 --- [Invoice Monitor - Gastoncito] [scheduling-1] c.monitor.invoices.ResolutionMonitorJob  : Monitoreo finalizado.
2026-09-07T15:00:01.436-05:00  INFO 37392 --- [Invoice Monitor - Gastoncito] [scheduling-1] c.monitor.invoices.ResolutionMonitorJob  : ============================================================
2026-09-07T15:00:01.436-05:00  INFO 37392 --- [Invoice Monitor - Gastoncito] [scheduling-1] com.monitor.invoices.InvoiceMonitorJob   : ============================================================
2026-09-07T15:00:01.436-05:00  INFO 37392 --- [Invoice Monitor - Gastoncito] [scheduling-1] com.monitor.invoices.InvoiceMonitorJob   : Iniciando monitoreo de facturas faltantes (Flujo en 2 pasos)...
2026-09-07T15:00:01.437-05:00  INFO 37392 --- [Invoice Monitor - Gastoncito] [scheduling-1] com.monitor.invoices.InvoiceMonitorJob   : Consultando faltantes desde: 2026-08-25 00:00:00
2026-09-07T15:00:01.437-05:00  INFO 37392 --- [Invoice Monitor - Gastoncito] [scheduling-1] com.monitor.invoices.InvoiceMonitorJob   : Paso 1: Insertando datos en invoice_control...
2026-09-07T15:04:50.325-05:00  INFO 37392 --- [Invoice Monitor - Gastoncito] [scheduling-1] com.monitor.invoices.InvoiceMonitorJob   : Paso 2: Consultando faltantes...
2026-09-07T15:13:13.512-05:00 ERROR 37392 --- [Invoice Monitor - Gastoncito] [scheduling-1] o.s.s.s.TaskUtils$LoggingErrorHandler    : Unexpected error occurred in scheduled task

java.lang.OutOfMemoryError: Java heap space

2026-09-07T15:13:13.877-05:00  INFO 37392 --- [Invoice Monitor - Gastoncito] [scheduling-1] c.monitor.invoices.ResolutionMonitorJob  : ============================================================
2026-09-07T15:13:13.878-05:00  INFO 37392 --- [Invoice Monitor - Gastoncito] [scheduling-1] c.monitor.invoices.ResolutionMonitorJob  : Iniciando monitoreo de resoluciones por vencerse...
2026-09-07T15:15:38.788-05:00 ERROR 37392 --- [Invoice Monitor - Gastoncito] [scheduling-1] c.monitor.invoices.ResolutionMonitorJob  : ? Error ejecutando la consulta de resoluciones por vencerse: Failed to obtain JDBC Connection

org.springframework.jdbc.CannotGetJdbcConnectionException: Failed to obtain JDBC Connection
	at org.springframework.jdbc.datasource.DataSourceUtils.getConnection(DataSourceUtils.java:84) ~[spring-jdbc-6.1.6.jar!/:6.1.6]
	at org.springframework.jdbc.core.JdbcTemplate.execute(JdbcTemplate.java:388) ~[spring-jdbc-6.1.6.jar!/:6.1.6]
	at org.springframework.jdbc.core.JdbcTemplate.query(JdbcTemplate.java:476) ~[spring-jdbc-6.1.6.jar!/:6.1.6]
	at org.springframework.jdbc.core.JdbcTemplate.query(JdbcTemplate.java:486) ~[spring-jdbc-6.1.6.jar!/:6.1.6]
	at org.springframework.jdbc.core.JdbcTemplate.queryForList(JdbcTemplate.java:536) ~[spring-jdbc-6.1.6.jar!/:6.1.6]
	at com.monitor.invoices.MonitorRepository.getExpiringResolutions(MonitorRepository.java:167) ~[!/:1.0.0]
	at jdk.internal.reflect.GeneratedMethodAccessor4.invoke(Unknown Source) ~[na:na]
	at java.base/jdk.internal.reflect.DelegatingMethodAccessorImpl.invoke(DelegatingMethodAccessorImpl.java:43) ~[na:na]
	at java.base/java.lang.reflect.Method.invoke(Method.java:568) ~[na:na]
	at org.springframework.aop.support.AopUtils.invokeJoinpointUsingReflection(AopUtils.java:354) ~[spring-aop-6.1.6.jar!/:6.1.6]
	at org.springframework.aop.framework.ReflectiveMethodInvocation.invokeJoinpoint(ReflectiveMethodInvocation.java:196) ~[spring-aop-6.1.6.jar!/:6.1.6]
	at org.springframework.aop.framework.ReflectiveMethodInvocation.proceed(ReflectiveMethodInvocation.java:163) ~[spring-aop-6.1.6.jar!/:6.1.6]
	at org.springframework.aop.framework.CglibAopProxy$CglibMethodInvocation.proceed(CglibAopProxy.java:768) ~[spring-aop-6.1.6.jar!/:6.1.6]
	at org.springframework.dao.support.PersistenceExceptionTranslationInterceptor.invoke(PersistenceExceptionTranslationInterceptor.java:137) ~[spring-tx-6.1.6.jar!/:6.1.6]
	at org.springframework.aop.framework.ReflectiveMethodInvocation.proceed(ReflectiveMethodInvocation.java:184) ~[spring-aop-6.1.6.jar!/:6.1.6]
	at org.springframework.aop.framework.CglibAopProxy$CglibMethodInvocation.proceed(CglibAopProxy.java:768) ~[spring-aop-6.1.6.jar!/:6.1.6]
	at org.springframework.aop.framework.CglibAopProxy$DynamicAdvisedInterceptor.intercept(CglibAopProxy.java:720) ~[spring-aop-6.1.6.jar!/:6.1.6]
	at com.monitor.invoices.MonitorRepository$$SpringCGLIB$$0.getExpiringResolutions(<generated>) ~[!/:1.0.0]
	at com.monitor.invoices.ResolutionMonitorJob.monitorExpiringResolutions(ResolutionMonitorJob.java:41) ~[!/:1.0.0]
	at jdk.internal.reflect.GeneratedMethodAccessor3.invoke(Unknown Source) ~[na:na]
	at java.base/jdk.internal.reflect.DelegatingMethodAccessorImpl.invoke(DelegatingMethodAccessorImpl.java:43) ~[na:na]
	at java.base/java.lang.reflect.Method.invoke(Method.java:568) ~[na:na]
	at org.springframework.scheduling.support.ScheduledMethodRunnable.runInternal(ScheduledMethodRunnable.java:130) ~[spring-context-6.1.6.jar!/:6.1.6]
	at org.springframework.scheduling.support.ScheduledMethodRunnable.lambda$run$2(ScheduledMethodRunnable.java:124) ~[spring-context-6.1.6.jar!/:6.1.6]
	at io.micrometer.observation.Observation.observe(Observation.java:499) ~[micrometer-observation-1.12.5.jar!/:1.12.5]
	at org.springframework.scheduling.support.ScheduledMethodRunnable.run(ScheduledMethodRunnable.java:124) ~[spring-context-6.1.6.jar!/:6.1.6]
	at org.springframework.scheduling.support.DelegatingErrorHandlingRunnable.run(DelegatingErrorHandlingRunnable.java:54) ~[spring-context-6.1.6.jar!/:6.1.6]
	at org.springframework.scheduling.concurrent.ReschedulingRunnable.run(ReschedulingRunnable.java:96) ~[spring-context-6.1.6.jar!/:6.1.6]
	at java.base/java.util.concurrent.Executors$RunnableAdapter.call(Executors.java:539) ~[na:na]
	at java.base/java.util.concurrent.FutureTask.run(FutureTask.java:264) ~[na:na]
	at java.base/java.util.concurrent.ScheduledThreadPoolExecutor$ScheduledFutureTask.run(ScheduledThreadPoolExecutor.java:304) ~[na:na]
	at java.base/java.util.concurrent.ThreadPoolExecutor.runWorker(ThreadPoolExecutor.java:1136) ~[na:na]
	at java.base/java.util.concurrent.ThreadPoolExecutor$Worker.run(ThreadPoolExecutor.java:635) ~[na:na]
	at java.base/java.lang.Thread.run(Thread.java:833) ~[na:na]
Caused by: java.sql.SQLTransientConnectionException: HikariPool-1 - Connection is not available, request timed out after 144690ms.
	at com.zaxxer.hikari.pool.HikariPool.createTimeoutException(HikariPool.java:696) ~[HikariCP-5.0.1.jar!/:na]
	at com.zaxxer.hikari.pool.HikariPool.getConnection(HikariPool.java:181) ~[HikariCP-5.0.1.jar!/:na]
	at com.zaxxer.hikari.pool.HikariPool.getConnection(HikariPool.java:146) ~[HikariCP-5.0.1.jar!/:na]
	at com.zaxxer.hikari.HikariDataSource.getConnection(HikariDataSource.java:128) ~[HikariCP-5.0.1.jar!/:na]
	at org.springframework.jdbc.datasource.DataSourceUtils.fetchConnection(DataSourceUtils.java:160) ~[spring-jdbc-6.1.6.jar!/:6.1.6]
	at org.springframework.jdbc.datasource.DataSourceUtils.doGetConnection(DataSourceUtils.java:118) ~[spring-jdbc-6.1.6.jar!/:6.1.6]
	at org.springframework.jdbc.datasource.DataSourceUtils.getConnection(DataSourceUtils.java:81) ~[spring-jdbc-6.1.6.jar!/:6.1.6]
	... 33 common frames omitted

2026-09-07T15:15:38.854-05:00  INFO 37392 --- [Invoice Monitor - Gastoncito] [scheduling-1] c.monitor.invoices.ResolutionMonitorJob  : Monitoreo finalizado.
2026-09-07T15:15:38.856-05:00  INFO 37392 --- [Invoice Monitor - Gastoncito] [scheduling-1] c.monitor.invoices.ResolutionMonitorJob  : ============================================================
2026-09-07T15:20:00.001-05:00  INFO 37392 --- [Invoice Monitor - Gastoncito] [scheduling-1] c.monitor.invoices.ResolutionMonitorJob  : ============================================================
2026-09-07T15:20:00.002-05:00  INFO 37392 --- [Invoice Monitor - Gastoncito] [scheduling-1] c.monitor.invoices.ResolutionMonitorJob  : Iniciando monitoreo de resoluciones por vencerse...
2026-09-07T15:20:00.003-05:00  WARN 37392 --- [Invoice Monitor - Gastoncito] [scheduling-1] com.zaxxer.hikari.pool.PoolBase          : HikariPool-1 - Failed to validate connection org.postgresql.jdbc.PgConnection@1417e1af (This connection has been closed.). Possibly consider using a shorter maxLifetime value.
2026-09-07T15:20:00.004-05:00  WARN 37392 --- [Invoice Monitor - Gastoncito] [scheduling-1] com.zaxxer.hikari.pool.PoolBase          : HikariPool-1 - Failed to validate connection org.postgresql.jdbc.PgConnection@fc0f297 (This connection has been closed.). Possibly consider using a shorter maxLifetime value.
2026-09-07T15:20:00.006-05:00  WARN 37392 --- [Invoice Monitor - Gastoncito] [scheduling-1] com.zaxxer.hikari.pool.PoolBase          : HikariPool-1 - Failed to validate connection org.postgresql.jdbc.PgConnection@40df0ab4 (This connection has been closed.). Possibly consider using a shorter maxLifetime value.
2026-09-07T15:20:00.008-05:00  WARN 37392 --- [Invoice Monitor - Gastoncito] [scheduling-1] com.zaxxer.hikari.pool.PoolBase          : HikariPool-1 - Failed to validate connection org.postgresql.jdbc.PgConnection@6b6e9199 (This connection has been closed.). Possibly consider using a shorter maxLifetime value.
2026-09-07T15:20:00.407-05:00  INFO 37392 --- [Invoice Monitor - Gastoncito] [scheduling-1] c.monitor.invoices.ResolutionMonitorJob  : ? No hay alertas de resoluciones por enviar en este momento.
2026-09-07T15:20:00.407-05:00  INFO 37392 --- [Invoice Monitor - Gastoncito] [scheduling-1] c.monitor.invoices.ResolutionMonitorJob  : Monitoreo finalizado.
2026-09-07T15:20:00.407-05:00  INFO 37392 --- [Invoice Monitor - Gastoncito] [scheduling-1] c.monitor.invoices.ResolutionMonitorJob  : ============================================================
2026-09-07T15:30:00.012-05:00  INFO 37392 --- [Invoice Monitor - Gastoncito] [scheduling-1] c.monitor.invoices.ResolutionMonitorJob  : ============================================================
2026-09-07T15:30:00.012-05:00  INFO 37392 --- [Invoice Monitor - Gastoncito] [scheduling-1] c.monitor.invoices.ResolutionMonitorJob  : Iniciando monitoreo de resoluciones por vencerse...
2026-09-07T15:30:00.014-05:00  WARN 37392 --- [Invoice Monitor - Gastoncito] [scheduling-1] com.zaxxer.hikari.pool.PoolBase          : HikariPool-1 - Failed to validate connection org.postgresql.jdbc.PgConnection@6500b22d (This connection has been closed.). Possibly consider using a shorter maxLifetime value.
2026-09-07T15:30:00.015-05:00  WARN 37392 --- [Invoice Monitor - Gastoncito] [scheduling-1] com.zaxxer.hikari.pool.PoolBase          : HikariPool-1 - Failed to validate connection org.postgresql.jdbc.PgConnection@55ee8de5 (This connection has been closed.). Possibly consider using a shorter maxLifetime value.
2026-09-07T15:30:00.016-05:00  WARN 37392 --- [Invoice Monitor - Gastoncito] [scheduling-1] com.zaxxer.hikari.pool.PoolBase          : HikariPool-1 - Failed to validate connection org.postgresql.jdbc.PgConnection@4a133c98 (This connection has been closed.). Possibly consider using a shorter maxLifetime value.
2026-09-07T15:30:00.016-05:00  WARN 37392 --- [Invoice Monitor - Gastoncito] [scheduling-1] com.zaxxer.hikari.pool.PoolBase          : HikariPool-1 - Failed to validate connection org.postgresql.jdbc.PgConnection@2ae27e2d (This connection has been closed.). Possibly consider using a shorter maxLifetime value.
2026-09-07T15:30:00.017-05:00  WARN 37392 --- [Invoice Monitor - Gastoncito] [scheduling-1] com.zaxxer.hikari.pool.PoolBase          : HikariPool-1 - Failed to validate connection org.postgresql.jdbc.PgConnection@22340501 (This connection has been closed.). Possibly consider using a shorter maxLifetime value.
2026-09-07T15:30:01.359-05:00  INFO 37392 --- [Invoice Monitor - Gastoncito] [scheduling-1] c.monitor.invoices.ResolutionMonitorJob  : ? No hay alertas de resoluciones por enviar en este momento.
2026-09-07T15:30:01.359-05:00  INFO 37392 --- [Invoice Monitor - Gastoncito] [scheduling-1] c.monitor.invoices.ResolutionMonitorJob  : Monitoreo finalizado.
2026-09-07T15:30:01.359-05:00  INFO 37392 --- [Invoice Monitor - Gastoncito] [scheduling-1] c.monitor.invoices.ResolutionMonitorJob  : ============================================================
2026-09-07T15:40:00.004-05:00  INFO 37392 --- [Invoice Monitor - Gastoncito] [scheduling-1] c.monitor.invoices.ResolutionMonitorJob  : ============================================================
2026-09-07T15:40:00.005-05:00  INFO 37392 --- [Invoice Monitor - Gastoncito] [scheduling-1] c.monitor.invoices.ResolutionMonitorJob  : Iniciando monitoreo de resoluciones por vencerse...
2026-09-07T15:40:00.006-05:00  WARN 37392 --- [Invoice Monitor - Gastoncito] [scheduling-1] com.zaxxer.hikari.pool.PoolBase          : HikariPool-1 - Failed to validate connection org.postgresql.jdbc.PgConnection@3943507 (This connection has been closed.). Possibly consider using a shorter maxLifetime value.
2026-09-07T15:40:00.007-05:00  WARN 37392 --- [Invoice Monitor - Gastoncito] [scheduling-1] com.zaxxer.hikari.pool.PoolBase          : HikariPool-1 - Failed to validate connection org.postgresql.jdbc.PgConnection@699a213c (This connection has been closed.). Possibly consider using a shorter maxLifetime value.
2026-09-07T15:40:00.007-05:00  WARN 37392 --- [Invoice Monitor - Gastoncito] [scheduling-1] com.zaxxer.hikari.pool.PoolBase          : HikariPool-1 - Failed to validate connection org.postgresql.jdbc.PgConnection@6b843d03 (This connection has been closed.). Possibly consider using a shorter maxLifetime value.
2026-09-07T15:40:00.008-05:00  WARN 37392 --- [Invoice Monitor - Gastoncito] [scheduling-1] com.zaxxer.hikari.pool.PoolBase          : HikariPool-1 - Failed to validate connection org.postgresql.jdbc.PgConnection@499a0179 (This connection has been closed.). Possibly consider using a shorter maxLifetime value.
2026-09-07T15:40:00.009-05:00  WARN 37392 --- [Invoice Monitor - Gastoncito] [scheduling-1] com.zaxxer.hikari.pool.PoolBase          : HikariPool-1 - Failed to validate connection org.postgresql.jdbc.PgConnection@188b6efd (This connection has been closed.). Possibly consider using a shorter maxLifetime value.
2026-09-07T15:40:01.303-05:00  INFO 37392 --- [Invoice Monitor - Gastoncito] [scheduling-1] c.monitor.invoices.ResolutionMonitorJob  : ? No hay alertas de resoluciones por enviar en este momento.
2026-09-07T15:40:01.303-05:00  INFO 37392 --- [Invoice Monitor - Gastoncito] [scheduling-1] c.monitor.invoices.ResolutionMonitorJob  : Monitoreo finalizado.
2026-09-07T15:40:01.304-05:00  INFO 37392 --- [Invoice Monitor - Gastoncito] [scheduling-1] c.monitor.invoices.ResolutionMonitorJob  : ============================================================
2026-09-07T15:41:49.492-05:00  INFO 37392 --- [Invoice Monitor - Gastoncito] [SpringApplicationShutdownHook] com.zaxxer.hikari.HikariDataSource       : HikariPool-1 - Shutdown initiated...
2026-09-07T15:41:50.149-05:00  INFO 37392 --- [Invoice Monitor - Gastoncito] [SpringApplicationShutdownHook] com.zaxxer.hikari.HikariDataSource       : HikariPool-1 - Shutdown completed.
2026-09-07T15:42:07.391-05:00  INFO 5268 --- [Invoice Monitor - Gastoncito] [main] c.m.invoices.InvoiceMonitorApplication   : Starting InvoiceMonitorApplication v1.0.0 using Java 17.0.2 with PID 5268 (G:\Automatizacion facturas faltantes\target\invoice-monitor-1.0.0.jar started by MIGUELDESAR in G:\Automatizacion facturas faltantes)
2026-09-07T15:42:07.394-05:00  INFO 5268 --- [Invoice Monitor - Gastoncito] [main] c.m.invoices.InvoiceMonitorApplication   : No active profile set, falling back to 1 default profile: "default"
2026-09-07T15:42:08.147-05:00  INFO 5268 --- [Invoice Monitor - Gastoncito] [main] c.m.invoices.InvoiceMonitorApplication   : Started InvoiceMonitorApplication in 1.244 seconds (process running for 1.66)
2026-09-07T15:50:00.015-05:00  INFO 5268 --- [Invoice Monitor - Gastoncito] [scheduling-1] c.monitor.invoices.ResolutionMonitorJob  : ============================================================
2026-09-07T15:50:00.016-05:00  INFO 5268 --- [Invoice Monitor - Gastoncito] [scheduling-1] c.monitor.invoices.ResolutionMonitorJob  : Iniciando monitoreo de resoluciones por vencerse...
2026-09-07T15:50:00.022-05:00  WARN 5268 --- [Invoice Monitor - Gastoncito] [scheduling-1] com.zaxxer.hikari.HikariConfig           : HikariPool-1 - idleTimeout has been set but has no effect because the pool is operating as a fixed size pool.
2026-09-07T15:50:00.023-05:00  INFO 5268 --- [Invoice Monitor - Gastoncito] [scheduling-1] com.zaxxer.hikari.HikariDataSource       : HikariPool-1 - Starting...
2026-09-07T15:50:01.754-05:00  INFO 5268 --- [Invoice Monitor - Gastoncito] [scheduling-1] com.zaxxer.hikari.pool.HikariPool        : HikariPool-1 - Added connection org.postgresql.jdbc.PgConnection@6630c92a
2026-09-07T15:50:01.756-05:00  INFO 5268 --- [Invoice Monitor - Gastoncito] [scheduling-1] com.zaxxer.hikari.HikariDataSource       : HikariPool-1 - Start completed.
2026-09-07T15:50:02.065-05:00  WARN 5268 --- [Invoice Monitor - Gastoncito] [scheduling-1] c.monitor.invoices.ResolutionMonitorJob  : ??  Se encontraron 10 resoluciones que requieren alerta.
2026-09-07T15:50:04.578-05:00  INFO 5268 --- [Invoice Monitor - Gastoncito] [scheduling-1] com.monitor.invoices.EmailService        : ??  Correo de alerta enviado a alertaaccess@gmail.com con 10 resoluciones por vencerse.
2026-09-07T15:50:04.578-05:00  INFO 5268 --- [Invoice Monitor - Gastoncito] [scheduling-1] c.monitor.invoices.ResolutionMonitorJob  : Monitoreo finalizado.
2026-09-07T15:50:04.578-05:00  INFO 5268 --- [Invoice Monitor - Gastoncito] [scheduling-1] c.monitor.invoices.ResolutionMonitorJob  : ============================================================
2026-09-07T16:00:00.003-05:00  INFO 5268 --- [Invoice Monitor - Gastoncito] [scheduling-1] c.monitor.invoices.ResolutionMonitorJob  : ============================================================
2026-09-07T16:00:00.004-05:00  INFO 5268 --- [Invoice Monitor - Gastoncito] [scheduling-1] c.monitor.invoices.ResolutionMonitorJob  : Iniciando monitoreo de resoluciones por vencerse...
2026-09-07T16:00:00.408-05:00  INFO 5268 --- [Invoice Monitor - Gastoncito] [scheduling-1] c.monitor.invoices.ResolutionMonitorJob  : ? No hay alertas de resoluciones por enviar en este momento.
2026-09-07T16:00:00.408-05:00  INFO 5268 --- [Invoice Monitor - Gastoncito] [scheduling-1] c.monitor.invoices.ResolutionMonitorJob  : Monitoreo finalizado.
2026-09-07T16:00:00.408-05:00  INFO 5268 --- [Invoice Monitor - Gastoncito] [scheduling-1] c.monitor.invoices.ResolutionMonitorJob  : ============================================================
2026-09-07T16:00:00.409-05:00  INFO 5268 --- [Invoice Monitor - Gastoncito] [scheduling-1] com.monitor.invoices.InvoiceMonitorJob   : ============================================================
2026-09-07T16:00:00.409-05:00  INFO 5268 --- [Invoice Monitor - Gastoncito] [scheduling-1] com.monitor.invoices.InvoiceMonitorJob   : Iniciando monitoreo de facturas faltantes (Flujo en 2 pasos)...
2026-09-07T16:00:00.409-05:00  INFO 5268 --- [Invoice Monitor - Gastoncito] [scheduling-1] com.monitor.invoices.InvoiceMonitorJob   : Consultando faltantes desde: 2026-08-25 00:00:00
2026-09-07T16:00:00.409-05:00  INFO 5268 --- [Invoice Monitor - Gastoncito] [scheduling-1] com.monitor.invoices.InvoiceMonitorJob   : Paso 1: Insertando datos en invoice_control...
2026-09-07T16:04:46.075-05:00  INFO 5268 --- [Invoice Monitor - Gastoncito] [scheduling-1] com.monitor.invoices.InvoiceMonitorJob   : Paso 2: Consultando faltantes...
2026-09-07T16:12:29.953-05:00 ERROR 5268 --- [Invoice Monitor - Gastoncito] [scheduling-1] o.s.s.s.TaskUtils$LoggingErrorHandler    : Unexpected error occurred in scheduled task

java.lang.OutOfMemoryError: Java heap space

2026-09-07T16:12:30.670-05:00  INFO 5268 --- [Invoice Monitor - Gastoncito] [scheduling-1] c.monitor.invoices.ResolutionMonitorJob  : ============================================================
2026-09-07T16:12:30.670-05:00  INFO 5268 --- [Invoice Monitor - Gastoncito] [scheduling-1] c.monitor.invoices.ResolutionMonitorJob  : Iniciando monitoreo de resoluciones por vencerse...
2026-09-07T16:12:31.277-05:00  INFO 5268 --- [Invoice Monitor - Gastoncito] [scheduling-1] c.monitor.invoices.ResolutionMonitorJob  : ? No hay alertas de resoluciones por enviar en este momento.
2026-09-07T16:12:31.277-05:00  INFO 5268 --- [Invoice Monitor - Gastoncito] [scheduling-1] c.monitor.invoices.ResolutionMonitorJob  : Monitoreo finalizado.
2026-09-07T16:12:31.278-05:00  INFO 5268 --- [Invoice Monitor - Gastoncito] [scheduling-1] c.monitor.invoices.ResolutionMonitorJob  : ============================================================
2026-09-07T16:20:00.003-05:00  INFO 5268 --- [Invoice Monitor - Gastoncito] [scheduling-1] c.monitor.invoices.ResolutionMonitorJob  : ============================================================
2026-09-07T16:20:00.004-05:00  INFO 5268 --- [Invoice Monitor - Gastoncito] [scheduling-1] c.monitor.invoices.ResolutionMonitorJob  : Iniciando monitoreo de resoluciones por vencerse...
2026-09-07T16:20:00.527-05:00  INFO 5268 --- [Invoice Monitor - Gastoncito] [scheduling-1] c.monitor.invoices.ResolutionMonitorJob  : ? No hay alertas de resoluciones por enviar en este momento.
2026-09-07T16:20:00.527-05:00  INFO 5268 --- [Invoice Monitor - Gastoncito] [scheduling-1] c.monitor.invoices.ResolutionMonitorJob  : Monitoreo finalizado.
2026-09-07T16:20:00.527-05:00  INFO 5268 --- [Invoice Monitor - Gastoncito] [scheduling-1] c.monitor.invoices.ResolutionMonitorJob  : ============================================================
2026-09-07T16:30:00.001-05:00  INFO 5268 --- [Invoice Monitor - Gastoncito] [scheduling-1] c.monitor.invoices.ResolutionMonitorJob  : ============================================================
2026-09-07T16:30:00.002-05:00  INFO 5268 --- [Invoice Monitor - Gastoncito] [scheduling-1] c.monitor.invoices.ResolutionMonitorJob  : Iniciando monitoreo de resoluciones por vencerse...
2026-09-07T16:30:00.401-05:00  INFO 5268 --- [Invoice Monitor - Gastoncito] [scheduling-1] c.monitor.invoices.ResolutionMonitorJob  : ? No hay alertas de resoluciones por enviar en este momento.
2026-09-07T16:30:00.401-05:00  INFO 5268 --- [Invoice Monitor - Gastoncito] [scheduling-1] c.monitor.invoices.ResolutionMonitorJob  : Monitoreo finalizado.
2026-09-07T16:30:00.402-05:00  INFO 5268 --- [Invoice Monitor - Gastoncito] [scheduling-1] c.monitor.invoices.ResolutionMonitorJob  : ============================================================
2026-09-07T16:34:37.425-05:00  INFO 5268 --- [Invoice Monitor - Gastoncito] [SpringApplicationShutdownHook] com.zaxxer.hikari.HikariDataSource       : HikariPool-1 - Shutdown initiated...
2026-09-07T16:34:38.046-05:00  INFO 5268 --- [Invoice Monitor - Gastoncito] [SpringApplicationShutdownHook] com.zaxxer.hikari.HikariDataSource       : HikariPool-1 - Shutdown completed.
2026-09-07T16:35:42.194-05:00  INFO 34348 --- [Invoice Monitor - Gastoncito] [main] c.m.invoices.InvoiceMonitorApplication   : Starting InvoiceMonitorApplication v1.0.0 using Java 17.0.2 with PID 34348 (G:\Automatizacion facturas faltantes\target\invoice-monitor-1.0.0.jar started by MIGUELDESAR in G:\Automatizacion facturas faltantes)
2026-09-07T16:35:42.198-05:00  INFO 34348 --- [Invoice Monitor - Gastoncito] [main] c.m.invoices.InvoiceMonitorApplication   : No active profile set, falling back to 1 default profile: "default"
2026-09-07T16:35:42.999-05:00  INFO 34348 --- [Invoice Monitor - Gastoncito] [main] c.m.invoices.InvoiceMonitorApplication   : Started InvoiceMonitorApplication in 1.297 seconds (process running for 1.674)
2026-09-07T16:40:00.017-05:00  INFO 34348 --- [Invoice Monitor - Gastoncito] [scheduling-1] c.monitor.invoices.ResolutionMonitorJob  : ============================================================
2026-09-07T16:40:00.018-05:00  INFO 34348 --- [Invoice Monitor - Gastoncito] [scheduling-1] c.monitor.invoices.ResolutionMonitorJob  : Iniciando monitoreo de resoluciones por vencerse...
2026-09-07T16:40:00.024-05:00  WARN 34348 --- [Invoice Monitor - Gastoncito] [scheduling-1] com.zaxxer.hikari.HikariConfig           : HikariPool-1 - idleTimeout has been set but has no effect because the pool is operating as a fixed size pool.
2026-09-07T16:40:00.025-05:00  INFO 34348 --- [Invoice Monitor - Gastoncito] [scheduling-1] com.zaxxer.hikari.HikariDataSource       : HikariPool-1 - Starting...
2026-09-07T16:40:02.399-05:00  INFO 34348 --- [Invoice Monitor - Gastoncito] [scheduling-1] com.zaxxer.hikari.pool.HikariPool        : HikariPool-1 - Added connection org.postgresql.jdbc.PgConnection@6630c92a
2026-09-07T16:40:02.402-05:00  INFO 34348 --- [Invoice Monitor - Gastoncito] [scheduling-1] com.zaxxer.hikari.HikariDataSource       : HikariPool-1 - Start completed.
2026-09-07T16:40:03.018-05:00  WARN 34348 --- [Invoice Monitor - Gastoncito] [scheduling-1] c.monitor.invoices.ResolutionMonitorJob  : ??  Se encontraron 10 resoluciones que requieren alerta.
2026-09-07T16:40:04.760-05:00  INFO 34348 --- [Invoice Monitor - Gastoncito] [scheduling-1] com.monitor.invoices.EmailService        : ??  Correo de alerta enviado a alertaaccess@gmail.com con 10 resoluciones por vencerse.
2026-09-07T16:40:04.760-05:00  INFO 34348 --- [Invoice Monitor - Gastoncito] [scheduling-1] c.monitor.invoices.ResolutionMonitorJob  : Monitoreo finalizado.
2026-09-07T16:40:04.760-05:00  INFO 34348 --- [Invoice Monitor - Gastoncito] [scheduling-1] c.monitor.invoices.ResolutionMonitorJob  : ============================================================
2026-09-07T16:47:17.209-05:00  INFO 34348 --- [Invoice Monitor - Gastoncito] [SpringApplicationShutdownHook] com.zaxxer.hikari.HikariDataSource       : HikariPool-1 - Shutdown initiated...
2026-09-07T16:47:17.826-05:00  INFO 34348 --- [Invoice Monitor - Gastoncito] [SpringApplicationShutdownHook] com.zaxxer.hikari.HikariDataSource       : HikariPool-1 - Shutdown completed.
2026-09-07T16:47:28.756-05:00  INFO 37496 --- [Invoice Monitor - Gastoncito] [main] c.m.invoices.InvoiceMonitorApplication   : Starting InvoiceMonitorApplication v1.0.0 using Java 17.0.2 with PID 37496 (G:\Automatizacion facturas faltantes\target\invoice-monitor-1.0.0.jar started by MIGUELDESAR in G:\Automatizacion facturas faltantes)
2026-09-07T16:47:28.759-05:00  INFO 37496 --- [Invoice Monitor - Gastoncito] [main] c.m.invoices.InvoiceMonitorApplication   : No active profile set, falling back to 1 default profile: "default"
2026-09-07T16:47:29.502-05:00  INFO 37496 --- [Invoice Monitor - Gastoncito] [main] c.m.invoices.InvoiceMonitorApplication   : Started InvoiceMonitorApplication in 1.166 seconds (process running for 1.521)
2026-09-07T16:50:00.008-05:00  INFO 37496 --- [Invoice Monitor - Gastoncito] [scheduling-1] c.monitor.invoices.ResolutionMonitorJob  : ============================================================
2026-09-07T16:50:00.008-05:00  INFO 37496 --- [Invoice Monitor - Gastoncito] [scheduling-1] c.monitor.invoices.ResolutionMonitorJob  : Iniciando monitoreo de resoluciones por vencerse...
2026-09-07T16:50:00.013-05:00  WARN 37496 --- [Invoice Monitor - Gastoncito] [scheduling-1] com.zaxxer.hikari.HikariConfig           : HikariPool-1 - idleTimeout has been set but has no effect because the pool is operating as a fixed size pool.
2026-09-07T16:50:00.014-05:00  INFO 37496 --- [Invoice Monitor - Gastoncito] [scheduling-1] com.zaxxer.hikari.HikariDataSource       : HikariPool-1 - Starting...
2026-09-07T16:50:01.544-05:00  INFO 37496 --- [Invoice Monitor - Gastoncito] [scheduling-1] com.zaxxer.hikari.pool.HikariPool        : HikariPool-1 - Added connection org.postgresql.jdbc.PgConnection@6630c92a
2026-09-07T16:50:01.546-05:00  INFO 37496 --- [Invoice Monitor - Gastoncito] [scheduling-1] com.zaxxer.hikari.HikariDataSource       : HikariPool-1 - Start completed.
2026-09-07T16:50:01.857-05:00  WARN 37496 --- [Invoice Monitor - Gastoncito] [scheduling-1] c.monitor.invoices.ResolutionMonitorJob  : ??  Se encontraron 10 resoluciones que requieren alerta.
2026-09-07T16:50:03.821-05:00  INFO 37496 --- [Invoice Monitor - Gastoncito] [scheduling-1] com.monitor.invoices.EmailService        : ??  Correo de alerta enviado a alertaaccess@gmail.com con 10 resoluciones por vencerse.
2026-09-07T16:50:03.822-05:00  INFO 37496 --- [Invoice Monitor - Gastoncito] [scheduling-1] c.monitor.invoices.ResolutionMonitorJob  : Monitoreo finalizado.
2026-09-07T16:50:03.822-05:00  INFO 37496 --- [Invoice Monitor - Gastoncito] [scheduling-1] c.monitor.invoices.ResolutionMonitorJob  : ============================================================
2026-09-07T17:00:00.007-05:00  INFO 37496 --- [Invoice Monitor - Gastoncito] [scheduling-1] c.monitor.invoices.ResolutionMonitorJob  : ============================================================
2026-09-07T17:00:00.008-05:00  INFO 37496 --- [Invoice Monitor - Gastoncito] [scheduling-1] c.monitor.invoices.ResolutionMonitorJob  : Iniciando monitoreo de resoluciones por vencerse...
2026-09-07T17:00:00.414-05:00  INFO 37496 --- [Invoice Monitor - Gastoncito] [scheduling-1] c.monitor.invoices.ResolutionMonitorJob  : ? No hay alertas de resoluciones por enviar en este momento.
2026-09-07T17:00:00.414-05:00  INFO 37496 --- [Invoice Monitor - Gastoncito] [scheduling-1] c.monitor.invoices.ResolutionMonitorJob  : Monitoreo finalizado.
2026-09-07T17:00:00.414-05:00  INFO 37496 --- [Invoice Monitor - Gastoncito] [scheduling-1] c.monitor.invoices.ResolutionMonitorJob  : ============================================================
2026-09-07T17:00:00.415-05:00  INFO 37496 --- [Invoice Monitor - Gastoncito] [scheduling-1] com.monitor.invoices.InvoiceMonitorJob   : ============================================================
2026-09-07T17:00:00.415-05:00  INFO 37496 --- [Invoice Monitor - Gastoncito] [scheduling-1] com.monitor.invoices.InvoiceMonitorJob   : Iniciando monitoreo de facturas faltantes (Flujo en 2 pasos)...
2026-09-07T17:00:00.415-05:00  INFO 37496 --- [Invoice Monitor - Gastoncito] [scheduling-1] com.monitor.invoices.InvoiceMonitorJob   : Consultando faltantes desde: 2026-08-25 00:00:00
2026-09-07T17:00:00.415-05:00  INFO 37496 --- [Invoice Monitor - Gastoncito] [scheduling-1] com.monitor.invoices.InvoiceMonitorJob   : Paso 1: Insertando datos en invoice_control...
2026-09-07T17:00:04.665-05:00  INFO 37496 --- [Invoice Monitor - Gastoncito] [scheduling-1] com.monitor.invoices.InvoiceMonitorJob   : Paso 2: Consultando faltantes...
2026-09-07T17:00:13.138-05:00  WARN 37496 --- [Invoice Monitor - Gastoncito] [scheduling-1] com.monitor.invoices.InvoiceMonitorJob   : ??  Se encontraron 1000 facturas faltantes.
2026-09-07T17:00:13.139-05:00  WARN 37496 --- [Invoice Monitor - Gastoncito] [scheduling-1] com.monitor.invoices.InvoiceMonitorJob   :   ? Empresa: Aeropuerto carga | Factura: 113156-F42K.-828741
2026-09-07T17:00:13.139-05:00  WARN 37496 --- [Invoice Monitor - Gastoncito] [scheduling-1] com.monitor.invoices.InvoiceMonitorJob   :   ? Empresa: Cafam 51 | Factura: 132742-TPV1-108
2026-09-07T17:00:13.140-05:00  WARN 37496 --- [Invoice Monitor - Gastoncito] [scheduling-1] com.monitor.invoices.InvoiceMonitorJob   :   ? Empresa: Cafam 51 | Factura: 132742-TPV1-754
2026-09-07T17:00:13.140-05:00  WARN 37496 --- [Invoice Monitor - Gastoncito] [scheduling-1] com.monitor.invoices.InvoiceMonitorJob   :   ? Empresa: Cafam 51 | Factura: 132742-TPV1-2307
2026-09-07T17:00:13.140-05:00  WARN 37496 --- [Invoice Monitor - Gastoncito] [scheduling-1] com.monitor.invoices.InvoiceMonitorJob   :   ? Empresa: Cafam 51 | Factura: 132742-TPV1-7403
2026-09-07T17:00:13.140-05:00  WARN 37496 --- [Invoice Monitor - Gastoncito] [scheduling-1] com.monitor.invoices.InvoiceMonitorJob   :   ? Empresa: Cafam 51 | Factura: 132742-TPV1-8218
2026-09-07T17:00:13.141-05:00  WARN 37496 --- [Invoice Monitor - Gastoncito] [scheduling-1] com.monitor.invoices.InvoiceMonitorJob   :   ? Empresa: Cafam 51 | Factura: 132742-TPV1-31677
2026-09-07T17:00:13.141-05:00  WARN 37496 --- [Invoice Monitor - Gastoncito] [scheduling-1] com.monitor.invoices.InvoiceMonitorJob   :   ? Empresa: Cafam suba | Factura: 145075-TPV2-20869
2026-09-07T17:00:13.141-05:00  WARN 37496 --- [Invoice Monitor - Gastoncito] [scheduling-1] com.monitor.invoices.InvoiceMonitorJob   :   ? Empresa: Cafam suba | Factura: 145075-TPV2-20870
2026-09-07T17:00:13.141-05:00  WARN 37496 --- [Invoice Monitor - Gastoncito] [scheduling-1] com.monitor.invoices.InvoiceMonitorJob   :   ? Empresa: Cafam suba | Factura: 145075-TPV2-20871
2026-09-07T17:00:13.142-05:00  WARN 37496 --- [Invoice Monitor - Gastoncito] [scheduling-1] com.monitor.invoices.InvoiceMonitorJob   :   ? Empresa: Cafam suba | Factura: 145075-TPV2-20872
2026-09-07T17:00:13.142-05:00  WARN 37496 --- [Invoice Monitor - Gastoncito] [scheduling-1] com.monitor.invoices.InvoiceMonitorJob   :   ? Empresa: Cafam suba | Factura: 145075-TPV2-20873
2026-09-07T17:00:13.142-05:00  WARN 37496 --- [Invoice Monitor - Gastoncito] [scheduling-1] com.monitor.invoices.InvoiceMonitorJob   :   ? Empresa: Cafam suba | Factura: 145075-TPV2-20874
2026-09-07T17:00:13.142-05:00  WARN 37496 --- [Invoice Monitor - Gastoncito] [scheduling-1] com.monitor.invoices.InvoiceMonitorJob   :   ? Empresa: Cafam suba | Factura: 145075-TPV2-20875
2026-09-07T17:00:13.142-05:00  WARN 37496 --- [Invoice Monitor - Gastoncito] [scheduling-1] com.monitor.invoices.InvoiceMonitorJob   :   ? Empresa: Cafam suba | Factura: 145075-TPV2-20876
2026-09-07T17:00:13.143-05:00  WARN 37496 --- [Invoice Monitor - Gastoncito] [scheduling-1] com.monitor.invoices.InvoiceMonitorJob   :   ? Empresa: Cafam suba | Factura: 145075-TPV2-20877
2026-09-07T17:00:13.143-05:00  WARN 37496 --- [Invoice Monitor - Gastoncito] [scheduling-1] com.monitor.invoices.InvoiceMonitorJob   :   ? Empresa: Cafam suba | Factura: 145075-TPV2-20878
2026-09-07T17:00:13.143-05:00  WARN 37496 --- [Invoice Monitor - Gastoncito] [scheduling-1] com.monitor.invoices.InvoiceMonitorJob   :   ? Empresa: Cafam suba | Factura: 145075-TPV2-20879
2026-09-07T17:00:13.143-05:00  WARN 37496 --- [Invoice Monitor - Gastoncito] [scheduling-1] com.monitor.invoices.InvoiceMonitorJob   :   ? Empresa: Cafam suba | Factura: 145075-TPV2-20880
2026-09-07T17:00:13.143-05:00  WARN 37496 --- [Invoice Monitor - Gastoncito] [scheduling-1] com.monitor.invoices.InvoiceMonitorJob   :   ? Empresa: Cafam suba | Factura: 145075-TPV2-20881
2026-09-07T17:00:13.144-05:00  WARN 37496 --- [Invoice Monitor - Gastoncito] [scheduling-1] com.monitor.invoices.InvoiceMonitorJob   :   ? Empresa: Cafam suba | Factura: 145075-TPV2-20882
2026-09-07T17:00:13.144-05:00  WARN 37496 --- [Invoice Monitor - Gastoncito] [scheduling-1] com.monitor.invoices.InvoiceMonitorJob   :   ? Empresa: Cafam suba | Factura: 145075-TPV2-20883
2026-09-07T17:00:13.144-05:00  WARN 37496 --- [Invoice Monitor - Gastoncito] [scheduling-1] com.monitor.invoices.InvoiceMonitorJob   :   ? Empresa: Cafam suba | Factura: 145075-TPV2-20884
2026-09-07T17:00:13.144-05:00  WARN 37496 --- [Invoice Monitor - Gastoncito] [scheduling-1] com.monitor.invoices.InvoiceMonitorJob   :   ? Empresa: Cafam suba | Factura: 145075-TPV2-20885
2026-09-07T17:00:13.144-05:00  WARN 37496 --- [Invoice Monitor - Gastoncito] [scheduling-1] com.monitor.invoices.InvoiceMonitorJob   :   ? Empresa: Cafam suba | Factura: 145075-TPV2-20886
2026-09-07T17:00:13.145-05:00  WARN 37496 --- [Invoice Monitor - Gastoncito] [scheduling-1] com.monitor.invoices.InvoiceMonitorJob   :   ? Empresa: Cafam suba | Factura: 145075-TPV2-20887
2026-09-07T17:00:13.145-05:00  WARN 37496 --- [Invoice Monitor - Gastoncito] [scheduling-1] com.monitor.invoices.InvoiceMonitorJob   :   ? Empresa: Cafam suba | Factura: 145075-TPV2-20888
2026-09-07T17:00:13.145-05:00  WARN 37496 --- [Invoice Monitor - Gastoncito] [scheduling-1] com.monitor.invoices.InvoiceMonitorJob   :   ? Empresa: Cafam suba | Factura: 145075-TPV2-20889
2026-09-07T17:00:13.145-05:00  WARN 37496 --- [Invoice Monitor - Gastoncito] [scheduling-1] com.monitor.invoices.InvoiceMonitorJob   :   ? Empresa: Cafam suba | Factura: 145075-TPV2-20890
2026-09-07T17:00:13.146-05:00  WARN 37496 --- [Invoice Monitor - Gastoncito] [scheduling-1] com.monitor.invoices.InvoiceMonitorJob   :   ? Empresa: Cafam suba | Factura: 145075-TPV2-20891
2026-09-07T17:00:13.146-05:00  WARN 37496 --- [Invoice Monitor - Gastoncito] [scheduling-1] com.monitor.invoices.InvoiceMonitorJob   :   ? Empresa: Cafam suba | Factura: 145075-TPV2-20892
2026-09-07T17:00:13.146-05:00  WARN 37496 --- [Invoice Monitor - Gastoncito] [scheduling-1] com.monitor.invoices.InvoiceMonitorJob   :   ? Empresa: Cafam suba | Factura: 145075-TPV2-20893
2026-09-07T17:00:13.146-05:00  WARN 37496 --- [Invoice Monitor - Gastoncito] [scheduling-1] com.monitor.invoices.InvoiceMonitorJob   :   ? Empresa: Cafam suba | Factura: 145075-TPV2-20894
2026-09-07T17:00:13.146-05:00  WARN 37496 --- [Invoice Monitor - Gastoncito] [scheduling-1] com.monitor.invoices.InvoiceMonitorJob   :   ? Empresa: Cafam suba | Factura: 145075-TPV2-20895
2026-09-07T17:00:13.146-05:00  WARN 37496 --- [Invoice Monitor - Gastoncito] [scheduling-1] com.monitor.invoices.InvoiceMonitorJob   :   ? Empresa: Cafam suba | Factura: 145075-TPV2-20896
2026-09-07T17:00:13.147-05:00  WARN 37496 --- [Invoice Monitor - Gastoncito] [scheduling-1] com.monitor.invoices.InvoiceMonitorJob   :   ? Empresa: Cafam suba | Factura: 145075-TPV2-20897
2026-09-07T17:00:13.147-05:00  WARN 37496 --- [Invoice Monitor - Gastoncito] [scheduling-1] com.monitor.invoices.InvoiceMonitorJob   :   ? Empresa: Cafam suba | Factura: 145075-TPV2-20898
2026-09-07T17:00:13.147-05:00  WARN 37496 --- [Invoice Monitor - Gastoncito] [scheduling-1] com.monitor.invoices.InvoiceMonitorJob   :   ? Empresa: Cafam suba | Factura: 145075-TPV2-20899
2026-09-07T17:00:13.147-05:00  WARN 37496 --- [Invoice Monitor - Gastoncito] [scheduling-1] com.monitor.invoices.InvoiceMonitorJob   :   ? Empresa: Cafam suba | Factura: 145075-TPV2-20900
2026-09-07T17:00:13.147-05:00  WARN 37496 --- [Invoice Monitor - Gastoncito] [scheduling-1] com.monitor.invoices.InvoiceMonitorJob   :   ? Empresa: Cafam suba | Factura: 145075-TPV2-20901
2026-09-07T17:00:13.147-05:00  WARN 37496 --- [Invoice Monitor - Gastoncito] [scheduling-1] com.monitor.invoices.InvoiceMonitorJob   :   ? Empresa: Cafam suba | Factura: 145075-TPV2-20902
2026-09-07T17:00:13.147-05:00  WARN 37496 --- [Invoice Monitor - Gastoncito] [scheduling-1] com.monitor.invoices.InvoiceMonitorJob   :   ? Empresa: Cafam suba | Factura: 145075-TPV2-20903
2026-09-07T17:00:13.148-05:00  WARN 37496 --- [Invoice Monitor - Gastoncito] [scheduling-1] com.monitor.invoices.InvoiceMonitorJob   :   ? Empresa: Cafam suba | Factura: 145075-TPV2-20904
2026-09-07T17:00:13.148-05:00  WARN 37496 --- [Invoice Monitor - Gastoncito] [scheduling-1] com.monitor.invoices.InvoiceMonitorJob   :   ? Empresa: Cafam suba | Factura: 145075-TPV2-20905
2026-09-07T17:00:13.148-05:00  WARN 37496 --- [Invoice Monitor - Gastoncito] [scheduling-1] com.monitor.invoices.InvoiceMonitorJob   :   ? Empresa: Cafam suba | Factura: 145075-TPV2-20906
2026-09-07T17:00:13.148-05:00  WARN 37496 --- [Invoice Monitor - Gastoncito] [scheduling-1] com.monitor.invoices.InvoiceMonitorJob   :   ? Empresa: Cafam suba | Factura: 145075-TPV2-20907
2026-09-07T17:00:13.148-05:00  WARN 37496 --- [Invoice Monitor - Gastoncito] [scheduling-1] com.monitor.invoices.InvoiceMonitorJob   :   ? Empresa: Cafam suba | Factura: 145075-TPV2-20908
2026-09-07T17:00:13.148-05:00  WARN 37496 --- [Invoice Monitor - Gastoncito] [scheduling-1] com.monitor.invoices.InvoiceMonitorJob   :   ? Empresa: Cafam suba | Factura: 145075-TPV2-20909
2026-09-07T17:00:13.148-05:00  WARN 37496 --- [Invoice Monitor - Gastoncito] [scheduling-1] com.monitor.invoices.InvoiceMonitorJob   :   ? Empresa: Cafam suba | Factura: 145075-TPV2-20910
2026-09-07T17:00:13.148-05:00  WARN 37496 --- [Invoice Monitor - Gastoncito] [scheduling-1] com.monitor.invoices.InvoiceMonitorJob   :   ? Empresa: Cafam suba | Factura: 145075-TPV2-20911
2026-09-07T17:00:13.149-05:00  WARN 37496 --- [Invoice Monitor - Gastoncito] [scheduling-1] com.monitor.invoices.InvoiceMonitorJob   :   ? Empresa: Cafam suba | Factura: 145075-TPV2-20912
2026-09-07T17:00:13.149-05:00  WARN 37496 --- [Invoice Monitor - Gastoncito] [scheduling-1] com.monitor.invoices.InvoiceMonitorJob   :   ? Empresa: Cafam suba | Factura: 145075-TPV2-20913
2026-09-07T17:00:13.149-05:00  WARN 37496 --- [Invoice Monitor - Gastoncito] [scheduling-1] com.monitor.invoices.InvoiceMonitorJob   :   ? Empresa: Cafam suba | Factura: 145075-TPV2-20914
2026-09-07T17:00:13.149-05:00  WARN 37496 --- [Invoice Monitor - Gastoncito] [scheduling-1] com.monitor.invoices.InvoiceMonitorJob   :   ? Empresa: Cafam suba | Factura: 145075-TPV2-20915
2026-09-07T17:00:13.149-05:00  WARN 37496 --- [Invoice Monitor - Gastoncito] [scheduling-1] com.monitor.invoices.InvoiceMonitorJob   :   ? Empresa: Cafam suba | Factura: 145075-TPV2-20916
2026-09-07T17:00:13.149-05:00  WARN 37496 --- [Invoice Monitor - Gastoncito] [scheduling-1] com.monitor.invoices.InvoiceMonitorJob   :   ? Empresa: Cafam suba | Factura: 145075-TPV2-20917
2026-09-07T17:00:13.149-05:00  WARN 37496 --- [Invoice Monitor - Gastoncito] [scheduling-1] com.monitor.invoices.InvoiceMonitorJob   :   ? Empresa: Cafam suba | Factura: 145075-TPV2-20918
2026-09-07T17:00:13.150-05:00  WARN 37496 --- [Invoice Monitor - Gastoncito] [scheduling-1] com.monitor.invoices.InvoiceMonitorJob   :   ? Empresa: Cafam suba | Factura: 145075-TPV2-20919
2026-09-07T17:00:13.150-05:00  WARN 37496 --- [Invoice Monitor - Gastoncito] [scheduling-1] com.monitor.invoices.InvoiceMonitorJob   :   ? Empresa: Cafam suba | Factura: 145075-TPV2-20920
2026-09-07T17:00:13.150-05:00  WARN 37496 --- [Invoice Monitor - Gastoncito] [scheduling-1] com.monitor.invoices.InvoiceMonitorJob   :   ? Empresa: Cafam suba | Factura: 145075-TPV2-20921
2026-09-07T17:00:13.150-05:00  WARN 37496 --- [Invoice Monitor - Gastoncito] [scheduling-1] com.monitor.invoices.InvoiceMonitorJob   :   ? Empresa: Cafam suba | Factura: 145075-TPV2-20922
2026-09-07T17:00:13.150-05:00  WARN 37496 --- [Invoice Monitor - Gastoncito] [scheduling-1] com.monitor.invoices.InvoiceMonitorJob   :   ? Empresa: Cafam suba | Factura: 145075-TPV2-20923
2026-09-07T17:00:13.151-05:00  WARN 37496 --- [Invoice Monitor - Gastoncito] [scheduling-1] com.monitor.invoices.InvoiceMonitorJob   :   ? Empresa: Cafam suba | Factura: 145075-TPV2-20924
2026-09-07T17:00:13.151-05:00  WARN 37496 --- [Invoice Monitor - Gastoncito] [scheduling-1] com.monitor.invoices.InvoiceMonitorJob   :   ? Empresa: Cafam suba | Factura: 145075-TPV2-20925
2026-09-07T17:00:13.151-05:00  WARN 37496 --- [Invoice Monitor - Gastoncito] [scheduling-1] com.monitor.invoices.InvoiceMonitorJob   :   ? Empresa: Cafam suba | Factura: 145075-TPV2-20926
2026-09-07T17:00:13.151-05:00  WARN 37496 --- [Invoice Monitor - Gastoncito] [scheduling-1] com.monitor.invoices.InvoiceMonitorJob   :   ? Empresa: Cafam suba | Factura: 145075-TPV2-20927
2026-09-07T17:00:13.152-05:00  WARN 37496 --- [Invoice Monitor - Gastoncito] [scheduling-1] com.monitor.invoices.InvoiceMonitorJob   :   ? Empresa: Cafam suba | Factura: 145075-TPV2-20928
2026-09-07T17:00:13.152-05:00  WARN 37496 --- [Invoice Monitor - Gastoncito] [scheduling-1] com.monitor.invoices.InvoiceMonitorJob   :   ? Empresa: Cafam suba | Factura: 145075-TPV2-20929
2026-09-07T17:00:13.152-05:00  WARN 37496 --- [Invoice Monitor - Gastoncito] [scheduling-1] com.monitor.invoices.InvoiceMonitorJob   :   ? Empresa: Cafam suba | Factura: 145075-TPV2-20930
2026-09-07T17:00:13.152-05:00  WARN 37496 --- [Invoice Monitor - Gastoncito] [scheduling-1] com.monitor.invoices.InvoiceMonitorJob   :   ? Empresa: Cafam suba | Factura: 145075-TPV2-20931
2026-09-07T17:00:13.152-05:00  WARN 37496 --- [Invoice Monitor - Gastoncito] [scheduling-1] com.monitor.invoices.InvoiceMonitorJob   :   ? Empresa: Cafam suba | Factura: 145075-TPV2-20932
2026-09-07T17:00:13.152-05:00  WARN 37496 --- [Invoice Monitor - Gastoncito] [scheduling-1] com.monitor.invoices.InvoiceMonitorJob   :   ? Empresa: Cafam suba | Factura: 145075-TPV2-20933
2026-09-07T17:00:13.152-05:00  WARN 37496 --- [Invoice Monitor - Gastoncito] [scheduling-1] com.monitor.invoices.InvoiceMonitorJob   :   ? Empresa: Cafam suba | Factura: 145075-TPV2-20934
2026-09-07T17:00:13.152-05:00  WARN 37496 --- [Invoice Monitor - Gastoncito] [scheduling-1] com.monitor.invoices.InvoiceMonitorJob   :   ? Empresa: Cafam suba | Factura: 145075-TPV2-20935
2026-09-07T17:00:13.153-05:00  WARN 37496 --- [Invoice Monitor - Gastoncito] [scheduling-1] com.monitor.invoices.InvoiceMonitorJob   :   ? Empresa: Cafam suba | Factura: 145075-TPV2-20936
2026-09-07T17:00:13.153-05:00  WARN 37496 --- [Invoice Monitor - Gastoncito] [scheduling-1] com.monitor.invoices.InvoiceMonitorJob   :   ? Empresa: Cafam suba | Factura: 145075-TPV2-20937
2026-09-07T17:00:13.153-05:00  WARN 37496 --- [Invoice Monitor - Gastoncito] [scheduling-1] com.monitor.invoices.InvoiceMonitorJob   :   ? Empresa: Cafam suba | Factura: 145075-TPV2-20938
2026-09-07T17:00:13.153-05:00  WARN 37496 --- [Invoice Monitor - Gastoncito] [scheduling-1] com.monitor.invoices.InvoiceMonitorJob   :   ? Empresa: Cafam suba | Factura: 145075-TPV2-20939
2026-09-07T17:00:13.153-05:00  WARN 37496 --- [Invoice Monitor - Gastoncito] [scheduling-1] com.monitor.invoices.InvoiceMonitorJob   :   ? Empresa: Cafam suba | Factura: 145075-TPV2-20940
2026-09-07T17:00:13.153-05:00  WARN 37496 --- [Invoice Monitor - Gastoncito] [scheduling-1] com.monitor.invoices.InvoiceMonitorJob   :   ? Empresa: Cafam suba | Factura: 145075-TPV2-20941
2026-09-07T17:00:13.153-05:00  WARN 37496 --- [Invoice Monitor - Gastoncito] [scheduling-1] com.monitor.invoices.InvoiceMonitorJob   :   ? Empresa: Cafam suba | Factura: 145075-TPV2-20942
2026-09-07T17:00:13.153-05:00  WARN 37496 --- [Invoice Monitor - Gastoncito] [scheduling-1] com.monitor.invoices.InvoiceMonitorJob   :   ? Empresa: Cafam suba | Factura: 145075-TPV2-20943
2026-09-07T17:00:13.154-05:00  WARN 37496 --- [Invoice Monitor - Gastoncito] [scheduling-1] com.monitor.invoices.InvoiceMonitorJob   :   ? Empresa: Cafam suba | Factura: 145075-TPV2-20944
2026-09-07T17:00:13.154-05:00  WARN 37496 --- [Invoice Monitor - Gastoncito] [scheduling-1] com.monitor.invoices.InvoiceMonitorJob   :   ? Empresa: Cafam suba | Factura: 145075-TPV2-20945
2026-09-07T17:00:13.154-05:00  WARN 37496 --- [Invoice Monitor - Gastoncito] [scheduling-1] com.monitor.invoices.InvoiceMonitorJob   :   ? Empresa: Cafam suba | Factura: 145075-TPV2-20946
2026-09-07T17:00:13.154-05:00  WARN 37496 --- [Invoice Monitor - Gastoncito] [scheduling-1] com.monitor.invoices.InvoiceMonitorJob   :   ? Empresa: Cafam suba | Factura: 145075-TPV2-20947
2026-09-07T17:00:13.154-05:00  WARN 37496 --- [Invoice Monitor - Gastoncito] [scheduling-1] com.monitor.invoices.InvoiceMonitorJob   :   ? Empresa: Cafam suba | Factura: 145075-TPV2-20948
2026-09-07T17:00:13.154-05:00  WARN 37496 --- [Invoice Monitor - Gastoncito] [scheduling-1] com.monitor.invoices.InvoiceMonitorJob   :   ? Empresa: Cafam suba | Factura: 145075-TPV2-20949
2026-09-07T17:00:13.154-05:00  WARN 37496 --- [Invoice Monitor - Gastoncito] [scheduling-1] com.monitor.invoices.InvoiceMonitorJob   :   ? Empresa: Cafam suba | Factura: 145075-TPV2-20950
2026-09-07T17:00:13.154-05:00  WARN 37496 --- [Invoice Monitor - Gastoncito] [scheduling-1] com.monitor.invoices.InvoiceMonitorJob   :   ? Empresa: Cafam suba | Factura: 145075-TPV2-20951
2026-09-07T17:00:13.155-05:00  WARN 37496 --- [Invoice Monitor - Gastoncito] [scheduling-1] com.monitor.invoices.InvoiceMonitorJob   :   ? Empresa: Cafam suba | Factura: 145075-TPV2-20952
2026-09-07T17:00:13.155-05:00  WARN 37496 --- [Invoice Monitor - Gastoncito] [scheduling-1] com.monitor.invoices.InvoiceMonitorJob   :   ? Empresa: Cafam suba | Factura: 145075-TPV2-20953
2026-09-07T17:00:13.155-05:00  WARN 37496 --- [Invoice Monitor - Gastoncito] [scheduling-1] com.monitor.invoices.InvoiceMonitorJob   :   ? Empresa: Cafam suba | Factura: 145075-TPV2-20954
2026-09-07T17:00:13.155-05:00  WARN 37496 --- [Invoice Monitor - Gastoncito] [scheduling-1] com.monitor.invoices.InvoiceMonitorJob   :   ? Empresa: Cafam suba | Factura: 145075-TPV2-20955
2026-09-07T17:00:13.155-05:00  WARN 37496 --- [Invoice Monitor - Gastoncito] [scheduling-1] com.monitor.invoices.InvoiceMonitorJob   :   ? Empresa: Cafam suba | Factura: 145075-TPV2-20956
2026-09-07T17:00:13.155-05:00  WARN 37496 --- [Invoice Monitor - Gastoncito] [scheduling-1] com.monitor.invoices.InvoiceMonitorJob   :   ? Empresa: Cafam suba | Factura: 145075-TPV2-20957
2026-09-07T17:00:13.155-05:00  WARN 37496 --- [Invoice Monitor - Gastoncito] [scheduling-1] com.monitor.invoices.InvoiceMonitorJob   :   ? Empresa: Cafam suba | Factura: 145075-TPV2-20958
2026-09-07T17:00:13.155-05:00  WARN 37496 --- [Invoice Monitor - Gastoncito] [scheduling-1] com.monitor.invoices.InvoiceMonitorJob   :   ? Empresa: Cafam suba | Factura: 145075-TPV2-20959
2026-09-07T17:00:13.155-05:00  WARN 37496 --- [Invoice Monitor - Gastoncito] [scheduling-1] com.monitor.invoices.InvoiceMonitorJob   :   ? Empresa: Cafam suba | Factura: 145075-TPV2-20960
2026-09-07T17:00:13.155-05:00  WARN 37496 --- [Invoice Monitor - Gastoncito] [scheduling-1] com.monitor.invoices.InvoiceMonitorJob   :   ? Empresa: Cafam suba | Factura: 145075-TPV2-20961
2026-09-07T17:00:13.156-05:00  WARN 37496 --- [Invoice Monitor - Gastoncito] [scheduling-1] com.monitor.invoices.InvoiceMonitorJob   :   ? Empresa: Cafam suba | Factura: 145075-TPV2-20962
2026-09-07T17:00:13.156-05:00  WARN 37496 --- [Invoice Monitor - Gastoncito] [scheduling-1] com.monitor.invoices.InvoiceMonitorJob   :   ? Empresa: Cafam suba | Factura: 145075-TPV2-20963
2026-09-07T17:00:13.156-05:00  WARN 37496 --- [Invoice Monitor - Gastoncito] [scheduling-1] com.monitor.invoices.InvoiceMonitorJob   :   ? Empresa: Cafam suba | Factura: 145075-TPV2-20964
2026-09-07T17:00:13.156-05:00  WARN 37496 --- [Invoice Monitor - Gastoncito] [scheduling-1] com.monitor.invoices.InvoiceMonitorJob   :   ? Empresa: Cafam suba | Factura: 145075-TPV2-20965
2026-09-07T17:00:13.156-05:00  WARN 37496 --- [Invoice Monitor - Gastoncito] [scheduling-1] com.monitor.invoices.InvoiceMonitorJob   :   ? Empresa: Cafam suba | Factura: 145075-TPV2-20966
2026-09-07T17:00:13.156-05:00  WARN 37496 --- [Invoice Monitor - Gastoncito] [scheduling-1] com.monitor.invoices.InvoiceMonitorJob   :   ? Empresa: Cafam suba | Factura: 145075-TPV2-20967
2026-09-07T17:00:13.156-05:00  WARN 37496 --- [Invoice Monitor - Gastoncito] [scheduling-1] com.monitor.invoices.InvoiceMonitorJob   :   ? Empresa: Cafam suba | Factura: 145075-TPV2-20968
2026-09-07T17:00:13.156-05:00  WARN 37496 --- [Invoice Monitor - Gastoncito] [scheduling-1] com.monitor.invoices.InvoiceMonitorJob   :   ? Empresa: Cafam suba | Factura: 145075-TPV2-20969
2026-09-07T17:00:13.156-05:00  WARN 37496 --- [Invoice Monitor - Gastoncito] [scheduling-1] com.monitor.invoices.InvoiceMonitorJob   :   ? Empresa: Cafam suba | Factura: 145075-TPV2-20970
2026-09-07T17:00:13.157-05:00  WARN 37496 --- [Invoice Monitor - Gastoncito] [scheduling-1] com.monitor.invoices.InvoiceMonitorJob   :   ? Empresa: Cafam suba | Factura: 145075-TPV2-20971
2026-09-07T17:00:13.157-05:00  WARN 37496 --- [Invoice Monitor - Gastoncito] [scheduling-1] com.monitor.invoices.InvoiceMonitorJob   :   ? Empresa: Cafam suba | Factura: 145075-TPV2-20972
2026-09-07T17:00:13.157-05:00  WARN 37496 --- [Invoice Monitor - Gastoncito] [scheduling-1] com.monitor.invoices.InvoiceMonitorJob   :   ? Empresa: Cafam suba | Factura: 145075-TPV2-20973
2026-09-07T17:00:13.157-05:00  WARN 37496 --- [Invoice Monitor - Gastoncito] [scheduling-1] com.monitor.invoices.InvoiceMonitorJob   :   ? Empresa: Cafam suba | Factura: 145075-TPV2-20974
2026-09-07T17:00:13.158-05:00  WARN 37496 --- [Invoice Monitor - Gastoncito] [scheduling-1] com.monitor.invoices.InvoiceMonitorJob   :   ? Empresa: Cafam suba | Factura: 145075-TPV2-20975
2026-09-07T17:00:13.158-05:00  WARN 37496 --- [Invoice Monitor - Gastoncito] [scheduling-1] com.monitor.invoices.InvoiceMonitorJob   :   ? Empresa: Cafam suba | Factura: 145075-TPV2-20976
2026-09-07T17:00:13.159-05:00  WARN 37496 --- [Invoice Monitor - Gastoncito] [scheduling-1] com.monitor.invoices.InvoiceMonitorJob   :   ? Empresa: Cafam suba | Factura: 145075-TPV2-20977
2026-09-07T17:00:13.159-05:00  WARN 37496 --- [Invoice Monitor - Gastoncito] [scheduling-1] com.monitor.invoices.InvoiceMonitorJob   :   ? Empresa: Cafam suba | Factura: 145075-TPV2-20978
2026-09-07T17:00:13.159-05:00  WARN 37496 --- [Invoice Monitor - Gastoncito] [scheduling-1] com.monitor.invoices.InvoiceMonitorJob   :   ? Empresa: Cafam suba | Factura: 145075-TPV2-20979
2026-09-07T17:00:13.159-05:00  WARN 37496 --- [Invoice Monitor - Gastoncito] [scheduling-1] com.monitor.invoices.InvoiceMonitorJob   :   ? Empresa: Cafam suba | Factura: 145075-TPV2-20980
2026-09-07T17:00:13.160-05:00  WARN 37496 --- [Invoice Monitor - Gastoncito] [scheduling-1] com.monitor.invoices.InvoiceMonitorJob   :   ? Empresa: Cafam suba | Factura: 145075-TPV2-20981
2026-09-07T17:00:13.160-05:00  WARN 37496 --- [Invoice Monitor - Gastoncito] [scheduling-1] com.monitor.invoices.InvoiceMonitorJob   :   ? Empresa: Cafam suba | Factura: 145075-TPV2-20982
2026-09-07T17:00:13.160-05:00  WARN 37496 --- [Invoice Monitor - Gastoncito] [scheduling-1] com.monitor.invoices.InvoiceMonitorJob   :   ? Empresa: Cafam suba | Factura: 145075-TPV2-20983
2026-09-07T17:00:13.160-05:00  WARN 37496 --- [Invoice Monitor - Gastoncito] [scheduling-1] com.monitor.invoices.InvoiceMonitorJob   :   ? Empresa: Cafam suba | Factura: 145075-TPV2-20984
2026-09-07T17:00:13.160-05:00  WARN 37496 --- [Invoice Monitor - Gastoncito] [scheduling-1] com.monitor.invoices.InvoiceMonitorJob   :   ? Empresa: Cafam suba | Factura: 145075-TPV2-20985
2026-09-07T17:00:13.160-05:00  WARN 37496 --- [Invoice Monitor - Gastoncito] [scheduling-1] com.monitor.invoices.InvoiceMonitorJob   :   ? Empresa: Cafam suba | Factura: 145075-TPV2-20986
2026-09-07T17:00:13.161-05:00  WARN 37496 --- [Invoice Monitor - Gastoncito] [scheduling-1] com.monitor.invoices.InvoiceMonitorJob   :   ? Empresa: Cafam suba | Factura: 145075-TPV2-20987
2026-09-07T17:00:13.161-05:00  WARN 37496 --- [Invoice Monitor - Gastoncito] [scheduling-1] com.monitor.invoices.InvoiceMonitorJob   :   ? Empresa: Cafam suba | Factura: 145075-TPV2-20988
2026-09-07T17:00:13.161-05:00  WARN 37496 --- [Invoice Monitor - Gastoncito] [scheduling-1] com.monitor.invoices.InvoiceMonitorJob   :   ? Empresa: Cafam suba | Factura: 145075-TPV2-20989
2026-09-07T17:00:13.161-05:00  WARN 37496 --- [Invoice Monitor - Gastoncito] [scheduling-1] com.monitor.invoices.InvoiceMonitorJob   :   ? Empresa: Cafam suba | Factura: 145075-TPV2-20990
2026-09-07T17:00:13.161-05:00  WARN 37496 --- [Invoice Monitor - Gastoncito] [scheduling-1] com.monitor.invoices.InvoiceMonitorJob   :   ? Empresa: Cafam suba | Factura: 145075-TPV2-20991
2026-09-07T17:00:13.162-05:00  WARN 37496 --- [Invoice Monitor - Gastoncito] [scheduling-1] com.monitor.invoices.InvoiceMonitorJob   :   ? Empresa: Cafam suba | Factura: 145075-TPV2-20992
2026-09-07T17:00:13.162-05:00  WARN 37496 --- [Invoice Monitor - Gastoncito] [scheduling-1] com.monitor.invoices.InvoiceMonitorJob   :   ? Empresa: Cafam suba | Factura: 145075-TPV2-20993
2026-09-07T17:00:13.162-05:00  WARN 37496 --- [Invoice Monitor - Gastoncito] [scheduling-1] com.monitor.invoices.InvoiceMonitorJob   :   ? Empresa: Cafam suba | Factura: 145075-TPV2-20994
2026-09-07T17:00:13.162-05:00  WARN 37496 --- [Invoice Monitor - Gastoncito] [scheduling-1] com.monitor.invoices.InvoiceMonitorJob   :   ? Empresa: Cafam suba | Factura: 145075-TPV2-20995
2026-09-07T17:00:13.162-05:00  WARN 37496 --- [Invoice Monitor - Gastoncito] [scheduling-1] com.monitor.invoices.InvoiceMonitorJob   :   ? Empresa: Cafam suba | Factura: 145075-TPV2-20996
2026-09-07T17:00:13.162-05:00  WARN 37496 --- [Invoice Monitor - Gastoncito] [scheduling-1] com.monitor.invoices.InvoiceMonitorJob   :   ? Empresa: Cafam suba | Factura: 145075-TPV2-20997
2026-09-07T17:00:13.162-05:00  WARN 37496 --- [Invoice Monitor - Gastoncito] [scheduling-1] com.monitor.invoices.InvoiceMonitorJob   :   ? Empresa: Cafam suba | Factura: 145075-TPV2-20998
2026-09-07T17:00:13.163-05:00  WARN 37496 --- [Invoice Monitor - Gastoncito] [scheduling-1] com.monitor.invoices.InvoiceMonitorJob   :   ? Empresa: Cafam suba | Factura: 145075-TPV2-20999
2026-09-07T17:00:13.163-05:00  WARN 37496 --- [Invoice Monitor - Gastoncito] [scheduling-1] com.monitor.invoices.InvoiceMonitorJob   :   ? Empresa: Cafam suba | Factura: 145075-TPV2-21000
2026-09-07T17:00:13.163-05:00  WARN 37496 --- [Invoice Monitor - Gastoncito] [scheduling-1] com.monitor.invoices.InvoiceMonitorJob   :   ? Empresa: Cafam suba | Factura: 145075-TPV2-21001
2026-09-07T17:00:13.163-05:00  WARN 37496 --- [Invoice Monitor - Gastoncito] [scheduling-1] com.monitor.invoices.InvoiceMonitorJob   :   ? Empresa: Cafam suba | Factura: 145075-TPV2-21002
2026-09-07T17:00:13.163-05:00  WARN 37496 --- [Invoice Monitor - Gastoncito] [scheduling-1] com.monitor.invoices.InvoiceMonitorJob   :   ? Empresa: Cafam suba | Factura: 145075-TPV2-21003
2026-09-07T17:00:13.163-05:00  WARN 37496 --- [Invoice Monitor - Gastoncito] [scheduling-1] com.monitor.invoices.InvoiceMonitorJob   :   ? Empresa: Cafam suba | Factura: 145075-TPV2-21004
2026-09-07T17:00:13.163-05:00  WARN 37496 --- [Invoice Monitor - Gastoncito] [scheduling-1] com.monitor.invoices.InvoiceMonitorJob   :   ? Empresa: Cafam suba | Factura: 145075-TPV2-21005
2026-09-07T17:00:13.164-05:00  WARN 37496 --- [Invoice Monitor - Gastoncito] [scheduling-1] com.monitor.invoices.InvoiceMonitorJob   :   ? Empresa: Cafam suba | Factura: 145075-TPV2-21006
2026-09-07T17:00:13.164-05:00  WARN 37496 --- [Invoice Monitor - Gastoncito] [scheduling-1] com.monitor.invoices.InvoiceMonitorJob   :   ? Empresa: Cafam suba | Factura: 145075-TPV2-21007
2026-09-07T17:00:13.164-05:00  WARN 37496 --- [Invoice Monitor - Gastoncito] [scheduling-1] com.monitor.invoices.InvoiceMonitorJob   :   ? Empresa: Cafam suba | Factura: 145075-TPV2-21008
2026-09-07T17:00:13.164-05:00  WARN 37496 --- [Invoice Monitor - Gastoncito] [scheduling-1] com.monitor.invoices.InvoiceMonitorJob   :   ? Empresa: Cafam suba | Factura: 145075-TPV2-21009
2026-09-07T17:00:13.164-05:00  WARN 37496 --- [Invoice Monitor - Gastoncito] [scheduling-1] com.monitor.invoices.InvoiceMonitorJob   :   ? Empresa: Cafam suba | Factura: 145075-TPV2-21010
2026-09-07T17:00:13.164-05:00  WARN 37496 --- [Invoice Monitor - Gastoncito] [scheduling-1] com.monitor.invoices.InvoiceMonitorJob   :   ? Empresa: Cafam suba | Factura: 145075-TPV2-21011
2026-09-07T17:00:13.164-05:00  WARN 37496 --- [Invoice Monitor - Gastoncito] [scheduling-1] com.monitor.invoices.InvoiceMonitorJob   :   ? Empresa: Cafam suba | Factura: 145075-TPV2-21012
2026-09-07T17:00:13.164-05:00  WARN 37496 --- [Invoice Monitor - Gastoncito] [scheduling-1] com.monitor.invoices.InvoiceMonitorJob   :   ? Empresa: Cafam suba | Factura: 145075-TPV2-21013
2026-09-07T17:00:13.165-05:00  WARN 37496 --- [Invoice Monitor - Gastoncito] [scheduling-1] com.monitor.invoices.InvoiceMonitorJob   :   ? Empresa: Cafam suba | Factura: 145075-TPV2-21014
2026-09-07T17:00:13.165-05:00  WARN 37496 --- [Invoice Monitor - Gastoncito] [scheduling-1] com.monitor.invoices.InvoiceMonitorJob   :   ? Empresa: Cafam suba | Factura: 145075-TPV2-21015
2026-09-07T17:00:13.165-05:00  WARN 37496 --- [Invoice Monitor - Gastoncito] [scheduling-1] com.monitor.invoices.InvoiceMonitorJob   :   ? Empresa: Cafam suba | Factura: 145075-TPV2-21016
2026-09-07T17:00:13.165-05:00  WARN 37496 --- [Invoice Monitor - Gastoncito] [scheduling-1] com.monitor.invoices.InvoiceMonitorJob   :   ? Empresa: Cafam suba | Factura: 145075-TPV2-21017
2026-09-07T17:00:13.165-05:00  WARN 37496 --- [Invoice Monitor - Gastoncito] [scheduling-1] com.monitor.invoices.InvoiceMonitorJob   :   ? Empresa: Cafam suba | Factura: 145075-TPV2-21018
2026-09-07T17:00:13.165-05:00  WARN 37496 --- [Invoice Monitor - Gastoncito] [scheduling-1] com.monitor.invoices.InvoiceMonitorJob   :   ? Empresa: Cafam suba | Factura: 145075-TPV2-21019
2026-09-07T17:00:13.165-05:00  WARN 37496 --- [Invoice Monitor - Gastoncito] [scheduling-1] com.monitor.invoices.InvoiceMonitorJob   :   ? Empresa: Cafam suba | Factura: 145075-TPV2-21020
2026-09-07T17:00:13.165-05:00  WARN 37496 --- [Invoice Monitor - Gastoncito] [scheduling-1] com.monitor.invoices.InvoiceMonitorJob   :   ? Empresa: Cafam suba | Factura: 145075-TPV2-21021
2026-09-07T17:00:13.165-05:00  WARN 37496 --- [Invoice Monitor - Gastoncito] [scheduling-1] com.monitor.invoices.InvoiceMonitorJob   :   ? Empresa: Cafam suba | Factura: 145075-TPV2-21022
2026-09-07T17:00:13.165-05:00  WARN 37496 --- [Invoice Monitor - Gastoncito] [scheduling-1] com.monitor.invoices.InvoiceMonitorJob   :   ? Empresa: Cafam suba | Factura: 145075-TPV2-21023
2026-09-07T17:00:13.165-05:00  WARN 37496 --- [Invoice Monitor - Gastoncito] [scheduling-1] com.monitor.invoices.InvoiceMonitorJob   :   ? Empresa: Cafam suba | Factura: 145075-TPV2-21024
2026-09-07T17:00:13.166-05:00  WARN 37496 --- [Invoice Monitor - Gastoncito] [scheduling-1] com.monitor.invoices.InvoiceMonitorJob   :   ? Empresa: Cafam suba | Factura: 145075-TPV2-21025
2026-09-07T17:00:13.166-05:00  WARN 37496 --- [Invoice Monitor - Gastoncito] [scheduling-1] com.monitor.invoices.InvoiceMonitorJob   :   ? Empresa: Cafam suba | Factura: 145075-TPV2-21026
2026-09-07T17:00:13.166-05:00  WARN 37496 --- [Invoice Monitor - Gastoncito] [scheduling-1] com.monitor.invoices.InvoiceMonitorJob   :   ? Empresa: Cafam suba | Factura: 145075-TPV2-21027
2026-09-07T17:00:13.166-05:00  WARN 37496 --- [Invoice Monitor - Gastoncito] [scheduling-1] com.monitor.invoices.InvoiceMonitorJob   :   ? Empresa: Cafam suba | Factura: 145075-TPV2-21028
2026-09-07T17:00:13.166-05:00  WARN 37496 --- [Invoice Monitor - Gastoncito] [scheduling-1] com.monitor.invoices.InvoiceMonitorJob   :   ? Empresa: Cafam suba | Factura: 145075-TPV2-21029
2026-09-07T17:00:13.166-05:00  WARN 37496 --- [Invoice Monitor - Gastoncito] [scheduling-1] com.monitor.invoices.InvoiceMonitorJob   :   ? Empresa: Cafam suba | Factura: 145075-TPV2-21030
2026-09-07T17:00:13.166-05:00  WARN 37496 --- [Invoice Monitor - Gastoncito] [scheduling-1] com.monitor.invoices.InvoiceMonitorJob   :   ? Empresa: Cafam suba | Factura: 145075-TPV2-21031
2026-09-07T17:00:13.166-05:00  WARN 37496 --- [Invoice Monitor - Gastoncito] [scheduling-1] com.monitor.invoices.InvoiceMonitorJob   :   ? Empresa: Cafam suba | Factura: 145075-TPV2-21032
2026-09-07T17:00:13.166-05:00  WARN 37496 --- [Invoice Monitor - Gastoncito] [scheduling-1] com.monitor.invoices.InvoiceMonitorJob   :   ? Empresa: Cafam suba | Factura: 145075-TPV2-21033
2026-09-07T17:00:13.166-05:00  WARN 37496 --- [Invoice Monitor - Gastoncito] [scheduling-1] com.monitor.invoices.InvoiceMonitorJob   :   ? Empresa: Cafam suba | Factura: 145075-TPV2-21034
2026-09-07T17:00:13.166-05:00  WARN 37496 --- [Invoice Monitor - Gastoncito] [scheduling-1] com.monitor.invoices.InvoiceMonitorJob   :   ? Empresa: Cafam suba | Factura: 145075-TPV2-21035
2026-09-07T17:00:13.167-05:00  WARN 37496 --- [Invoice Monitor - Gastoncito] [scheduling-1] com.monitor.invoices.InvoiceMonitorJob   :   ? Empresa: Cafam suba | Factura: 145075-TPV2-21036
2026-09-07T17:00:13.167-05:00  WARN 37496 --- [Invoice Monitor - Gastoncito] [scheduling-1] com.monitor.invoices.InvoiceMonitorJob   :   ? Empresa: Cafam suba | Factura: 145075-TPV2-21037
2026-09-07T17:00:13.167-05:00  WARN 37496 --- [Invoice Monitor - Gastoncito] [scheduling-1] com.monitor.invoices.InvoiceMonitorJob   :   ? Empresa: Cafam suba | Factura: 145075-TPV2-21038
2026-09-07T17:00:13.167-05:00  WARN 37496 --- [Invoice Monitor - Gastoncito] [scheduling-1] com.monitor.invoices.InvoiceMonitorJob   :   ? Empresa: Cafam suba | Factura: 145075-TPV2-21039
2026-09-07T17:00:13.167-05:00  WARN 37496 --- [Invoice Monitor - Gastoncito] [scheduling-1] com.monitor.invoices.InvoiceMonitorJob   :   ? Empresa: Cafam suba | Factura: 145075-TPV2-21040
2026-09-07T17:00:13.167-05:00  WARN 37496 --- [Invoice Monitor - Gastoncito] [scheduling-1] com.monitor.invoices.InvoiceMonitorJob   :   ? Empresa: Cafam suba | Factura: 145075-TPV2-21041
2026-09-07T17:00:13.167-05:00  WARN 37496 --- [Invoice Monitor - Gastoncito] [scheduling-1] com.monitor.invoices.InvoiceMonitorJob   :   ? Empresa: Cafam suba | Factura: 145075-TPV2-21042
2026-09-07T17:00:13.167-05:00  WARN 37496 --- [Invoice Monitor - Gastoncito] [scheduling-1] com.monitor.invoices.InvoiceMonitorJob   :   ? Empresa: Cafam suba | Factura: 145075-TPV2-21043
2026-09-07T17:00:13.167-05:00  WARN 37496 --- [Invoice Monitor - Gastoncito] [scheduling-1] com.monitor.invoices.InvoiceMonitorJob   :   ? Empresa: Cafam suba | Factura: 145075-TPV2-21044
2026-09-07T17:00:13.167-05:00  WARN 37496 --- [Invoice Monitor - Gastoncito] [scheduling-1] com.monitor.invoices.InvoiceMonitorJob   :   ? Empresa: Cafam suba | Factura: 145075-TPV2-21045
2026-09-07T17:00:13.168-05:00  WARN 37496 --- [Invoice Monitor - Gastoncito] [scheduling-1] com.monitor.invoices.InvoiceMonitorJob   :   ? Empresa: Cafam suba | Factura: 145075-TPV2-21046
2026-09-07T17:00:13.168-05:00  WARN 37496 --- [Invoice Monitor - Gastoncito] [scheduling-1] com.monitor.invoices.InvoiceMonitorJob   :   ? Empresa: Cafam suba | Factura: 145075-TPV2-21047
2026-09-07T17:00:13.168-05:00  WARN 37496 --- [Invoice Monitor - Gastoncito] [scheduling-1] com.monitor.invoices.InvoiceMonitorJob   :   ? Empresa: Cafam suba | Factura: 145075-TPV2-21048
2026-09-07T17:00:13.168-05:00  WARN 37496 --- [Invoice Monitor - Gastoncito] [scheduling-1] com.monitor.invoices.InvoiceMonitorJob   :   ? Empresa: Cafam suba | Factura: 145075-TPV2-21049
2026-09-07T17:00:13.168-05:00  WARN 37496 --- [Invoice Monitor - Gastoncito] [scheduling-1] com.monitor.invoices.InvoiceMonitorJob   :   ? Empresa: Cafam suba | Factura: 145075-TPV2-21050
2026-09-07T17:00:13.168-05:00  WARN 37496 --- [Invoice Monitor - Gastoncito] [scheduling-1] com.monitor.invoices.InvoiceMonitorJob   :   ? Empresa: Cafam suba | Factura: 145075-TPV2-21051
2026-09-07T17:00:13.168-05:00  WARN 37496 --- [Invoice Monitor - Gastoncito] [scheduling-1] com.monitor.invoices.InvoiceMonitorJob   :   ? Empresa: Cafam suba | Factura: 145075-TPV2-21052
2026-09-07T17:00:13.168-05:00  WARN 37496 --- [Invoice Monitor - Gastoncito] [scheduling-1] com.monitor.invoices.InvoiceMonitorJob   :   ? Empresa: Cafam suba | Factura: 145075-TPV2-21053
2026-09-07T17:00:13.168-05:00  WARN 37496 --- [Invoice Monitor - Gastoncito] [scheduling-1] com.monitor.invoices.InvoiceMonitorJob   :   ? Empresa: Cafam suba | Factura: 145075-TPV2-21054
2026-09-07T17:00:13.168-05:00  WARN 37496 --- [Invoice Monitor - Gastoncito] [scheduling-1] com.monitor.invoices.InvoiceMonitorJob   :   ? Empresa: Cafam suba | Factura: 145075-TPV2-21055
2026-09-07T17:00:13.168-05:00  WARN 37496 --- [Invoice Monitor - Gastoncito] [scheduling-1] com.monitor.invoices.InvoiceMonitorJob   :   ? Empresa: Cafam suba | Factura: 145075-TPV2-21056
2026-09-07T17:00:13.169-05:00  WARN 37496 --- [Invoice Monitor - Gastoncito] [scheduling-1] com.monitor.invoices.InvoiceMonitorJob   :   ? Empresa: Cafam suba | Factura: 145075-TPV2-21057
2026-09-07T17:00:13.169-05:00  WARN 37496 --- [Invoice Monitor - Gastoncito] [scheduling-1] com.monitor.invoices.InvoiceMonitorJob   :   ? Empresa: Cafam suba | Factura: 145075-TPV2-21058
2026-09-07T17:00:13.169-05:00  WARN 37496 --- [Invoice Monitor - Gastoncito] [scheduling-1] com.monitor.invoices.InvoiceMonitorJob   :   ? Empresa: Cafam suba | Factura: 145075-TPV2-21059
2026-09-07T17:00:13.169-05:00  WARN 37496 --- [Invoice Monitor - Gastoncito] [scheduling-1] com.monitor.invoices.InvoiceMonitorJob   :   ? Empresa: Cafam suba | Factura: 145075-TPV2-21060
2026-09-07T17:00:13.169-05:00  WARN 37496 --- [Invoice Monitor - Gastoncito] [scheduling-1] com.monitor.invoices.InvoiceMonitorJob   :   ? Empresa: Cafam suba | Factura: 145075-TPV2-21061
2026-09-07T17:00:13.169-05:00  WARN 37496 --- [Invoice Monitor - Gastoncito] [scheduling-1] com.monitor.invoices.InvoiceMonitorJob   :   ? Empresa: Cafam suba | Factura: 145075-TPV2-21062
2026-09-07T17:00:13.169-05:00  WARN 37496 --- [Invoice Monitor - Gastoncito] [scheduling-1] com.monitor.invoices.InvoiceMonitorJob   :   ? Empresa: Cafam suba | Factura: 145075-TPV2-21063
2026-09-07T17:00:13.169-05:00  WARN 37496 --- [Invoice Monitor - Gastoncito] [scheduling-1] com.monitor.invoices.InvoiceMonitorJob   :   ? Empresa: Cafam suba | Factura: 145075-TPV2-21064
2026-09-07T17:00:13.169-05:00  WARN 37496 --- [Invoice Monitor - Gastoncito] [scheduling-1] com.monitor.invoices.InvoiceMonitorJob   :   ? Empresa: Cafam suba | Factura: 145075-TPV2-21065
2026-09-07T17:00:13.169-05:00  WARN 37496 --- [Invoice Monitor - Gastoncito] [scheduling-1] com.monitor.invoices.InvoiceMonitorJob   :   ? Empresa: Cafam suba | Factura: 145075-TPV2-21066
2026-09-07T17:00:13.169-05:00  WARN 37496 --- [Invoice Monitor - Gastoncito] [scheduling-1] com.monitor.invoices.InvoiceMonitorJob   :   ? Empresa: Cafam suba | Factura: 145075-TPV2-21067
2026-09-07T17:00:13.169-05:00  WARN 37496 --- [Invoice Monitor - Gastoncito] [scheduling-1] com.monitor.invoices.InvoiceMonitorJob   :   ? Empresa: Cafam suba | Factura: 145075-TPV2-21068
2026-09-07T17:00:13.170-05:00  WARN 37496 --- [Invoice Monitor - Gastoncito] [scheduling-1] com.monitor.invoices.InvoiceMonitorJob   :   ? Empresa: Cafam suba | Factura: 145075-TPV2-21069
2026-09-07T17:00:13.170-05:00  WARN 37496 --- [Invoice Monitor - Gastoncito] [scheduling-1] com.monitor.invoices.InvoiceMonitorJob   :   ? Empresa: Cafam suba | Factura: 145075-TPV2-21070
2026-09-07T17:00:13.170-05:00  WARN 37496 --- [Invoice Monitor - Gastoncito] [scheduling-1] com.monitor.invoices.InvoiceMonitorJob   :   ? Empresa: Cafam suba | Factura: 145075-TPV2-21071
2026-09-07T17:00:13.170-05:00  WARN 37496 --- [Invoice Monitor - Gastoncito] [scheduling-1] com.monitor.invoices.InvoiceMonitorJob   :   ? Empresa: Cafam suba | Factura: 145075-TPV2-21072
2026-09-07T17:00:13.170-05:00  WARN 37496 --- [Invoice Monitor - Gastoncito] [scheduling-1] com.monitor.invoices.InvoiceMonitorJob   :   ? Empresa: Cafam suba | Factura: 145075-TPV2-21073
2026-09-07T17:00:13.170-05:00  WARN 37496 --- [Invoice Monitor - Gastoncito] [scheduling-1] com.monitor.invoices.InvoiceMonitorJob   :   ? Empresa: Cafam suba | Factura: 145075-TPV2-21074
2026-09-07T17:00:13.170-05:00  WARN 37496 --- [Invoice Monitor - Gastoncito] [scheduling-1] com.monitor.invoices.InvoiceMonitorJob   :   ? Empresa: Cafam suba | Factura: 145075-TPV2-21075
2026-09-07T17:00:13.170-05:00  WARN 37496 --- [Invoice Monitor - Gastoncito] [scheduling-1] com.monitor.invoices.InvoiceMonitorJob   :   ? Empresa: Cafam suba | Factura: 145075-TPV2-21076
2026-09-07T17:00:13.170-05:00  WARN 37496 --- [Invoice Monitor - Gastoncito] [scheduling-1] com.monitor.invoices.InvoiceMonitorJob   :   ? Empresa: Cafam suba | Factura: 145075-TPV2-21077
2026-09-07T17:00:13.170-05:00  WARN 37496 --- [Invoice Monitor - Gastoncito] [scheduling-1] com.monitor.invoices.InvoiceMonitorJob   :   ? Empresa: Cafam suba | Factura: 145075-TPV2-21078
2026-09-07T17:00:13.170-05:00  WARN 37496 --- [Invoice Monitor - Gastoncito] [scheduling-1] com.monitor.invoices.InvoiceMonitorJob   :   ? Empresa: Cafam suba | Factura: 145075-TPV2-21079
2026-09-07T17:00:13.171-05:00  WARN 37496 --- [Invoice Monitor - Gastoncito] [scheduling-1] com.monitor.invoices.InvoiceMonitorJob   :   ? Empresa: Cafam suba | Factura: 145075-TPV2-21080
2026-09-07T17:00:13.171-05:00  WARN 37496 --- [Invoice Monitor - Gastoncito] [scheduling-1] com.monitor.invoices.InvoiceMonitorJob   :   ? Empresa: Cafam suba | Factura: 145075-TPV2-21081
2026-09-07T17:00:13.171-05:00  WARN 37496 --- [Invoice Monitor - Gastoncito] [scheduling-1] com.monitor.invoices.InvoiceMonitorJob   :   ? Empresa: Cafam suba | Factura: 145075-TPV2-21082
2026-09-07T17:00:13.171-05:00  WARN 37496 --- [Invoice Monitor - Gastoncito] [scheduling-1] com.monitor.invoices.InvoiceMonitorJob   :   ? Empresa: Cafam suba | Factura: 145075-TPV2-21083
2026-09-07T17:00:13.171-05:00  WARN 37496 --- [Invoice Monitor - Gastoncito] [scheduling-1] com.monitor.invoices.InvoiceMonitorJob   :   ? Empresa: Cafam suba | Factura: 145075-TPV2-21084
2026-09-07T17:00:13.171-05:00  WARN 37496 --- [Invoice Monitor - Gastoncito] [scheduling-1] com.monitor.invoices.InvoiceMonitorJob   :   ? Empresa: Cafam suba | Factura: 145075-TPV2-21085
2026-09-07T17:00:13.171-05:00  WARN 37496 --- [Invoice Monitor - Gastoncito] [scheduling-1] com.monitor.invoices.InvoiceMonitorJob   :   ? Empresa: Cafam suba | Factura: 145075-TPV2-21086
2026-09-07T17:00:13.171-05:00  WARN 37496 --- [Invoice Monitor - Gastoncito] [scheduling-1] com.monitor.invoices.InvoiceMonitorJob   :   ? Empresa: Cafam suba | Factura: 145075-TPV2-21087
2026-09-07T17:00:13.172-05:00  WARN 37496 --- [Invoice Monitor - Gastoncito] [scheduling-1] com.monitor.invoices.InvoiceMonitorJob   :   ? Empresa: Cafam suba | Factura: 145075-TPV2-21088
2026-09-07T17:00:13.172-05:00  WARN 37496 --- [Invoice Monitor - Gastoncito] [scheduling-1] com.monitor.invoices.InvoiceMonitorJob   :   ? Empresa: Cafam suba | Factura: 145075-TPV2-21089
2026-09-07T17:00:13.172-05:00  WARN 37496 --- [Invoice Monitor - Gastoncito] [scheduling-1] com.monitor.invoices.InvoiceMonitorJob   :   ? Empresa: Cafam suba | Factura: 145075-TPV2-21090
2026-09-07T17:00:13.172-05:00  WARN 37496 --- [Invoice Monitor - Gastoncito] [scheduling-1] com.monitor.invoices.InvoiceMonitorJob   :   ? Empresa: Cafam suba | Factura: 145075-TPV2-21091
2026-09-07T17:00:13.172-05:00  WARN 37496 --- [Invoice Monitor - Gastoncito] [scheduling-1] com.monitor.invoices.InvoiceMonitorJob   :   ? Empresa: Cafam suba | Factura: 145075-TPV2-21092
2026-09-07T17:00:13.172-05:00  WARN 37496 --- [Invoice Monitor - Gastoncito] [scheduling-1] com.monitor.invoices.InvoiceMonitorJob   :   ? Empresa: Cafam suba | Factura: 145075-TPV2-21093
2026-09-07T17:00:13.172-05:00  WARN 37496 --- [Invoice Monitor - Gastoncito] [scheduling-1] com.monitor.invoices.InvoiceMonitorJob   :   ? Empresa: Cafam suba | Factura: 145075-TPV2-21094
2026-09-07T17:00:13.172-05:00  WARN 37496 --- [Invoice Monitor - Gastoncito] [scheduling-1] com.monitor.invoices.InvoiceMonitorJob   :   ? Empresa: Cafam suba | Factura: 145075-TPV2-21095
2026-09-07T17:00:13.173-05:00  WARN 37496 --- [Invoice Monitor - Gastoncito] [scheduling-1] com.monitor.invoices.InvoiceMonitorJob   :   ? Empresa: Cafam suba | Factura: 145075-TPV2-21096
2026-09-07T17:00:13.173-05:00  WARN 37496 --- [Invoice Monitor - Gastoncito] [scheduling-1] com.monitor.invoices.InvoiceMonitorJob   :   ? Empresa: Cafam suba | Factura: 145075-TPV2-21097
2026-09-07T17:00:13.173-05:00  WARN 37496 --- [Invoice Monitor - Gastoncito] [scheduling-1] com.monitor.invoices.InvoiceMonitorJob   :   ? Empresa: Cafam suba | Factura: 145075-TPV2-21098
2026-09-07T17:00:13.173-05:00  WARN 37496 --- [Invoice Monitor - Gastoncito] [scheduling-1] com.monitor.invoices.InvoiceMonitorJob   :   ? Empresa: Cafam suba | Factura: 145075-TPV2-21099
2026-09-07T17:00:13.173-05:00  WARN 37496 --- [Invoice Monitor - Gastoncito] [scheduling-1] com.monitor.invoices.InvoiceMonitorJob   :   ? Empresa: Cafam suba | Factura: 145075-TPV2-21100
2026-09-07T17:00:13.173-05:00  WARN 37496 --- [Invoice Monitor - Gastoncito] [scheduling-1] com.monitor.invoices.InvoiceMonitorJob   :   ? Empresa: Cafam suba | Factura: 145075-TPV2-21101
2026-09-07T17:00:13.173-05:00  WARN 37496 --- [Invoice Monitor - Gastoncito] [scheduling-1] com.monitor.invoices.InvoiceMonitorJob   :   ? Empresa: Cafam suba | Factura: 145075-TPV2-21102
2026-09-07T17:00:13.173-05:00  WARN 37496 --- [Invoice Monitor - Gastoncito] [scheduling-1] com.monitor.invoices.InvoiceMonitorJob   :   ? Empresa: Cafam suba | Factura: 145075-TPV2-21103
2026-09-07T17:00:13.173-05:00  WARN 37496 --- [Invoice Monitor - Gastoncito] [scheduling-1] com.monitor.invoices.InvoiceMonitorJob   :   ? Empresa: Cafam suba | Factura: 145075-TPV2-21104
2026-09-07T17:00:13.174-05:00  WARN 37496 --- [Invoice Monitor - Gastoncito] [scheduling-1] com.monitor.invoices.InvoiceMonitorJob   :   ? Empresa: Cafam suba | Factura: 145075-TPV2-21105
2026-09-07T17:00:13.174-05:00  WARN 37496 --- [Invoice Monitor - Gastoncito] [scheduling-1] com.monitor.invoices.InvoiceMonitorJob   :   ? Empresa: Cafam suba | Factura: 145075-TPV2-21106
2026-09-07T17:00:13.174-05:00  WARN 37496 --- [Invoice Monitor - Gastoncito] [scheduling-1] com.monitor.invoices.InvoiceMonitorJob   :   ? Empresa: Cafam suba | Factura: 145075-TPV2-21107
2026-09-07T17:00:13.174-05:00  WARN 37496 --- [Invoice Monitor - Gastoncito] [scheduling-1] com.monitor.invoices.InvoiceMonitorJob   :   ? Empresa: Cafam suba | Factura: 145075-TPV2-21108
2026-09-07T17:00:13.174-05:00  WARN 37496 --- [Invoice Monitor - Gastoncito] [scheduling-1] com.monitor.invoices.InvoiceMonitorJob   :   ? Empresa: Cafam suba | Factura: 145075-TPV2-21109
2026-09-07T17:00:13.175-05:00  WARN 37496 --- [Invoice Monitor - Gastoncito] [scheduling-1] com.monitor.invoices.InvoiceMonitorJob   :   ? Empresa: Cafam suba | Factura: 145075-TPV2-21110
2026-09-07T17:00:13.175-05:00  WARN 37496 --- [Invoice Monitor - Gastoncito] [scheduling-1] com.monitor.invoices.InvoiceMonitorJob   :   ? Empresa: Cafam suba | Factura: 145075-TPV2-21111
2026-09-07T17:00:13.175-05:00  WARN 37496 --- [Invoice Monitor - Gastoncito] [scheduling-1] com.monitor.invoices.InvoiceMonitorJob   :   ? Empresa: Cafam suba | Factura: 145075-TPV2-21112
2026-09-07T17:00:13.175-05:00  WARN 37496 --- [Invoice Monitor - Gastoncito] [scheduling-1] com.monitor.invoices.InvoiceMonitorJob   :   ? Empresa: Cafam suba | Factura: 145075-TPV2-21113
2026-09-07T17:00:13.175-05:00  WARN 37496 --- [Invoice Monitor - Gastoncito] [scheduling-1] com.monitor.invoices.InvoiceMonitorJob   :   ? Empresa: Cafam suba | Factura: 145075-TPV2-21114
2026-09-07T17:00:13.175-05:00  WARN 37496 --- [Invoice Monitor - Gastoncito] [scheduling-1] com.monitor.invoices.InvoiceMonitorJob   :   ? Empresa: Cafam suba | Factura: 145075-TPV2-21115
2026-09-07T17:00:13.175-05:00  WARN 37496 --- [Invoice Monitor - Gastoncito] [scheduling-1] com.monitor.invoices.InvoiceMonitorJob   :   ? Empresa: Cafam suba | Factura: 145075-TPV2-21116
2026-09-07T17:00:13.175-05:00  WARN 37496 --- [Invoice Monitor - Gastoncito] [scheduling-1] com.monitor.invoices.InvoiceMonitorJob   :   ? Empresa: Cafam suba | Factura: 145075-TPV2-21117
2026-09-07T17:00:13.175-05:00  WARN 37496 --- [Invoice Monitor - Gastoncito] [scheduling-1] com.monitor.invoices.InvoiceMonitorJob   :   ? Empresa: Cafam suba | Factura: 145075-TPV2-21118
2026-09-07T17:00:13.176-05:00  WARN 37496 --- [Invoice Monitor - Gastoncito] [scheduling-1] com.monitor.invoices.InvoiceMonitorJob   :   ? Empresa: Cafam suba | Factura: 145075-TPV2-21119
2026-09-07T17:00:13.176-05:00  WARN 37496 --- [Invoice Monitor - Gastoncito] [scheduling-1] com.monitor.invoices.InvoiceMonitorJob   :   ? Empresa: Cafam suba | Factura: 145075-TPV2-21120
2026-09-07T17:00:13.176-05:00  WARN 37496 --- [Invoice Monitor - Gastoncito] [scheduling-1] com.monitor.invoices.InvoiceMonitorJob   :   ? Empresa: Cafam suba | Factura: 145075-TPV2-21121
2026-09-07T17:00:13.176-05:00  WARN 37496 --- [Invoice Monitor - Gastoncito] [scheduling-1] com.monitor.invoices.InvoiceMonitorJob   :   ? Empresa: Cafam suba | Factura: 145075-TPV2-21122
2026-09-07T17:00:13.176-05:00  WARN 37496 --- [Invoice Monitor - Gastoncito] [scheduling-1] com.monitor.invoices.InvoiceMonitorJob   :   ? Empresa: Cafam suba | Factura: 145075-TPV2-21123
2026-09-07T17:00:13.176-05:00  WARN 37496 --- [Invoice Monitor - Gastoncito] [scheduling-1] com.monitor.invoices.InvoiceMonitorJob   :   ? Empresa: Cafam suba | Factura: 145075-TPV2-21124
2026-09-07T17:00:13.176-05:00  WARN 37496 --- [Invoice Monitor - Gastoncito] [scheduling-1] com.monitor.invoices.InvoiceMonitorJob   :   ? Empresa: Cafam suba | Factura: 145075-TPV2-21125
2026-09-07T17:00:13.177-05:00  WARN 37496 --- [Invoice Monitor - Gastoncito] [scheduling-1] com.monitor.invoices.InvoiceMonitorJob   :   ? Empresa: Cafam suba | Factura: 145075-TPV2-21126
2026-09-07T17:00:13.177-05:00  WARN 37496 --- [Invoice Monitor - Gastoncito] [scheduling-1] com.monitor.invoices.InvoiceMonitorJob   :   ? Empresa: Cafam suba | Factura: 145075-TPV2-21127
2026-09-07T17:00:13.177-05:00  WARN 37496 --- [Invoice Monitor - Gastoncito] [scheduling-1] com.monitor.invoices.InvoiceMonitorJob   :   ? Empresa: Cafam suba | Factura: 145075-TPV2-21128
2026-09-07T17:00:13.177-05:00  WARN 37496 --- [Invoice Monitor - Gastoncito] [scheduling-1] com.monitor.invoices.InvoiceMonitorJob   :   ? Empresa: Cafam suba | Factura: 145075-TPV2-21129
2026-09-07T17:00:13.177-05:00  WARN 37496 --- [Invoice Monitor - Gastoncito] [scheduling-1] com.monitor.invoices.InvoiceMonitorJob   :   ? Empresa: Cafam suba | Factura: 145075-TPV2-21130
2026-09-07T17:00:13.177-05:00  WARN 37496 --- [Invoice Monitor - Gastoncito] [scheduling-1] com.monitor.invoices.InvoiceMonitorJob   :   ? Empresa: Cafam suba | Factura: 145075-TPV2-21131
2026-09-07T17:00:13.177-05:00  WARN 37496 --- [Invoice Monitor - Gastoncito] [scheduling-1] com.monitor.invoices.InvoiceMonitorJob   :   ? Empresa: Cafam suba | Factura: 145075-TPV2-21132
2026-09-07T17:00:13.177-05:00  WARN 37496 --- [Invoice Monitor - Gastoncito] [scheduling-1] com.monitor.invoices.InvoiceMonitorJob   :   ? Empresa: Cafam suba | Factura: 145075-TPV2-21133
2026-09-07T17:00:13.177-05:00  WARN 37496 --- [Invoice Monitor - Gastoncito] [scheduling-1] com.monitor.invoices.InvoiceMonitorJob   :   ? Empresa: Cafam suba | Factura: 145075-TPV2-21134
2026-09-07T17:00:13.178-05:00  WARN 37496 --- [Invoice Monitor - Gastoncito] [scheduling-1] com.monitor.invoices.InvoiceMonitorJob   :   ? Empresa: Cafam suba | Factura: 145075-TPV2-21135
2026-09-07T17:00:13.178-05:00  WARN 37496 --- [Invoice Monitor - Gastoncito] [scheduling-1] com.monitor.invoices.InvoiceMonitorJob   :   ? Empresa: Cafam suba | Factura: 145075-TPV2-21136
2026-09-07T17:00:13.178-05:00  WARN 37496 --- [Invoice Monitor - Gastoncito] [scheduling-1] com.monitor.invoices.InvoiceMonitorJob   :   ? Empresa: Cafam suba | Factura: 145075-TPV2-21137
2026-09-07T17:00:13.178-05:00  WARN 37496 --- [Invoice Monitor - Gastoncito] [scheduling-1] com.monitor.invoices.InvoiceMonitorJob   :   ? Empresa: Cafam suba | Factura: 145075-TPV2-21138
2026-09-07T17:00:13.178-05:00  WARN 37496 --- [Invoice Monitor - Gastoncito] [scheduling-1] com.monitor.invoices.InvoiceMonitorJob   :   ? Empresa: Cafam suba | Factura: 145075-TPV2-21139
2026-09-07T17:00:13.178-05:00  WARN 37496 --- [Invoice Monitor - Gastoncito] [scheduling-1] com.monitor.invoices.InvoiceMonitorJob   :   ? Empresa: Cafam suba | Factura: 145075-TPV2-21140
2026-09-07T17:00:13.178-05:00  WARN 37496 --- [Invoice Monitor - Gastoncito] [scheduling-1] com.monitor.invoices.InvoiceMonitorJob   :   ? Empresa: Cafam suba | Factura: 145075-TPV2-21141
2026-09-07T17:00:13.178-05:00  WARN 37496 --- [Invoice Monitor - Gastoncito] [scheduling-1] com.monitor.invoices.InvoiceMonitorJob   :   ? Empresa: Cafam suba | Factura: 145075-TPV2-21142
2026-09-07T17:00:13.178-05:00  WARN 37496 --- [Invoice Monitor - Gastoncito] [scheduling-1] com.monitor.invoices.InvoiceMonitorJob   :   ? Empresa: Cafam suba | Factura: 145075-TPV2-21143
2026-09-07T17:00:13.178-05:00  WARN 37496 --- [Invoice Monitor - Gastoncito] [scheduling-1] com.monitor.invoices.InvoiceMonitorJob   :   ? Empresa: Cafam suba | Factura: 145075-TPV2-21144
2026-09-07T17:00:13.179-05:00  WARN 37496 --- [Invoice Monitor - Gastoncito] [scheduling-1] com.monitor.invoices.InvoiceMonitorJob   :   ? Empresa: Cafam suba | Factura: 145075-TPV2-21145
2026-09-07T17:00:13.179-05:00  WARN 37496 --- [Invoice Monitor - Gastoncito] [scheduling-1] com.monitor.invoices.InvoiceMonitorJob   :   ? Empresa: Cafam suba | Factura: 145075-TPV2-21146
2026-09-07T17:00:13.179-05:00  WARN 37496 --- [Invoice Monitor - Gastoncito] [scheduling-1] com.monitor.invoices.InvoiceMonitorJob   :   ? Empresa: Cafam suba | Factura: 145075-TPV2-21147
2026-09-07T17:00:13.179-05:00  WARN 37496 --- [Invoice Monitor - Gastoncito] [scheduling-1] com.monitor.invoices.InvoiceMonitorJob   :   ? Empresa: Cafam suba | Factura: 145075-TPV2-21148
2026-09-07T17:00:13.179-05:00  WARN 37496 --- [Invoice Monitor - Gastoncito] [scheduling-1] com.monitor.invoices.InvoiceMonitorJob   :   ? Empresa: Cafam suba | Factura: 145075-TPV2-21149
2026-09-07T17:00:13.179-05:00  WARN 37496 --- [Invoice Monitor - Gastoncito] [scheduling-1] com.monitor.invoices.InvoiceMonitorJob   :   ? Empresa: Cafam suba | Factura: 145075-TPV2-21150
2026-09-07T17:00:13.179-05:00  WARN 37496 --- [Invoice Monitor - Gastoncito] [scheduling-1] com.monitor.invoices.InvoiceMonitorJob   :   ? Empresa: Cafam suba | Factura: 145075-TPV2-21151
2026-09-07T17:00:13.179-05:00  WARN 37496 --- [Invoice Monitor - Gastoncito] [scheduling-1] com.monitor.invoices.InvoiceMonitorJob   :   ? Empresa: Cafam suba | Factura: 145075-TPV2-21152
2026-09-07T17:00:13.179-05:00  WARN 37496 --- [Invoice Monitor - Gastoncito] [scheduling-1] com.monitor.invoices.InvoiceMonitorJob   :   ? Empresa: Cafam suba | Factura: 145075-TPV2-21153
2026-09-07T17:00:13.179-05:00  WARN 37496 --- [Invoice Monitor - Gastoncito] [scheduling-1] com.monitor.invoices.InvoiceMonitorJob   :   ? Empresa: Cafam suba | Factura: 145075-TPV2-21154
2026-09-07T17:00:13.179-05:00  WARN 37496 --- [Invoice Monitor - Gastoncito] [scheduling-1] com.monitor.invoices.InvoiceMonitorJob   :   ? Empresa: Cafam suba | Factura: 145075-TPV2-21155
2026-09-07T17:00:13.180-05:00  WARN 37496 --- [Invoice Monitor - Gastoncito] [scheduling-1] com.monitor.invoices.InvoiceMonitorJob   :   ? Empresa: Cafam suba | Factura: 145075-TPV2-21156
2026-09-07T17:00:13.180-05:00  WARN 37496 --- [Invoice Monitor - Gastoncito] [scheduling-1] com.monitor.invoices.InvoiceMonitorJob   :   ? Empresa: Cafam suba | Factura: 145075-TPV2-21157
2026-09-07T17:00:13.180-05:00  WARN 37496 --- [Invoice Monitor - Gastoncito] [scheduling-1] com.monitor.invoices.InvoiceMonitorJob   :   ? Empresa: Cafam suba | Factura: 145075-TPV2-21158
2026-09-07T17:00:13.180-05:00  WARN 37496 --- [Invoice Monitor - Gastoncito] [scheduling-1] com.monitor.invoices.InvoiceMonitorJob   :   ? Empresa: Cafam suba | Factura: 145075-TPV2-21159
2026-09-07T17:00:13.180-05:00  WARN 37496 --- [Invoice Monitor - Gastoncito] [scheduling-1] com.monitor.invoices.InvoiceMonitorJob   :   ? Empresa: Cafam suba | Factura: 145075-TPV2-21160
2026-09-07T17:00:13.180-05:00  WARN 37496 --- [Invoice Monitor - Gastoncito] [scheduling-1] com.monitor.invoices.InvoiceMonitorJob   :   ? Empresa: Cafam suba | Factura: 145075-TPV2-21161
2026-09-07T17:00:13.180-05:00  WARN 37496 --- [Invoice Monitor - Gastoncito] [scheduling-1] com.monitor.invoices.InvoiceMonitorJob   :   ? Empresa: Cafam suba | Factura: 145075-TPV2-21162
2026-09-07T17:00:13.180-05:00  WARN 37496 --- [Invoice Monitor - Gastoncito] [scheduling-1] com.monitor.invoices.InvoiceMonitorJob   :   ? Empresa: Cafam suba | Factura: 145075-TPV2-21163
2026-09-07T17:00:13.180-05:00  WARN 37496 --- [Invoice Monitor - Gastoncito] [scheduling-1] com.monitor.invoices.InvoiceMonitorJob   :   ? Empresa: Cafam suba | Factura: 145075-TPV2-21164
2026-09-07T17:00:13.180-05:00  WARN 37496 --- [Invoice Monitor - Gastoncito] [scheduling-1] com.monitor.invoices.InvoiceMonitorJob   :   ? Empresa: Cafam suba | Factura: 145075-TPV2-21165
2026-09-07T17:00:13.180-05:00  WARN 37496 --- [Invoice Monitor - Gastoncito] [scheduling-1] com.monitor.invoices.InvoiceMonitorJob   :   ? Empresa: Cafam suba | Factura: 145075-TPV2-21166
2026-09-07T17:00:13.180-05:00  WARN 37496 --- [Invoice Monitor - Gastoncito] [scheduling-1] com.monitor.invoices.InvoiceMonitorJob   :   ? Empresa: Cafam suba | Factura: 145075-TPV2-21167
2026-09-07T17:00:13.181-05:00  WARN 37496 --- [Invoice Monitor - Gastoncito] [scheduling-1] com.monitor.invoices.InvoiceMonitorJob   :   ? Empresa: Cafam suba | Factura: 145075-TPV2-21168
2026-09-07T17:00:13.181-05:00  WARN 37496 --- [Invoice Monitor - Gastoncito] [scheduling-1] com.monitor.invoices.InvoiceMonitorJob   :   ? Empresa: Cafam suba | Factura: 145075-TPV2-21169
2026-09-07T17:00:13.181-05:00  WARN 37496 --- [Invoice Monitor - Gastoncito] [scheduling-1] com.monitor.invoices.InvoiceMonitorJob   :   ? Empresa: Cafam suba | Factura: 145075-TPV2-21170
2026-09-07T17:00:13.181-05:00  WARN 37496 --- [Invoice Monitor - Gastoncito] [scheduling-1] com.monitor.invoices.InvoiceMonitorJob   :   ? Empresa: Cafam suba | Factura: 145075-TPV2-21171
2026-09-07T17:00:13.181-05:00  WARN 37496 --- [Invoice Monitor - Gastoncito] [scheduling-1] com.monitor.invoices.InvoiceMonitorJob   :   ? Empresa: Cafam suba | Factura: 145075-TPV2-21172
2026-09-07T17:00:13.181-05:00  WARN 37496 --- [Invoice Monitor - Gastoncito] [scheduling-1] com.monitor.invoices.InvoiceMonitorJob   :   ? Empresa: Cafam suba | Factura: 145075-TPV2-21173
2026-09-07T17:00:13.181-05:00  WARN 37496 --- [Invoice Monitor - Gastoncito] [scheduling-1] com.monitor.invoices.InvoiceMonitorJob   :   ? Empresa: Cafam suba | Factura: 145075-TPV2-21174
2026-09-07T17:00:13.181-05:00  WARN 37496 --- [Invoice Monitor - Gastoncito] [scheduling-1] com.monitor.invoices.InvoiceMonitorJob   :   ? Empresa: Cafam suba | Factura: 145075-TPV2-21175
2026-09-07T17:00:13.181-05:00  WARN 37496 --- [Invoice Monitor - Gastoncito] [scheduling-1] com.monitor.invoices.InvoiceMonitorJob   :   ? Empresa: Cafam suba | Factura: 145075-TPV2-21176
2026-09-07T17:00:13.181-05:00  WARN 37496 --- [Invoice Monitor - Gastoncito] [scheduling-1] com.monitor.invoices.InvoiceMonitorJob   :   ? Empresa: Cafam suba | Factura: 145075-TPV2-21177
2026-09-07T17:00:13.182-05:00  WARN 37496 --- [Invoice Monitor - Gastoncito] [scheduling-1] com.monitor.invoices.InvoiceMonitorJob   :   ? Empresa: Cafam suba | Factura: 145075-TPV2-21178
2026-09-07T17:00:13.182-05:00  WARN 37496 --- [Invoice Monitor - Gastoncito] [scheduling-1] com.monitor.invoices.InvoiceMonitorJob   :   ? Empresa: Cafam suba | Factura: 145075-TPV2-21179
2026-09-07T17:00:13.182-05:00  WARN 37496 --- [Invoice Monitor - Gastoncito] [scheduling-1] com.monitor.invoices.InvoiceMonitorJob   :   ? Empresa: Cafam suba | Factura: 145075-TPV2-21180
2026-09-07T17:00:13.182-05:00  WARN 37496 --- [Invoice Monitor - Gastoncito] [scheduling-1] com.monitor.invoices.InvoiceMonitorJob   :   ? Empresa: Cafam suba | Factura: 145075-TPV2-21181
2026-09-07T17:00:13.182-05:00  WARN 37496 --- [Invoice Monitor - Gastoncito] [scheduling-1] com.monitor.invoices.InvoiceMonitorJob   :   ? Empresa: Cafam suba | Factura: 145075-TPV2-21182
2026-09-07T17:00:13.182-05:00  WARN 37496 --- [Invoice Monitor - Gastoncito] [scheduling-1] com.monitor.invoices.InvoiceMonitorJob   :   ? Empresa: Cafam suba | Factura: 145075-TPV2-21183
2026-09-07T17:00:13.182-05:00  WARN 37496 --- [Invoice Monitor - Gastoncito] [scheduling-1] com.monitor.invoices.InvoiceMonitorJob   :   ? Empresa: Cafam suba | Factura: 145075-TPV2-21184
2026-09-07T17:00:13.182-05:00  WARN 37496 --- [Invoice Monitor - Gastoncito] [scheduling-1] com.monitor.invoices.InvoiceMonitorJob   :   ? Empresa: Cafam suba | Factura: 145075-TPV2-21185
2026-09-07T17:00:13.182-05:00  WARN 37496 --- [Invoice Monitor - Gastoncito] [scheduling-1] com.monitor.invoices.InvoiceMonitorJob   :   ? Empresa: Cafam suba | Factura: 145075-TPV2-21186
2026-09-07T17:00:13.182-05:00  WARN 37496 --- [Invoice Monitor - Gastoncito] [scheduling-1] com.monitor.invoices.InvoiceMonitorJob   :   ? Empresa: Cafam suba | Factura: 145075-TPV2-21187
2026-09-07T17:00:13.182-05:00  WARN 37496 --- [Invoice Monitor - Gastoncito] [scheduling-1] com.monitor.invoices.InvoiceMonitorJob   :   ? Empresa: Cafam suba | Factura: 145075-TPV2-21188
2026-09-07T17:00:13.182-05:00  WARN 37496 --- [Invoice Monitor - Gastoncito] [scheduling-1] com.monitor.invoices.InvoiceMonitorJob   :   ? Empresa: Cafam suba | Factura: 145075-TPV2-21189
2026-09-07T17:00:13.183-05:00  WARN 37496 --- [Invoice Monitor - Gastoncito] [scheduling-1] com.monitor.invoices.InvoiceMonitorJob   :   ? Empresa: Cafam suba | Factura: 145075-TPV2-21190
2026-09-07T17:00:13.183-05:00  WARN 37496 --- [Invoice Monitor - Gastoncito] [scheduling-1] com.monitor.invoices.InvoiceMonitorJob   :   ? Empresa: Cafam suba | Factura: 145075-TPV2-21191
2026-09-07T17:00:13.183-05:00  WARN 37496 --- [Invoice Monitor - Gastoncito] [scheduling-1] com.monitor.invoices.InvoiceMonitorJob   :   ? Empresa: Cafam suba | Factura: 145075-TPV2-21192
2026-09-07T17:00:13.183-05:00  WARN 37496 --- [Invoice Monitor - Gastoncito] [scheduling-1] com.monitor.invoices.InvoiceMonitorJob   :   ? Empresa: Cafam suba | Factura: 145075-TPV2-21193
2026-09-07T17:00:13.183-05:00  WARN 37496 --- [Invoice Monitor - Gastoncito] [scheduling-1] com.monitor.invoices.InvoiceMonitorJob   :   ? Empresa: Cafam suba | Factura: 145075-TPV2-21194
2026-09-07T17:00:13.183-05:00  WARN 37496 --- [Invoice Monitor - Gastoncito] [scheduling-1] com.monitor.invoices.InvoiceMonitorJob   :   ? Empresa: Cafam suba | Factura: 145075-TPV2-21195
2026-09-07T17:00:13.183-05:00  WARN 37496 --- [Invoice Monitor - Gastoncito] [scheduling-1] com.monitor.invoices.InvoiceMonitorJob   :   ? Empresa: Cafam suba | Factura: 145075-TPV2-21196
2026-09-07T17:00:13.183-05:00  WARN 37496 --- [Invoice Monitor - Gastoncito] [scheduling-1] com.monitor.invoices.InvoiceMonitorJob   :   ? Empresa: Cafam suba | Factura: 145075-TPV2-21197
2026-09-07T17:00:13.183-05:00  WARN 37496 --- [Invoice Monitor - Gastoncito] [scheduling-1] com.monitor.invoices.InvoiceMonitorJob   :   ? Empresa: Cafam suba | Factura: 145075-TPV2-21198
2026-09-07T17:00:13.183-05:00  WARN 37496 --- [Invoice Monitor - Gastoncito] [scheduling-1] com.monitor.invoices.InvoiceMonitorJob   :   ? Empresa: Cafam suba | Factura: 145075-TPV2-21199
2026-09-07T17:00:13.183-05:00  WARN 37496 --- [Invoice Monitor - Gastoncito] [scheduling-1] com.monitor.invoices.InvoiceMonitorJob   :   ? Empresa: Cafam suba | Factura: 145075-TPV2-21200
2026-09-07T17:00:13.183-05:00  WARN 37496 --- [Invoice Monitor - Gastoncito] [scheduling-1] com.monitor.invoices.InvoiceMonitorJob   :   ? Empresa: Cafam suba | Factura: 145075-TPV2-21201
2026-09-07T17:00:13.183-05:00  WARN 37496 --- [Invoice Monitor - Gastoncito] [scheduling-1] com.monitor.invoices.InvoiceMonitorJob   :   ? Empresa: Cafam suba | Factura: 145075-TPV2-21202
2026-09-07T17:00:13.184-05:00  WARN 37496 --- [Invoice Monitor - Gastoncito] [scheduling-1] com.monitor.invoices.InvoiceMonitorJob   :   ? Empresa: Cafam suba | Factura: 145075-TPV2-21203
2026-09-07T17:00:13.184-05:00  WARN 37496 --- [Invoice Monitor - Gastoncito] [scheduling-1] com.monitor.invoices.InvoiceMonitorJob   :   ? Empresa: Cafam suba | Factura: 145075-TPV2-21204
2026-09-07T17:00:13.184-05:00  WARN 37496 --- [Invoice Monitor - Gastoncito] [scheduling-1] com.monitor.invoices.InvoiceMonitorJob   :   ? Empresa: Cafam suba | Factura: 145075-TPV2-21205
2026-09-07T17:00:13.184-05:00  WARN 37496 --- [Invoice Monitor - Gastoncito] [scheduling-1] com.monitor.invoices.InvoiceMonitorJob   :   ? Empresa: Cafam suba | Factura: 145075-TPV2-21206
2026-09-07T17:00:13.184-05:00  WARN 37496 --- [Invoice Monitor - Gastoncito] [scheduling-1] com.monitor.invoices.InvoiceMonitorJob   :   ? Empresa: Cafam suba | Factura: 145075-TPV2-21207
2026-09-07T17:00:13.184-05:00  WARN 37496 --- [Invoice Monitor - Gastoncito] [scheduling-1] com.monitor.invoices.InvoiceMonitorJob   :   ? Empresa: Cafam suba | Factura: 145075-TPV2-21208
2026-09-07T17:00:13.184-05:00  WARN 37496 --- [Invoice Monitor - Gastoncito] [scheduling-1] com.monitor.invoices.InvoiceMonitorJob   :   ? Empresa: Cafam suba | Factura: 145075-TPV2-21209
2026-09-07T17:00:13.184-05:00  WARN 37496 --- [Invoice Monitor - Gastoncito] [scheduling-1] com.monitor.invoices.InvoiceMonitorJob   :   ? Empresa: Cafam suba | Factura: 145075-TPV2-21210
2026-09-07T17:00:13.184-05:00  WARN 37496 --- [Invoice Monitor - Gastoncito] [scheduling-1] com.monitor.invoices.InvoiceMonitorJob   :   ? Empresa: Cafam suba | Factura: 145075-TPV2-21211
2026-09-07T17:00:13.184-05:00  WARN 37496 --- [Invoice Monitor - Gastoncito] [scheduling-1] com.monitor.invoices.InvoiceMonitorJob   :   ? Empresa: Cafam suba | Factura: 145075-TPV2-21212
2026-09-07T17:00:13.184-05:00  WARN 37496 --- [Invoice Monitor - Gastoncito] [scheduling-1] com.monitor.invoices.InvoiceMonitorJob   :   ? Empresa: Cafam suba | Factura: 145075-TPV2-21213
2026-09-07T17:00:13.184-05:00  WARN 37496 --- [Invoice Monitor - Gastoncito] [scheduling-1] com.monitor.invoices.InvoiceMonitorJob   :   ? Empresa: Cafam suba | Factura: 145075-TPV2-21214
2026-09-07T17:00:13.185-05:00  WARN 37496 --- [Invoice Monitor - Gastoncito] [scheduling-1] com.monitor.invoices.InvoiceMonitorJob   :   ? Empresa: Cafam suba | Factura: 145075-TPV2-21215
2026-09-07T17:00:13.185-05:00  WARN 37496 --- [Invoice Monitor - Gastoncito] [scheduling-1] com.monitor.invoices.InvoiceMonitorJob   :   ? Empresa: Cafam suba | Factura: 145075-TPV2-21216
2026-09-07T17:00:13.185-05:00  WARN 37496 --- [Invoice Monitor - Gastoncito] [scheduling-1] com.monitor.invoices.InvoiceMonitorJob   :   ? Empresa: Cafam suba | Factura: 145075-TPV2-21217
2026-09-07T17:00:13.185-05:00  WARN 37496 --- [Invoice Monitor - Gastoncito] [scheduling-1] com.monitor.invoices.InvoiceMonitorJob   :   ? Empresa: Cafam suba | Factura: 145075-TPV2-21218
2026-09-07T17:00:13.185-05:00  WARN 37496 --- [Invoice Monitor - Gastoncito] [scheduling-1] com.monitor.invoices.InvoiceMonitorJob   :   ? Empresa: Cafam suba | Factura: 145075-TPV2-21219
2026-09-07T17:00:13.185-05:00  WARN 37496 --- [Invoice Monitor - Gastoncito] [scheduling-1] com.monitor.invoices.InvoiceMonitorJob   :   ? Empresa: Cafam suba | Factura: 145075-TPV2-21220
2026-09-07T17:00:13.185-05:00  WARN 37496 --- [Invoice Monitor - Gastoncito] [scheduling-1] com.monitor.invoices.InvoiceMonitorJob   :   ? Empresa: Cafam suba | Factura: 145075-TPV2-21221
2026-09-07T17:00:13.185-05:00  WARN 37496 --- [Invoice Monitor - Gastoncito] [scheduling-1] com.monitor.invoices.InvoiceMonitorJob   :   ? Empresa: Cafam suba | Factura: 145075-TPV2-21222
2026-09-07T17:00:13.185-05:00  WARN 37496 --- [Invoice Monitor - Gastoncito] [scheduling-1] com.monitor.invoices.InvoiceMonitorJob   :   ? Empresa: Cafam suba | Factura: 145075-TPV2-21223
2026-09-07T17:00:13.185-05:00  WARN 37496 --- [Invoice Monitor - Gastoncito] [scheduling-1] com.monitor.invoices.InvoiceMonitorJob   :   ? Empresa: Cafam suba | Factura: 145075-TPV2-21224
2026-09-07T17:00:13.185-05:00  WARN 37496 --- [Invoice Monitor - Gastoncito] [scheduling-1] com.monitor.invoices.InvoiceMonitorJob   :   ? Empresa: Cafam suba | Factura: 145075-TPV2-21225
2026-09-07T17:00:13.185-05:00  WARN 37496 --- [Invoice Monitor - Gastoncito] [scheduling-1] com.monitor.invoices.InvoiceMonitorJob   :   ? Empresa: Cafam suba | Factura: 145075-TPV2-21226
2026-09-07T17:00:13.186-05:00  WARN 37496 --- [Invoice Monitor - Gastoncito] [scheduling-1] com.monitor.invoices.InvoiceMonitorJob   :   ? Empresa: Cafam suba | Factura: 145075-TPV2-21227
2026-09-07T17:00:13.186-05:00  WARN 37496 --- [Invoice Monitor - Gastoncito] [scheduling-1] com.monitor.invoices.InvoiceMonitorJob   :   ? Empresa: Cafam suba | Factura: 145075-TPV2-21228
2026-09-07T17:00:13.186-05:00  WARN 37496 --- [Invoice Monitor - Gastoncito] [scheduling-1] com.monitor.invoices.InvoiceMonitorJob   :   ? Empresa: Cafam suba | Factura: 145075-TPV2-21229
2026-09-07T17:00:13.186-05:00  WARN 37496 --- [Invoice Monitor - Gastoncito] [scheduling-1] com.monitor.invoices.InvoiceMonitorJob   :   ? Empresa: Cafam suba | Factura: 145075-TPV2-21230
2026-09-07T17:00:13.186-05:00  WARN 37496 --- [Invoice Monitor - Gastoncito] [scheduling-1] com.monitor.invoices.InvoiceMonitorJob   :   ? Empresa: Cafam suba | Factura: 145075-TPV2-21231
2026-09-07T17:00:13.186-05:00  WARN 37496 --- [Invoice Monitor - Gastoncito] [scheduling-1] com.monitor.invoices.InvoiceMonitorJob   :   ? Empresa: Cafam suba | Factura: 145075-TPV2-21232
2026-09-07T17:00:13.186-05:00  WARN 37496 --- [Invoice Monitor - Gastoncito] [scheduling-1] com.monitor.invoices.InvoiceMonitorJob   :   ? Empresa: Cafam suba | Factura: 145075-TPV2-21233
2026-09-07T17:00:13.186-05:00  WARN 37496 --- [Invoice Monitor - Gastoncito] [scheduling-1] com.monitor.invoices.InvoiceMonitorJob   :   ? Empresa: Cafam suba | Factura: 145075-TPV2-21234
2026-09-07T17:00:13.186-05:00  WARN 37496 --- [Invoice Monitor - Gastoncito] [scheduling-1] com.monitor.invoices.InvoiceMonitorJob   :   ? Empresa: Cafam suba | Factura: 145075-TPV2-21235
2026-09-07T17:00:13.186-05:00  WARN 37496 --- [Invoice Monitor - Gastoncito] [scheduling-1] com.monitor.invoices.InvoiceMonitorJob   :   ? Empresa: Cafam suba | Factura: 145075-TPV2-21236
2026-09-07T17:00:13.186-05:00  WARN 37496 --- [Invoice Monitor - Gastoncito] [scheduling-1] com.monitor.invoices.InvoiceMonitorJob   :   ? Empresa: Cafam suba | Factura: 145075-TPV2-21237
2026-09-07T17:00:13.186-05:00  WARN 37496 --- [Invoice Monitor - Gastoncito] [scheduling-1] com.monitor.invoices.InvoiceMonitorJob   :   ? Empresa: Cafam suba | Factura: 145075-TPV2-21238
2026-09-07T17:00:13.186-05:00  WARN 37496 --- [Invoice Monitor - Gastoncito] [scheduling-1] com.monitor.invoices.InvoiceMonitorJob   :   ? Empresa: Cafam suba | Factura: 145075-TPV2-21239
2026-09-07T17:00:13.187-05:00  WARN 37496 --- [Invoice Monitor - Gastoncito] [scheduling-1] com.monitor.invoices.InvoiceMonitorJob   :   ? Empresa: Cafam suba | Factura: 145075-TPV2-21240
2026-09-07T17:00:13.187-05:00  WARN 37496 --- [Invoice Monitor - Gastoncito] [scheduling-1] com.monitor.invoices.InvoiceMonitorJob   :   ? Empresa: Cafam suba | Factura: 145075-TPV2-21241
2026-09-07T17:00:13.187-05:00  WARN 37496 --- [Invoice Monitor - Gastoncito] [scheduling-1] com.monitor.invoices.InvoiceMonitorJob   :   ? Empresa: Cafam suba | Factura: 145075-TPV2-21242
2026-09-07T17:00:13.187-05:00  WARN 37496 --- [Invoice Monitor - Gastoncito] [scheduling-1] com.monitor.invoices.InvoiceMonitorJob   :   ? Empresa: Cafam suba | Factura: 145075-TPV2-21243
2026-09-07T17:00:13.187-05:00  WARN 37496 --- [Invoice Monitor - Gastoncito] [scheduling-1] com.monitor.invoices.InvoiceMonitorJob   :   ? Empresa: Cafam suba | Factura: 145075-TPV2-21244
2026-09-07T17:00:13.187-05:00  WARN 37496 --- [Invoice Monitor - Gastoncito] [scheduling-1] com.monitor.invoices.InvoiceMonitorJob   :   ? Empresa: Cafam suba | Factura: 145075-TPV2-21245
2026-09-07T17:00:13.187-05:00  WARN 37496 --- [Invoice Monitor - Gastoncito] [scheduling-1] com.monitor.invoices.InvoiceMonitorJob   :   ? Empresa: Cafam suba | Factura: 145075-TPV2-21246
2026-09-07T17:00:13.187-05:00  WARN 37496 --- [Invoice Monitor - Gastoncito] [scheduling-1] com.monitor.invoices.InvoiceMonitorJob   :   ? Empresa: Cafam suba | Factura: 145075-TPV2-21247
2026-09-07T17:00:13.187-05:00  WARN 37496 --- [Invoice Monitor - Gastoncito] [scheduling-1] com.monitor.invoices.InvoiceMonitorJob   :   ? Empresa: Cafam suba | Factura: 145075-TPV2-21248
2026-09-07T17:00:13.187-05:00  WARN 37496 --- [Invoice Monitor - Gastoncito] [scheduling-1] com.monitor.invoices.InvoiceMonitorJob   :   ? Empresa: Cafam suba | Factura: 145075-TPV2-21249
2026-09-07T17:00:13.187-05:00  WARN 37496 --- [Invoice Monitor - Gastoncito] [scheduling-1] com.monitor.invoices.InvoiceMonitorJob   :   ? Empresa: Cafam suba | Factura: 145075-TPV2-21250
2026-09-07T17:00:13.187-05:00  WARN 37496 --- [Invoice Monitor - Gastoncito] [scheduling-1] com.monitor.invoices.InvoiceMonitorJob   :   ? Empresa: Cafam suba | Factura: 145075-TPV2-21251
2026-09-07T17:00:13.187-05:00  WARN 37496 --- [Invoice Monitor - Gastoncito] [scheduling-1] com.monitor.invoices.InvoiceMonitorJob   :   ? Empresa: Cafam suba | Factura: 145075-TPV2-21252
2026-09-07T17:00:13.187-05:00  WARN 37496 --- [Invoice Monitor - Gastoncito] [scheduling-1] com.monitor.invoices.InvoiceMonitorJob   :   ? Empresa: Cafam suba | Factura: 145075-TPV2-21253
2026-09-07T17:00:13.188-05:00  WARN 37496 --- [Invoice Monitor - Gastoncito] [scheduling-1] com.monitor.invoices.InvoiceMonitorJob   :   ? Empresa: Cafam suba | Factura: 145075-TPV2-21254
2026-09-07T17:00:13.188-05:00  WARN 37496 --- [Invoice Monitor - Gastoncito] [scheduling-1] com.monitor.invoices.InvoiceMonitorJob   :   ? Empresa: Cafam suba | Factura: 145075-TPV2-21255
2026-09-07T17:00:13.188-05:00  WARN 37496 --- [Invoice Monitor - Gastoncito] [scheduling-1] com.monitor.invoices.InvoiceMonitorJob   :   ? Empresa: Cafam suba | Factura: 145075-TPV2-21256
2026-09-07T17:00:13.188-05:00  WARN 37496 --- [Invoice Monitor - Gastoncito] [scheduling-1] com.monitor.invoices.InvoiceMonitorJob   :   ? Empresa: Cafam suba | Factura: 145075-TPV2-21257
2026-09-07T17:00:13.188-05:00  WARN 37496 --- [Invoice Monitor - Gastoncito] [scheduling-1] com.monitor.invoices.InvoiceMonitorJob   :   ? Empresa: Cafam suba | Factura: 145075-TPV2-21258
2026-09-07T17:00:13.188-05:00  WARN 37496 --- [Invoice Monitor - Gastoncito] [scheduling-1] com.monitor.invoices.InvoiceMonitorJob   :   ? Empresa: Cafam suba | Factura: 145075-TPV2-21259
2026-09-07T17:00:13.188-05:00  WARN 37496 --- [Invoice Monitor - Gastoncito] [scheduling-1] com.monitor.invoices.InvoiceMonitorJob   :   ? Empresa: Cafam suba | Factura: 145075-TPV2-21260
2026-09-07T17:00:13.188-05:00  WARN 37496 --- [Invoice Monitor - Gastoncito] [scheduling-1] com.monitor.invoices.InvoiceMonitorJob   :   ? Empresa: Cafam suba | Factura: 145075-TPV2-21261
2026-09-07T17:00:13.188-05:00  WARN 37496 --- [Invoice Monitor - Gastoncito] [scheduling-1] com.monitor.invoices.InvoiceMonitorJob   :   ? Empresa: Cafam suba | Factura: 145075-TPV2-21262
2026-09-07T17:00:13.189-05:00  WARN 37496 --- [Invoice Monitor - Gastoncito] [scheduling-1] com.monitor.invoices.InvoiceMonitorJob   :   ? Empresa: Cafam suba | Factura: 145075-TPV2-21263
2026-09-07T17:00:13.189-05:00  WARN 37496 --- [Invoice Monitor - Gastoncito] [scheduling-1] com.monitor.invoices.InvoiceMonitorJob   :   ? Empresa: Cafam suba | Factura: 145075-TPV2-21264
2026-09-07T17:00:13.189-05:00  WARN 37496 --- [Invoice Monitor - Gastoncito] [scheduling-1] com.monitor.invoices.InvoiceMonitorJob   :   ? Empresa: Cafam suba | Factura: 145075-TPV2-21265
2026-09-07T17:00:13.189-05:00  WARN 37496 --- [Invoice Monitor - Gastoncito] [scheduling-1] com.monitor.invoices.InvoiceMonitorJob   :   ? Empresa: Cafam suba | Factura: 145075-TPV2-21266
2026-09-07T17:00:13.189-05:00  WARN 37496 --- [Invoice Monitor - Gastoncito] [scheduling-1] com.monitor.invoices.InvoiceMonitorJob   :   ? Empresa: Cafam suba | Factura: 145075-TPV2-21267
2026-09-07T17:00:13.189-05:00  WARN 37496 --- [Invoice Monitor - Gastoncito] [scheduling-1] com.monitor.invoices.InvoiceMonitorJob   :   ? Empresa: Cafam suba | Factura: 145075-TPV2-21268
2026-09-07T17:00:13.189-05:00  WARN 37496 --- [Invoice Monitor - Gastoncito] [scheduling-1] com.monitor.invoices.InvoiceMonitorJob   :   ? Empresa: Cafam suba | Factura: 145075-TPV2-21269
2026-09-07T17:00:13.189-05:00  WARN 37496 --- [Invoice Monitor - Gastoncito] [scheduling-1] com.monitor.invoices.InvoiceMonitorJob   :   ? Empresa: Cafam suba | Factura: 145075-TPV2-21270
2026-09-07T17:00:13.189-05:00  WARN 37496 --- [Invoice Monitor - Gastoncito] [scheduling-1] com.monitor.invoices.InvoiceMonitorJob   :   ? Empresa: Cafam suba | Factura: 145075-TPV2-21271
2026-09-07T17:00:13.189-05:00  WARN 37496 --- [Invoice Monitor - Gastoncito] [scheduling-1] com.monitor.invoices.InvoiceMonitorJob   :   ? Empresa: Cafam suba | Factura: 145075-TPV2-21272
2026-09-07T17:00:13.190-05:00  WARN 37496 --- [Invoice Monitor - Gastoncito] [scheduling-1] com.monitor.invoices.InvoiceMonitorJob   :   ? Empresa: Cafam suba | Factura: 145075-TPV2-21273
2026-09-07T17:00:13.190-05:00  WARN 37496 --- [Invoice Monitor - Gastoncito] [scheduling-1] com.monitor.invoices.InvoiceMonitorJob   :   ? Empresa: Cafam suba | Factura: 145075-TPV2-21274
2026-09-07T17:00:13.190-05:00  WARN 37496 --- [Invoice Monitor - Gastoncito] [scheduling-1] com.monitor.invoices.InvoiceMonitorJob   :   ? Empresa: Cafam suba | Factura: 145075-TPV2-21275
2026-09-07T17:00:13.190-05:00  WARN 37496 --- [Invoice Monitor - Gastoncito] [scheduling-1] com.monitor.invoices.InvoiceMonitorJob   :   ? Empresa: Cafam suba | Factura: 145075-TPV2-21276
2026-09-07T17:00:13.190-05:00  WARN 37496 --- [Invoice Monitor - Gastoncito] [scheduling-1] com.monitor.invoices.InvoiceMonitorJob   :   ? Empresa: Cafam suba | Factura: 145075-TPV2-21277
2026-09-07T17:00:13.190-05:00  WARN 37496 --- [Invoice Monitor - Gastoncito] [scheduling-1] com.monitor.invoices.InvoiceMonitorJob   :   ? Empresa: Cafam suba | Factura: 145075-TPV2-21278
2026-09-07T17:00:13.190-05:00  WARN 37496 --- [Invoice Monitor - Gastoncito] [scheduling-1] com.monitor.invoices.InvoiceMonitorJob   :   ? Empresa: Cafam suba | Factura: 145075-TPV2-21279
2026-09-07T17:00:13.190-05:00  WARN 37496 --- [Invoice Monitor - Gastoncito] [scheduling-1] com.monitor.invoices.InvoiceMonitorJob   :   ? Empresa: Cafam suba | Factura: 145075-TPV2-21280
2026-09-07T17:00:13.190-05:00  WARN 37496 --- [Invoice Monitor - Gastoncito] [scheduling-1] com.monitor.invoices.InvoiceMonitorJob   :   ? Empresa: Cafam suba | Factura: 145075-TPV2-21281
2026-09-07T17:00:13.190-05:00  WARN 37496 --- [Invoice Monitor - Gastoncito] [scheduling-1] com.monitor.invoices.InvoiceMonitorJob   :   ? Empresa: Cafam suba | Factura: 145075-TPV2-21282
2026-09-07T17:00:13.191-05:00  WARN 37496 --- [Invoice Monitor - Gastoncito] [scheduling-1] com.monitor.invoices.InvoiceMonitorJob   :   ? Empresa: Cafam suba | Factura: 145075-TPV2-21283
2026-09-07T17:00:13.191-05:00  WARN 37496 --- [Invoice Monitor - Gastoncito] [scheduling-1] com.monitor.invoices.InvoiceMonitorJob   :   ? Empresa: Cafam suba | Factura: 145075-TPV2-21284
2026-09-07T17:00:13.191-05:00  WARN 37496 --- [Invoice Monitor - Gastoncito] [scheduling-1] com.monitor.invoices.InvoiceMonitorJob   :   ? Empresa: Cafam suba | Factura: 145075-TPV2-21285
2026-09-07T17:00:13.191-05:00  WARN 37496 --- [Invoice Monitor - Gastoncito] [scheduling-1] com.monitor.invoices.InvoiceMonitorJob   :   ? Empresa: Cafam suba | Factura: 145075-TPV2-21286
2026-09-07T17:00:13.191-05:00  WARN 37496 --- [Invoice Monitor - Gastoncito] [scheduling-1] com.monitor.invoices.InvoiceMonitorJob   :   ? Empresa: Cafam suba | Factura: 145075-TPV2-21287
2026-09-07T17:00:13.191-05:00  WARN 37496 --- [Invoice Monitor - Gastoncito] [scheduling-1] com.monitor.invoices.InvoiceMonitorJob   :   ? Empresa: Cafam suba | Factura: 145075-TPV2-21288
2026-09-07T17:00:13.192-05:00  WARN 37496 --- [Invoice Monitor - Gastoncito] [scheduling-1] com.monitor.invoices.InvoiceMonitorJob   :   ? Empresa: Cafam suba | Factura: 145075-TPV2-21289
2026-09-07T17:00:13.192-05:00  WARN 37496 --- [Invoice Monitor - Gastoncito] [scheduling-1] com.monitor.invoices.InvoiceMonitorJob   :   ? Empresa: Cafam suba | Factura: 145075-TPV2-21290
2026-09-07T17:00:13.192-05:00  WARN 37496 --- [Invoice Monitor - Gastoncito] [scheduling-1] com.monitor.invoices.InvoiceMonitorJob   :   ? Empresa: Cafam suba | Factura: 145075-TPV2-21291
2026-09-07T17:00:13.192-05:00  WARN 37496 --- [Invoice Monitor - Gastoncito] [scheduling-1] com.monitor.invoices.InvoiceMonitorJob   :   ? Empresa: Cafam suba | Factura: 145075-TPV2-21292
2026-09-07T17:00:13.192-05:00  WARN 37496 --- [Invoice Monitor - Gastoncito] [scheduling-1] com.monitor.invoices.InvoiceMonitorJob   :   ? Empresa: Cafam suba | Factura: 145075-TPV2-21293
2026-09-07T17:00:13.192-05:00  WARN 37496 --- [Invoice Monitor - Gastoncito] [scheduling-1] com.monitor.invoices.InvoiceMonitorJob   :   ? Empresa: Cafam suba | Factura: 145075-TPV2-21294
2026-09-07T17:00:13.192-05:00  WARN 37496 --- [Invoice Monitor - Gastoncito] [scheduling-1] com.monitor.invoices.InvoiceMonitorJob   :   ? Empresa: Cafam suba | Factura: 145075-TPV2-21295
2026-09-07T17:00:13.192-05:00  WARN 37496 --- [Invoice Monitor - Gastoncito] [scheduling-1] com.monitor.invoices.InvoiceMonitorJob   :   ? Empresa: Cafam suba | Factura: 145075-TPV2-21296
2026-09-07T17:00:13.192-05:00  WARN 37496 --- [Invoice Monitor - Gastoncito] [scheduling-1] com.monitor.invoices.InvoiceMonitorJob   :   ? Empresa: Cafam suba | Factura: 145075-TPV2-21297
2026-09-07T17:00:13.193-05:00  WARN 37496 --- [Invoice Monitor - Gastoncito] [scheduling-1] com.monitor.invoices.InvoiceMonitorJob   :   ? Empresa: Cafam suba | Factura: 145075-TPV2-21298
2026-09-07T17:00:13.193-05:00  WARN 37496 --- [Invoice Monitor - Gastoncito] [scheduling-1] com.monitor.invoices.InvoiceMonitorJob   :   ? Empresa: Cafam suba | Factura: 145075-TPV2-21299
2026-09-07T17:00:13.193-05:00  WARN 37496 --- [Invoice Monitor - Gastoncito] [scheduling-1] com.monitor.invoices.InvoiceMonitorJob   :   ? Empresa: Cafam suba | Factura: 145075-TPV2-21300
2026-09-07T17:00:13.193-05:00  WARN 37496 --- [Invoice Monitor - Gastoncito] [scheduling-1] com.monitor.invoices.InvoiceMonitorJob   :   ? Empresa: Cafam suba | Factura: 145075-TPV2-21301
2026-09-07T17:00:13.193-05:00  WARN 37496 --- [Invoice Monitor - Gastoncito] [scheduling-1] com.monitor.invoices.InvoiceMonitorJob   :   ? Empresa: Cafam suba | Factura: 145075-TPV2-21302
2026-09-07T17:00:13.193-05:00  WARN 37496 --- [Invoice Monitor - Gastoncito] [scheduling-1] com.monitor.invoices.InvoiceMonitorJob   :   ? Empresa: Cafam suba | Factura: 145075-TPV2-21303
2026-09-07T17:00:13.193-05:00  WARN 37496 --- [Invoice Monitor - Gastoncito] [scheduling-1] com.monitor.invoices.InvoiceMonitorJob   :   ? Empresa: Cafam suba | Factura: 145075-TPV2-21304
2026-09-07T17:00:13.193-05:00  WARN 37496 --- [Invoice Monitor - Gastoncito] [scheduling-1] com.monitor.invoices.InvoiceMonitorJob   :   ? Empresa: Cafam suba | Factura: 145075-TPV2-21305
2026-09-07T17:00:13.193-05:00  WARN 37496 --- [Invoice Monitor - Gastoncito] [scheduling-1] com.monitor.invoices.InvoiceMonitorJob   :   ? Empresa: Cafam suba | Factura: 145075-TPV2-21306
2026-09-07T17:00:13.194-05:00  WARN 37496 --- [Invoice Monitor - Gastoncito] [scheduling-1] com.monitor.invoices.InvoiceMonitorJob   :   ? Empresa: Cafam suba | Factura: 145075-TPV2-21307
2026-09-07T17:00:13.194-05:00  WARN 37496 --- [Invoice Monitor - Gastoncito] [scheduling-1] com.monitor.invoices.InvoiceMonitorJob   :   ? Empresa: Cafam suba | Factura: 145075-TPV2-21308
2026-09-07T17:00:13.194-05:00  WARN 37496 --- [Invoice Monitor - Gastoncito] [scheduling-1] com.monitor.invoices.InvoiceMonitorJob   :   ? Empresa: Cafam suba | Factura: 145075-TPV2-21309
2026-09-07T17:00:13.194-05:00  WARN 37496 --- [Invoice Monitor - Gastoncito] [scheduling-1] com.monitor.invoices.InvoiceMonitorJob   :   ? Empresa: Cafam suba | Factura: 145075-TPV2-21310
2026-09-07T17:00:13.194-05:00  WARN 37496 --- [Invoice Monitor - Gastoncito] [scheduling-1] com.monitor.invoices.InvoiceMonitorJob   :   ? Empresa: Cafam suba | Factura: 145075-TPV2-21311
2026-09-07T17:00:13.194-05:00  WARN 37496 --- [Invoice Monitor - Gastoncito] [scheduling-1] com.monitor.invoices.InvoiceMonitorJob   :   ? Empresa: Cafam suba | Factura: 145075-TPV2-21312
2026-09-07T17:00:13.194-05:00  WARN 37496 --- [Invoice Monitor - Gastoncito] [scheduling-1] com.monitor.invoices.InvoiceMonitorJob   :   ? Empresa: Cafam suba | Factura: 145075-TPV2-21313
2026-09-07T17:00:13.194-05:00  WARN 37496 --- [Invoice Monitor - Gastoncito] [scheduling-1] com.monitor.invoices.InvoiceMonitorJob   :   ? Empresa: Cafam suba | Factura: 145075-TPV2-21314
2026-09-07T17:00:13.194-05:00  WARN 37496 --- [Invoice Monitor - Gastoncito] [scheduling-1] com.monitor.invoices.InvoiceMonitorJob   :   ? Empresa: Cafam suba | Factura: 145075-TPV2-21315
2026-09-07T17:00:13.194-05:00  WARN 37496 --- [Invoice Monitor - Gastoncito] [scheduling-1] com.monitor.invoices.InvoiceMonitorJob   :   ? Empresa: Cafam suba | Factura: 145075-TPV2-21316
2026-09-07T17:00:13.195-05:00  WARN 37496 --- [Invoice Monitor - Gastoncito] [scheduling-1] com.monitor.invoices.InvoiceMonitorJob   :   ? Empresa: Cafam suba | Factura: 145075-TPV2-21317
2026-09-07T17:00:13.195-05:00  WARN 37496 --- [Invoice Monitor - Gastoncito] [scheduling-1] com.monitor.invoices.InvoiceMonitorJob   :   ? Empresa: Cafam suba | Factura: 145075-TPV2-21318
2026-09-07T17:00:13.195-05:00  WARN 37496 --- [Invoice Monitor - Gastoncito] [scheduling-1] com.monitor.invoices.InvoiceMonitorJob   :   ? Empresa: Cafam suba | Factura: 145075-TPV2-21319
2026-09-07T17:00:13.195-05:00  WARN 37496 --- [Invoice Monitor - Gastoncito] [scheduling-1] com.monitor.invoices.InvoiceMonitorJob   :   ? Empresa: Cafam suba | Factura: 145075-TPV2-21320
2026-09-07T17:00:13.195-05:00  WARN 37496 --- [Invoice Monitor - Gastoncito] [scheduling-1] com.monitor.invoices.InvoiceMonitorJob   :   ? Empresa: Cafam suba | Factura: 145075-TPV2-21321
2026-09-07T17:00:13.195-05:00  WARN 37496 --- [Invoice Monitor - Gastoncito] [scheduling-1] com.monitor.invoices.InvoiceMonitorJob   :   ? Empresa: Cafam suba | Factura: 145075-TPV2-21322
2026-09-07T17:00:13.195-05:00  WARN 37496 --- [Invoice Monitor - Gastoncito] [scheduling-1] com.monitor.invoices.InvoiceMonitorJob   :   ? Empresa: Cafam suba | Factura: 145075-TPV2-21323
2026-09-07T17:00:13.195-05:00  WARN 37496 --- [Invoice Monitor - Gastoncito] [scheduling-1] com.monitor.invoices.InvoiceMonitorJob   :   ? Empresa: Cafam suba | Factura: 145075-TPV2-21324
2026-09-07T17:00:13.196-05:00  WARN 37496 --- [Invoice Monitor - Gastoncito] [scheduling-1] com.monitor.invoices.InvoiceMonitorJob   :   ? Empresa: Cafam suba | Factura: 145075-TPV2-21325
2026-09-07T17:00:13.196-05:00  WARN 37496 --- [Invoice Monitor - Gastoncito] [scheduling-1] com.monitor.invoices.InvoiceMonitorJob   :   ? Empresa: Cafam suba | Factura: 145075-TPV2-21326
2026-09-07T17:00:13.196-05:00  WARN 37496 --- [Invoice Monitor - Gastoncito] [scheduling-1] com.monitor.invoices.InvoiceMonitorJob   :   ? Empresa: Cafam suba | Factura: 145075-TPV2-21327
2026-09-07T17:00:13.196-05:00  WARN 37496 --- [Invoice Monitor - Gastoncito] [scheduling-1] com.monitor.invoices.InvoiceMonitorJob   :   ? Empresa: Cafam suba | Factura: 145075-TPV2-21328
2026-09-07T17:00:13.196-05:00  WARN 37496 --- [Invoice Monitor - Gastoncito] [scheduling-1] com.monitor.invoices.InvoiceMonitorJob   :   ? Empresa: Cafam suba | Factura: 145075-TPV2-21329
2026-09-07T17:00:13.196-05:00  WARN 37496 --- [Invoice Monitor - Gastoncito] [scheduling-1] com.monitor.invoices.InvoiceMonitorJob   :   ? Empresa: Cafam suba | Factura: 145075-TPV2-21330
2026-09-07T17:00:13.196-05:00  WARN 37496 --- [Invoice Monitor - Gastoncito] [scheduling-1] com.monitor.invoices.InvoiceMonitorJob   :   ? Empresa: Cafam suba | Factura: 145075-TPV2-21331
2026-09-07T17:00:13.196-05:00  WARN 37496 --- [Invoice Monitor - Gastoncito] [scheduling-1] com.monitor.invoices.InvoiceMonitorJob   :   ? Empresa: Cafam suba | Factura: 145075-TPV2-21332
2026-09-07T17:00:13.197-05:00  WARN 37496 --- [Invoice Monitor - Gastoncito] [scheduling-1] com.monitor.invoices.InvoiceMonitorJob   :   ? Empresa: Cafam suba | Factura: 145075-TPV2-21333
2026-09-07T17:00:13.197-05:00  WARN 37496 --- [Invoice Monitor - Gastoncito] [scheduling-1] com.monitor.invoices.InvoiceMonitorJob   :   ? Empresa: Cafam suba | Factura: 145075-TPV2-21334
2026-09-07T17:00:13.197-05:00  WARN 37496 --- [Invoice Monitor - Gastoncito] [scheduling-1] com.monitor.invoices.InvoiceMonitorJob   :   ? Empresa: Cafam suba | Factura: 145075-TPV2-21335
2026-09-07T17:00:13.197-05:00  WARN 37496 --- [Invoice Monitor - Gastoncito] [scheduling-1] com.monitor.invoices.InvoiceMonitorJob   :   ? Empresa: Cafam suba | Factura: 145075-TPV2-21336
2026-09-07T17:00:13.197-05:00  WARN 37496 --- [Invoice Monitor - Gastoncito] [scheduling-1] com.monitor.invoices.InvoiceMonitorJob   :   ? Empresa: Cafam suba | Factura: 145075-TPV2-21337
2026-09-07T17:00:13.197-05:00  WARN 37496 --- [Invoice Monitor - Gastoncito] [scheduling-1] com.monitor.invoices.InvoiceMonitorJob   :   ? Empresa: Cafam suba | Factura: 145075-TPV2-21338
2026-09-07T17:00:13.197-05:00  WARN 37496 --- [Invoice Monitor - Gastoncito] [scheduling-1] com.monitor.invoices.InvoiceMonitorJob   :   ? Empresa: Cafam suba | Factura: 145075-TPV2-21339
2026-09-07T17:00:13.197-05:00  WARN 37496 --- [Invoice Monitor - Gastoncito] [scheduling-1] com.monitor.invoices.InvoiceMonitorJob   :   ? Empresa: Cafam suba | Factura: 145075-TPV2-21340
2026-09-07T17:00:13.197-05:00  WARN 37496 --- [Invoice Monitor - Gastoncito] [scheduling-1] com.monitor.invoices.InvoiceMonitorJob   :   ? Empresa: Cafam suba | Factura: 145075-TPV2-21341
2026-09-07T17:00:13.197-05:00  WARN 37496 --- [Invoice Monitor - Gastoncito] [scheduling-1] com.monitor.invoices.InvoiceMonitorJob   :   ? Empresa: Cafam suba | Factura: 145075-TPV2-21342
2026-09-07T17:00:13.197-05:00  WARN 37496 --- [Invoice Monitor - Gastoncito] [scheduling-1] com.monitor.invoices.InvoiceMonitorJob   :   ? Empresa: Cafam suba | Factura: 145075-TPV2-21343
2026-09-07T17:00:13.197-05:00  WARN 37496 --- [Invoice Monitor - Gastoncito] [scheduling-1] com.monitor.invoices.InvoiceMonitorJob   :   ? Empresa: Cafam suba | Factura: 145075-TPV2-21344
2026-09-07T17:00:13.198-05:00  WARN 37496 --- [Invoice Monitor - Gastoncito] [scheduling-1] com.monitor.invoices.InvoiceMonitorJob   :   ? Empresa: Cafam suba | Factura: 145075-TPV2-21345
2026-09-07T17:00:13.198-05:00  WARN 37496 --- [Invoice Monitor - Gastoncito] [scheduling-1] com.monitor.invoices.InvoiceMonitorJob   :   ? Empresa: Cafam suba | Factura: 145075-TPV2-21346
2026-09-07T17:00:13.198-05:00  WARN 37496 --- [Invoice Monitor - Gastoncito] [scheduling-1] com.monitor.invoices.InvoiceMonitorJob   :   ? Empresa: Cafam suba | Factura: 145075-TPV2-21347
2026-09-07T17:00:13.198-05:00  WARN 37496 --- [Invoice Monitor - Gastoncito] [scheduling-1] com.monitor.invoices.InvoiceMonitorJob   :   ? Empresa: Cafam suba | Factura: 145075-TPV2-21348
2026-09-07T17:00:13.198-05:00  WARN 37496 --- [Invoice Monitor - Gastoncito] [scheduling-1] com.monitor.invoices.InvoiceMonitorJob   :   ? Empresa: Cafam suba | Factura: 145075-TPV2-21349
2026-09-07T17:00:13.198-05:00  WARN 37496 --- [Invoice Monitor - Gastoncito] [scheduling-1] com.monitor.invoices.InvoiceMonitorJob   :   ? Empresa: Cafam suba | Factura: 145075-TPV2-21350
2026-09-07T17:00:13.198-05:00  WARN 37496 --- [Invoice Monitor - Gastoncito] [scheduling-1] com.monitor.invoices.InvoiceMonitorJob   :   ? Empresa: Cafam suba | Factura: 145075-TPV2-21351
2026-09-07T17:00:13.198-05:00  WARN 37496 --- [Invoice Monitor - Gastoncito] [scheduling-1] com.monitor.invoices.InvoiceMonitorJob   :   ? Empresa: Cafam suba | Factura: 145075-TPV2-21352
2026-09-07T17:00:13.198-05:00  WARN 37496 --- [Invoice Monitor - Gastoncito] [scheduling-1] com.monitor.invoices.InvoiceMonitorJob   :   ? Empresa: Cafam suba | Factura: 145075-TPV2-21353
2026-09-07T17:00:13.198-05:00  WARN 37496 --- [Invoice Monitor - Gastoncito] [scheduling-1] com.monitor.invoices.InvoiceMonitorJob   :   ? Empresa: Cafam suba | Factura: 145075-TPV2-21354
2026-09-07T17:00:13.198-05:00  WARN 37496 --- [Invoice Monitor - Gastoncito] [scheduling-1] com.monitor.invoices.InvoiceMonitorJob   :   ? Empresa: Cafam suba | Factura: 145075-TPV2-21355
2026-09-07T17:00:13.198-05:00  WARN 37496 --- [Invoice Monitor - Gastoncito] [scheduling-1] com.monitor.invoices.InvoiceMonitorJob   :   ? Empresa: Cafam suba | Factura: 145075-TPV2-21356
2026-09-07T17:00:13.198-05:00  WARN 37496 --- [Invoice Monitor - Gastoncito] [scheduling-1] com.monitor.invoices.InvoiceMonitorJob   :   ? Empresa: Cafam suba | Factura: 145075-TPV2-21357
2026-09-07T17:00:13.198-05:00  WARN 37496 --- [Invoice Monitor - Gastoncito] [scheduling-1] com.monitor.invoices.InvoiceMonitorJob   :   ? Empresa: Cafam suba | Factura: 145075-TPV2-21358
2026-09-07T17:00:13.199-05:00  WARN 37496 --- [Invoice Monitor - Gastoncito] [scheduling-1] com.monitor.invoices.InvoiceMonitorJob   :   ? Empresa: Cafam suba | Factura: 145075-TPV2-21359
2026-09-07T17:00:13.199-05:00  WARN 37496 --- [Invoice Monitor - Gastoncito] [scheduling-1] com.monitor.invoices.InvoiceMonitorJob   :   ? Empresa: Cafam suba | Factura: 145075-TPV2-21360
2026-09-07T17:00:13.199-05:00  WARN 37496 --- [Invoice Monitor - Gastoncito] [scheduling-1] com.monitor.invoices.InvoiceMonitorJob   :   ? Empresa: Cafam suba | Factura: 145075-TPV2-21361
2026-09-07T17:00:13.199-05:00  WARN 37496 --- [Invoice Monitor - Gastoncito] [scheduling-1] com.monitor.invoices.InvoiceMonitorJob   :   ? Empresa: Cafam suba | Factura: 145075-TPV2-21362
2026-09-07T17:00:13.199-05:00  WARN 37496 --- [Invoice Monitor - Gastoncito] [scheduling-1] com.monitor.invoices.InvoiceMonitorJob   :   ? Empresa: Cafam suba | Factura: 145075-TPV2-21363
2026-09-07T17:00:13.199-05:00  WARN 37496 --- [Invoice Monitor - Gastoncito] [scheduling-1] com.monitor.invoices.InvoiceMonitorJob   :   ? Empresa: Cafam suba | Factura: 145075-TPV2-21377
2026-09-07T17:00:13.199-05:00  WARN 37496 --- [Invoice Monitor - Gastoncito] [scheduling-1] com.monitor.invoices.InvoiceMonitorJob   :   ? Empresa: Cafam suba | Factura: 145075-TPV2-21378
2026-09-07T17:00:13.199-05:00  WARN 37496 --- [Invoice Monitor - Gastoncito] [scheduling-1] com.monitor.invoices.InvoiceMonitorJob   :   ? Empresa: Cafam suba | Factura: 145075-TPV2-21379
2026-09-07T17:00:13.199-05:00  WARN 37496 --- [Invoice Monitor - Gastoncito] [scheduling-1] com.monitor.invoices.InvoiceMonitorJob   :   ? Empresa: Cafam suba | Factura: 145075-TPV2-21380
2026-09-07T17:00:13.199-05:00  WARN 37496 --- [Invoice Monitor - Gastoncito] [scheduling-1] com.monitor.invoices.InvoiceMonitorJob   :   ? Empresa: Cafam suba | Factura: 145075-TPV2-21381
2026-09-07T17:00:13.199-05:00  WARN 37496 --- [Invoice Monitor - Gastoncito] [scheduling-1] com.monitor.invoices.InvoiceMonitorJob   :   ? Empresa: Cafam suba | Factura: 145075-TPV2-21382
2026-09-07T17:00:13.199-05:00  WARN 37496 --- [Invoice Monitor - Gastoncito] [scheduling-1] com.monitor.invoices.InvoiceMonitorJob   :   ? Empresa: Cafam suba | Factura: 145075-TPV2-21383
2026-09-07T17:00:13.199-05:00  WARN 37496 --- [Invoice Monitor - Gastoncito] [scheduling-1] com.monitor.invoices.InvoiceMonitorJob   :   ? Empresa: Cafam suba | Factura: 145075-TPV2-21384
2026-09-07T17:00:13.200-05:00  WARN 37496 --- [Invoice Monitor - Gastoncito] [scheduling-1] com.monitor.invoices.InvoiceMonitorJob   :   ? Empresa: Cafam suba | Factura: 145075-TPV2-21385
2026-09-07T17:00:13.200-05:00  WARN 37496 --- [Invoice Monitor - Gastoncito] [scheduling-1] com.monitor.invoices.InvoiceMonitorJob   :   ? Empresa: Cafam suba | Factura: 145075-TPV2-21413
2026-09-07T17:00:13.200-05:00  WARN 37496 --- [Invoice Monitor - Gastoncito] [scheduling-1] com.monitor.invoices.InvoiceMonitorJob   :   ? Empresa: Cafam suba | Factura: 145075-TPV2-21414
2026-09-07T17:00:13.200-05:00  WARN 37496 --- [Invoice Monitor - Gastoncito] [scheduling-1] com.monitor.invoices.InvoiceMonitorJob   :   ? Empresa: Cafam suba | Factura: 145075-TPV2-21415
2026-09-07T17:00:13.200-05:00  WARN 37496 --- [Invoice Monitor - Gastoncito] [scheduling-1] com.monitor.invoices.InvoiceMonitorJob   :   ? Empresa: Cafam suba | Factura: 145075-TPV2-21416
2026-09-07T17:00:13.200-05:00  WARN 37496 --- [Invoice Monitor - Gastoncito] [scheduling-1] com.monitor.invoices.InvoiceMonitorJob   :   ? Empresa: Cafam suba | Factura: 145075-TPV2-21417
2026-09-07T17:00:13.200-05:00  WARN 37496 --- [Invoice Monitor - Gastoncito] [scheduling-1] com.monitor.invoices.InvoiceMonitorJob   :   ? Empresa: Cafam suba | Factura: 145075-TPV2-21418
2026-09-07T17:00:13.200-05:00  WARN 37496 --- [Invoice Monitor - Gastoncito] [scheduling-1] com.monitor.invoices.InvoiceMonitorJob   :   ? Empresa: Cafam suba | Factura: 145075-TPV2-21419
2026-09-07T17:00:13.200-05:00  WARN 37496 --- [Invoice Monitor - Gastoncito] [scheduling-1] com.monitor.invoices.InvoiceMonitorJob   :   ? Empresa: Cafam suba | Factura: 145075-TPV2-21420
2026-09-07T17:00:13.200-05:00  WARN 37496 --- [Invoice Monitor - Gastoncito] [scheduling-1] com.monitor.invoices.InvoiceMonitorJob   :   ? Empresa: Cafam suba | Factura: 145075-TPV2-21421
2026-09-07T17:00:13.200-05:00  WARN 37496 --- [Invoice Monitor - Gastoncito] [scheduling-1] com.monitor.invoices.InvoiceMonitorJob   :   ? Empresa: Cafam suba | Factura: 145075-TPV2-21422
2026-09-07T17:00:13.200-05:00  WARN 37496 --- [Invoice Monitor - Gastoncito] [scheduling-1] com.monitor.invoices.InvoiceMonitorJob   :   ? Empresa: Cafam suba | Factura: 145075-TPV2-21423
2026-09-07T17:00:13.200-05:00  WARN 37496 --- [Invoice Monitor - Gastoncito] [scheduling-1] com.monitor.invoices.InvoiceMonitorJob   :   ? Empresa: Cafam suba | Factura: 145075-TPV2-21424
2026-09-07T17:00:13.200-05:00  WARN 37496 --- [Invoice Monitor - Gastoncito] [scheduling-1] com.monitor.invoices.InvoiceMonitorJob   :   ? Empresa: Cafam suba | Factura: 145075-TPV2-21425
2026-09-07T17:00:13.200-05:00  WARN 37496 --- [Invoice Monitor - Gastoncito] [scheduling-1] com.monitor.invoices.InvoiceMonitorJob   :   ? Empresa: Cafam suba | Factura: 145075-TPV2-21426
2026-09-07T17:00:13.201-05:00  WARN 37496 --- [Invoice Monitor - Gastoncito] [scheduling-1] com.monitor.invoices.InvoiceMonitorJob   :   ? Empresa: Cafam suba | Factura: 145075-TPV2-21427
2026-09-07T17:00:13.201-05:00  WARN 37496 --- [Invoice Monitor - Gastoncito] [scheduling-1] com.monitor.invoices.InvoiceMonitorJob   :   ? Empresa: Cafam suba | Factura: 145075-TPV2-21428
2026-09-07T17:00:13.201-05:00  WARN 37496 --- [Invoice Monitor - Gastoncito] [scheduling-1] com.monitor.invoices.InvoiceMonitorJob   :   ? Empresa: Cafam suba | Factura: 145075-TPV2-21429
2026-09-07T17:00:13.201-05:00  WARN 37496 --- [Invoice Monitor - Gastoncito] [scheduling-1] com.monitor.invoices.InvoiceMonitorJob   :   ? Empresa: Cafam suba | Factura: 145075-TPV2-21430
2026-09-07T17:00:13.201-05:00  WARN 37496 --- [Invoice Monitor - Gastoncito] [scheduling-1] com.monitor.invoices.InvoiceMonitorJob   :   ? Empresa: Cafam suba | Factura: 145075-TPV2-21431
2026-09-07T17:00:13.201-05:00  WARN 37496 --- [Invoice Monitor - Gastoncito] [scheduling-1] com.monitor.invoices.InvoiceMonitorJob   :   ? Empresa: Cafam suba | Factura: 145075-TPV2-21432
2026-09-07T17:00:13.201-05:00  WARN 37496 --- [Invoice Monitor - Gastoncito] [scheduling-1] com.monitor.invoices.InvoiceMonitorJob   :   ? Empresa: Cafam suba | Factura: 145075-TPV2-21433
2026-09-07T17:00:13.201-05:00  WARN 37496 --- [Invoice Monitor - Gastoncito] [scheduling-1] com.monitor.invoices.InvoiceMonitorJob   :   ? Empresa: Cafam suba | Factura: 145075-TPV2-21434
2026-09-07T17:00:13.201-05:00  WARN 37496 --- [Invoice Monitor - Gastoncito] [scheduling-1] com.monitor.invoices.InvoiceMonitorJob   :   ? Empresa: Cafam suba | Factura: 145075-TPV2-21435
2026-09-07T17:00:13.201-05:00  WARN 37496 --- [Invoice Monitor - Gastoncito] [scheduling-1] com.monitor.invoices.InvoiceMonitorJob   :   ? Empresa: Cafam suba | Factura: 145075-TPV2-21436
2026-09-07T17:00:13.201-05:00  WARN 37496 --- [Invoice Monitor - Gastoncito] [scheduling-1] com.monitor.invoices.InvoiceMonitorJob   :   ? Empresa: Cafam suba | Factura: 145075-TPV2-21437
2026-09-07T17:00:13.201-05:00  WARN 37496 --- [Invoice Monitor - Gastoncito] [scheduling-1] com.monitor.invoices.InvoiceMonitorJob   :   ? Empresa: Cafam suba | Factura: 145075-TPV2-21438
2026-09-07T17:00:13.201-05:00  WARN 37496 --- [Invoice Monitor - Gastoncito] [scheduling-1] com.monitor.invoices.InvoiceMonitorJob   :   ? Empresa: Cafam suba | Factura: 145075-TPV2-21439
2026-09-07T17:00:13.201-05:00  WARN 37496 --- [Invoice Monitor - Gastoncito] [scheduling-1] com.monitor.invoices.InvoiceMonitorJob   :   ? Empresa: Cafam suba | Factura: 145075-TPV2-21440
2026-09-07T17:00:13.202-05:00  WARN 37496 --- [Invoice Monitor - Gastoncito] [scheduling-1] com.monitor.invoices.InvoiceMonitorJob   :   ? Empresa: Cafam suba | Factura: 145075-TPV2-21441
2026-09-07T17:00:13.202-05:00  WARN 37496 --- [Invoice Monitor - Gastoncito] [scheduling-1] com.monitor.invoices.InvoiceMonitorJob   :   ? Empresa: Cafam suba | Factura: 145075-TPV2-21442
2026-09-07T17:00:13.202-05:00  WARN 37496 --- [Invoice Monitor - Gastoncito] [scheduling-1] com.monitor.invoices.InvoiceMonitorJob   :   ? Empresa: Cafam suba | Factura: 145075-TPV2-21443
2026-09-07T17:00:13.202-05:00  WARN 37496 --- [Invoice Monitor - Gastoncito] [scheduling-1] com.monitor.invoices.InvoiceMonitorJob   :   ? Empresa: Cafam suba | Factura: 145075-TPV2-21444
2026-09-07T17:00:13.202-05:00  WARN 37496 --- [Invoice Monitor - Gastoncito] [scheduling-1] com.monitor.invoices.InvoiceMonitorJob   :   ? Empresa: Cafam suba | Factura: 145075-TPV2-21445
2026-09-07T17:00:13.202-05:00  WARN 37496 --- [Invoice Monitor - Gastoncito] [scheduling-1] com.monitor.invoices.InvoiceMonitorJob   :   ? Empresa: Cafam suba | Factura: 145075-TPV2-21446
2026-09-07T17:00:13.202-05:00  WARN 37496 --- [Invoice Monitor - Gastoncito] [scheduling-1] com.monitor.invoices.InvoiceMonitorJob   :   ? Empresa: Cafam suba | Factura: 145075-TPV2-21447
2026-09-07T17:00:13.202-05:00  WARN 37496 --- [Invoice Monitor - Gastoncito] [scheduling-1] com.monitor.invoices.InvoiceMonitorJob   :   ? Empresa: Cafam suba | Factura: 145075-TPV2-21448
2026-09-07T17:00:13.202-05:00  WARN 37496 --- [Invoice Monitor - Gastoncito] [scheduling-1] com.monitor.invoices.InvoiceMonitorJob   :   ? Empresa: Cafam suba | Factura: 145075-TPV2-21449
2026-09-07T17:00:13.202-05:00  WARN 37496 --- [Invoice Monitor - Gastoncito] [scheduling-1] com.monitor.invoices.InvoiceMonitorJob   :   ? Empresa: Cafam suba | Factura: 145075-TPV2-21450
2026-09-07T17:00:13.202-05:00  WARN 37496 --- [Invoice Monitor - Gastoncito] [scheduling-1] com.monitor.invoices.InvoiceMonitorJob   :   ? Empresa: Cafam suba | Factura: 145075-TPV2-21451
2026-09-07T17:00:13.202-05:00  WARN 37496 --- [Invoice Monitor - Gastoncito] [scheduling-1] com.monitor.invoices.InvoiceMonitorJob   :   ? Empresa: Cafam suba | Factura: 145075-TPV2-21452
2026-09-07T17:00:13.202-05:00  WARN 37496 --- [Invoice Monitor - Gastoncito] [scheduling-1] com.monitor.invoices.InvoiceMonitorJob   :   ? Empresa: Cafam suba | Factura: 145075-TPV2-21453
2026-09-07T17:00:13.202-05:00  WARN 37496 --- [Invoice Monitor - Gastoncito] [scheduling-1] com.monitor.invoices.InvoiceMonitorJob   :   ? Empresa: Cafam suba | Factura: 145075-TPV2-21454
2026-09-07T17:00:13.202-05:00  WARN 37496 --- [Invoice Monitor - Gastoncito] [scheduling-1] com.monitor.invoices.InvoiceMonitorJob   :   ? Empresa: Cafam suba | Factura: 145075-TPV2-21455
2026-09-07T17:00:13.203-05:00  WARN 37496 --- [Invoice Monitor - Gastoncito] [scheduling-1] com.monitor.invoices.InvoiceMonitorJob   :   ? Empresa: Cafam suba | Factura: 145075-TPV2-21456
2026-09-07T17:00:13.203-05:00  WARN 37496 --- [Invoice Monitor - Gastoncito] [scheduling-1] com.monitor.invoices.InvoiceMonitorJob   :   ? Empresa: Cafam suba | Factura: 145075-TPV2-21457
2026-09-07T17:00:13.203-05:00  WARN 37496 --- [Invoice Monitor - Gastoncito] [scheduling-1] com.monitor.invoices.InvoiceMonitorJob   :   ? Empresa: Cafam suba | Factura: 145075-TPV2-21458
2026-09-07T17:00:13.203-05:00  WARN 37496 --- [Invoice Monitor - Gastoncito] [scheduling-1] com.monitor.invoices.InvoiceMonitorJob   :   ? Empresa: Cafam suba | Factura: 145075-TPV2-21459
2026-09-07T17:00:13.203-05:00  WARN 37496 --- [Invoice Monitor - Gastoncito] [scheduling-1] com.monitor.invoices.InvoiceMonitorJob   :   ? Empresa: Cafam suba | Factura: 145075-TPV2-21460
2026-09-07T17:00:13.203-05:00  WARN 37496 --- [Invoice Monitor - Gastoncito] [scheduling-1] com.monitor.invoices.InvoiceMonitorJob   :   ? Empresa: Cafam suba | Factura: 145075-TPV2-21461
2026-09-07T17:00:13.203-05:00  WARN 37496 --- [Invoice Monitor - Gastoncito] [scheduling-1] com.monitor.invoices.InvoiceMonitorJob   :   ? Empresa: Cafam suba | Factura: 145075-TPV2-21462
2026-09-07T17:00:13.203-05:00  WARN 37496 --- [Invoice Monitor - Gastoncito] [scheduling-1] com.monitor.invoices.InvoiceMonitorJob   :   ? Empresa: Cafam suba | Factura: 145075-TPV2-21463
2026-09-07T17:00:13.203-05:00  WARN 37496 --- [Invoice Monitor - Gastoncito] [scheduling-1] com.monitor.invoices.InvoiceMonitorJob   :   ? Empresa: Cafam suba | Factura: 145075-TPV2-21464
2026-09-07T17:00:13.203-05:00  WARN 37496 --- [Invoice Monitor - Gastoncito] [scheduling-1] com.monitor.invoices.InvoiceMonitorJob   :   ? Empresa: Cafam suba | Factura: 145075-TPV2-21465
2026-09-07T17:00:13.203-05:00  WARN 37496 --- [Invoice Monitor - Gastoncito] [scheduling-1] com.monitor.invoices.InvoiceMonitorJob   :   ? Empresa: Cafam suba | Factura: 145075-TPV2-21466
2026-09-07T17:00:13.203-05:00  WARN 37496 --- [Invoice Monitor - Gastoncito] [scheduling-1] com.monitor.invoices.InvoiceMonitorJob   :   ? Empresa: Cafam suba | Factura: 145075-TPV2-21467
2026-09-07T17:00:13.203-05:00  WARN 37496 --- [Invoice Monitor - Gastoncito] [scheduling-1] com.monitor.invoices.InvoiceMonitorJob   :   ? Empresa: Cafam suba | Factura: 145075-TPV2-21468
2026-09-07T17:00:13.203-05:00  WARN 37496 --- [Invoice Monitor - Gastoncito] [scheduling-1] com.monitor.invoices.InvoiceMonitorJob   :   ? Empresa: Cafam suba | Factura: 145075-TPV2-21469
2026-09-07T17:00:13.203-05:00  WARN 37496 --- [Invoice Monitor - Gastoncito] [scheduling-1] com.monitor.invoices.InvoiceMonitorJob   :   ? Empresa: Cafam suba | Factura: 145075-TPV2-21470
2026-09-07T17:00:13.204-05:00  WARN 37496 --- [Invoice Monitor - Gastoncito] [scheduling-1] com.monitor.invoices.InvoiceMonitorJob   :   ? Empresa: Cafam suba | Factura: 145075-TPV2-21471
2026-09-07T17:00:13.204-05:00  WARN 37496 --- [Invoice Monitor - Gastoncito] [scheduling-1] com.monitor.invoices.InvoiceMonitorJob   :   ? Empresa: Cafam suba | Factura: 145075-TPV2-21472
2026-09-07T17:00:13.204-05:00  WARN 37496 --- [Invoice Monitor - Gastoncito] [scheduling-1] com.monitor.invoices.InvoiceMonitorJob   :   ? Empresa: Cafam suba | Factura: 145075-TPV2-21473
2026-09-07T17:00:13.204-05:00  WARN 37496 --- [Invoice Monitor - Gastoncito] [scheduling-1] com.monitor.invoices.InvoiceMonitorJob   :   ? Empresa: Cafam suba | Factura: 145075-TPV2-21474
2026-09-07T17:00:13.204-05:00  WARN 37496 --- [Invoice Monitor - Gastoncito] [scheduling-1] com.monitor.invoices.InvoiceMonitorJob   :   ? Empresa: Cafam suba | Factura: 145075-TPV2-21475
2026-09-07T17:00:13.204-05:00  WARN 37496 --- [Invoice Monitor - Gastoncito] [scheduling-1] com.monitor.invoices.InvoiceMonitorJob   :   ? Empresa: Cafam suba | Factura: 145075-TPV2-21476
2026-09-07T17:00:13.204-05:00  WARN 37496 --- [Invoice Monitor - Gastoncito] [scheduling-1] com.monitor.invoices.InvoiceMonitorJob   :   ? Empresa: Cafam suba | Factura: 145075-TPV2-21477
2026-09-07T17:00:13.204-05:00  WARN 37496 --- [Invoice Monitor - Gastoncito] [scheduling-1] com.monitor.invoices.InvoiceMonitorJob   :   ? Empresa: Cafam suba | Factura: 145075-TPV2-21478
2026-09-07T17:00:13.204-05:00  WARN 37496 --- [Invoice Monitor - Gastoncito] [scheduling-1] com.monitor.invoices.InvoiceMonitorJob   :   ? Empresa: Cafam suba | Factura: 145075-TPV2-21479
2026-09-07T17:00:13.204-05:00  WARN 37496 --- [Invoice Monitor - Gastoncito] [scheduling-1] com.monitor.invoices.InvoiceMonitorJob   :   ? Empresa: Cafam suba | Factura: 145075-TPV2-21480
2026-09-07T17:00:13.204-05:00  WARN 37496 --- [Invoice Monitor - Gastoncito] [scheduling-1] com.monitor.invoices.InvoiceMonitorJob   :   ? Empresa: Cafam suba | Factura: 145075-TPV2-21481
2026-09-07T17:00:13.204-05:00  WARN 37496 --- [Invoice Monitor - Gastoncito] [scheduling-1] com.monitor.invoices.InvoiceMonitorJob   :   ? Empresa: Cafam suba | Factura: 145075-TPV2-21482
2026-09-07T17:00:13.204-05:00  WARN 37496 --- [Invoice Monitor - Gastoncito] [scheduling-1] com.monitor.invoices.InvoiceMonitorJob   :   ? Empresa: Cafam suba | Factura: 145075-TPV2-21483
2026-09-07T17:00:13.205-05:00  WARN 37496 --- [Invoice Monitor - Gastoncito] [scheduling-1] com.monitor.invoices.InvoiceMonitorJob   :   ? Empresa: Cafam suba | Factura: 145075-TPV2-21484
2026-09-07T17:00:13.205-05:00  WARN 37496 --- [Invoice Monitor - Gastoncito] [scheduling-1] com.monitor.invoices.InvoiceMonitorJob   :   ? Empresa: Cafam suba | Factura: 145075-TPV2-21485
2026-09-07T17:00:13.205-05:00  WARN 37496 --- [Invoice Monitor - Gastoncito] [scheduling-1] com.monitor.invoices.InvoiceMonitorJob   :   ? Empresa: Cafam suba | Factura: 145075-TPV2-21486
2026-09-07T17:00:13.205-05:00  WARN 37496 --- [Invoice Monitor - Gastoncito] [scheduling-1] com.monitor.invoices.InvoiceMonitorJob   :   ? Empresa: Cafam suba | Factura: 145075-TPV2-21487
2026-09-07T17:00:13.205-05:00  WARN 37496 --- [Invoice Monitor - Gastoncito] [scheduling-1] com.monitor.invoices.InvoiceMonitorJob   :   ? Empresa: Cafam suba | Factura: 145075-TPV2-21488
2026-09-07T17:00:13.205-05:00  WARN 37496 --- [Invoice Monitor - Gastoncito] [scheduling-1] com.monitor.invoices.InvoiceMonitorJob   :   ? Empresa: Cafam suba | Factura: 145075-TPV2-21489
2026-09-07T17:00:13.205-05:00  WARN 37496 --- [Invoice Monitor - Gastoncito] [scheduling-1] com.monitor.invoices.InvoiceMonitorJob   :   ? Empresa: Cafam suba | Factura: 145075-TPV2-21490
2026-09-07T17:00:13.205-05:00  WARN 37496 --- [Invoice Monitor - Gastoncito] [scheduling-1] com.monitor.invoices.InvoiceMonitorJob   :   ? Empresa: Cafam suba | Factura: 145075-TPV2-21491
2026-09-07T17:00:13.205-05:00  WARN 37496 --- [Invoice Monitor - Gastoncito] [scheduling-1] com.monitor.invoices.InvoiceMonitorJob   :   ? Empresa: Cafam suba | Factura: 145075-TPV2-21492
2026-09-07T17:00:13.206-05:00  WARN 37496 --- [Invoice Monitor - Gastoncito] [scheduling-1] com.monitor.invoices.InvoiceMonitorJob   :   ? Empresa: Cafam suba | Factura: 145075-TPV2-21493
2026-09-07T17:00:13.206-05:00  WARN 37496 --- [Invoice Monitor - Gastoncito] [scheduling-1] com.monitor.invoices.InvoiceMonitorJob   :   ? Empresa: Cafam suba | Factura: 145075-TPV2-21494
2026-09-07T17:00:13.206-05:00  WARN 37496 --- [Invoice Monitor - Gastoncito] [scheduling-1] com.monitor.invoices.InvoiceMonitorJob   :   ? Empresa: Cafam suba | Factura: 145075-TPV2-21495
2026-09-07T17:00:13.206-05:00  WARN 37496 --- [Invoice Monitor - Gastoncito] [scheduling-1] com.monitor.invoices.InvoiceMonitorJob   :   ? Empresa: Cafam suba | Factura: 145075-TPV2-21496
2026-09-07T17:00:13.206-05:00  WARN 37496 --- [Invoice Monitor - Gastoncito] [scheduling-1] com.monitor.invoices.InvoiceMonitorJob   :   ? Empresa: Cafam suba | Factura: 145075-TPV2-21497
2026-09-07T17:00:13.206-05:00  WARN 37496 --- [Invoice Monitor - Gastoncito] [scheduling-1] com.monitor.invoices.InvoiceMonitorJob   :   ? Empresa: Cafam suba | Factura: 145075-TPV2-21498
2026-09-07T17:00:13.206-05:00  WARN 37496 --- [Invoice Monitor - Gastoncito] [scheduling-1] com.monitor.invoices.InvoiceMonitorJob   :   ? Empresa: Cafam suba | Factura: 145075-TPV2-21499
2026-09-07T17:00:13.206-05:00  WARN 37496 --- [Invoice Monitor - Gastoncito] [scheduling-1] com.monitor.invoices.InvoiceMonitorJob   :   ? Empresa: Cafam suba | Factura: 145075-TPV2-21500
2026-09-07T17:00:13.206-05:00  WARN 37496 --- [Invoice Monitor - Gastoncito] [scheduling-1] com.monitor.invoices.InvoiceMonitorJob   :   ? Empresa: Cafam suba | Factura: 145075-TPV2-21501
2026-09-07T17:00:13.206-05:00  WARN 37496 --- [Invoice Monitor - Gastoncito] [scheduling-1] com.monitor.invoices.InvoiceMonitorJob   :   ? Empresa: Cafam suba | Factura: 145075-TPV2-21502
2026-09-07T17:00:13.206-05:00  WARN 37496 --- [Invoice Monitor - Gastoncito] [scheduling-1] com.monitor.invoices.InvoiceMonitorJob   :   ? Empresa: Cafam suba | Factura: 145075-TPV2-21503
2026-09-07T17:00:13.206-05:00  WARN 37496 --- [Invoice Monitor - Gastoncito] [scheduling-1] com.monitor.invoices.InvoiceMonitorJob   :   ? Empresa: Cafam suba | Factura: 145075-TPV2-21504
2026-09-07T17:00:13.206-05:00  WARN 37496 --- [Invoice Monitor - Gastoncito] [scheduling-1] com.monitor.invoices.InvoiceMonitorJob   :   ? Empresa: Cafam suba | Factura: 145075-TPV2-21505
2026-09-07T17:00:13.207-05:00  WARN 37496 --- [Invoice Monitor - Gastoncito] [scheduling-1] com.monitor.invoices.InvoiceMonitorJob   :   ? Empresa: Cafam suba | Factura: 145075-TPV2-21506
2026-09-07T17:00:13.207-05:00  WARN 37496 --- [Invoice Monitor - Gastoncito] [scheduling-1] com.monitor.invoices.InvoiceMonitorJob   :   ? Empresa: Cafam suba | Factura: 145075-TPV2-21507
2026-09-07T17:00:13.207-05:00  WARN 37496 --- [Invoice Monitor - Gastoncito] [scheduling-1] com.monitor.invoices.InvoiceMonitorJob   :   ? Empresa: Cafam suba | Factura: 145075-TPV2-21508
2026-09-07T17:00:13.207-05:00  WARN 37496 --- [Invoice Monitor - Gastoncito] [scheduling-1] com.monitor.invoices.InvoiceMonitorJob   :   ? Empresa: Cafam suba | Factura: 145075-TPV2-21509
2026-09-07T17:00:13.207-05:00  WARN 37496 --- [Invoice Monitor - Gastoncito] [scheduling-1] com.monitor.invoices.InvoiceMonitorJob   :   ? Empresa: Cafam suba | Factura: 145075-TPV2-21510
2026-09-07T17:00:13.207-05:00  WARN 37496 --- [Invoice Monitor - Gastoncito] [scheduling-1] com.monitor.invoices.InvoiceMonitorJob   :   ? Empresa: Cafam suba | Factura: 145075-TPV2-21511
2026-09-07T17:00:13.207-05:00  WARN 37496 --- [Invoice Monitor - Gastoncito] [scheduling-1] com.monitor.invoices.InvoiceMonitorJob   :   ? Empresa: Cafam suba | Factura: 145075-TPV2-21512
2026-09-07T17:00:13.207-05:00  WARN 37496 --- [Invoice Monitor - Gastoncito] [scheduling-1] com.monitor.invoices.InvoiceMonitorJob   :   ? Empresa: Cafam suba | Factura: 145075-TPV2-21513
2026-09-07T17:00:13.207-05:00  WARN 37496 --- [Invoice Monitor - Gastoncito] [scheduling-1] com.monitor.invoices.InvoiceMonitorJob   :   ? Empresa: Cafam suba | Factura: 145075-TPV2-21514
2026-09-07T17:00:13.208-05:00  WARN 37496 --- [Invoice Monitor - Gastoncito] [scheduling-1] com.monitor.invoices.InvoiceMonitorJob   :   ? Empresa: Cafam suba | Factura: 145075-TPV2-21515
2026-09-07T17:00:13.208-05:00  WARN 37496 --- [Invoice Monitor - Gastoncito] [scheduling-1] com.monitor.invoices.InvoiceMonitorJob   :   ? Empresa: Cafam suba | Factura: 145075-TPV2-21516
2026-09-07T17:00:13.208-05:00  WARN 37496 --- [Invoice Monitor - Gastoncito] [scheduling-1] com.monitor.invoices.InvoiceMonitorJob   :   ? Empresa: Cafam suba | Factura: 145075-TPV2-21517
2026-09-07T17:00:13.208-05:00  WARN 37496 --- [Invoice Monitor - Gastoncito] [scheduling-1] com.monitor.invoices.InvoiceMonitorJob   :   ? Empresa: Cafam suba | Factura: 145075-TPV2-21518
2026-09-07T17:00:13.208-05:00  WARN 37496 --- [Invoice Monitor - Gastoncito] [scheduling-1] com.monitor.invoices.InvoiceMonitorJob   :   ? Empresa: Cafam suba | Factura: 145075-TPV2-21519
2026-09-07T17:00:13.209-05:00  WARN 37496 --- [Invoice Monitor - Gastoncito] [scheduling-1] com.monitor.invoices.InvoiceMonitorJob   :   ? Empresa: Cafam suba | Factura: 145075-TPV2-21520
2026-09-07T17:00:13.209-05:00  WARN 37496 --- [Invoice Monitor - Gastoncito] [scheduling-1] com.monitor.invoices.InvoiceMonitorJob   :   ? Empresa: Cafam suba | Factura: 145075-TPV2-21521
2026-09-07T17:00:13.209-05:00  WARN 37496 --- [Invoice Monitor - Gastoncito] [scheduling-1] com.monitor.invoices.InvoiceMonitorJob   :   ? Empresa: Cafam suba | Factura: 145075-TPV2-21522
2026-09-07T17:00:13.209-05:00  WARN 37496 --- [Invoice Monitor - Gastoncito] [scheduling-1] com.monitor.invoices.InvoiceMonitorJob   :   ? Empresa: Cafam suba | Factura: 145075-TPV2-21523
2026-09-07T17:00:13.209-05:00  WARN 37496 --- [Invoice Monitor - Gastoncito] [scheduling-1] com.monitor.invoices.InvoiceMonitorJob   :   ? Empresa: Cafam suba | Factura: 145075-TPV2-21524
2026-09-07T17:00:13.209-05:00  WARN 37496 --- [Invoice Monitor - Gastoncito] [scheduling-1] com.monitor.invoices.InvoiceMonitorJob   :   ? Empresa: Cafam suba | Factura: 145075-TPV2-21525
2026-09-07T17:00:13.209-05:00  WARN 37496 --- [Invoice Monitor - Gastoncito] [scheduling-1] com.monitor.invoices.InvoiceMonitorJob   :   ? Empresa: Cafam suba | Factura: 145075-TPV2-21526
2026-09-07T17:00:13.209-05:00  WARN 37496 --- [Invoice Monitor - Gastoncito] [scheduling-1] com.monitor.invoices.InvoiceMonitorJob   :   ? Empresa: Cafam suba | Factura: 145075-TPV2-21527
2026-09-07T17:00:13.210-05:00  WARN 37496 --- [Invoice Monitor - Gastoncito] [scheduling-1] com.monitor.invoices.InvoiceMonitorJob   :   ? Empresa: Cafam suba | Factura: 145075-TPV2-21528
2026-09-07T17:00:13.210-05:00  WARN 37496 --- [Invoice Monitor - Gastoncito] [scheduling-1] com.monitor.invoices.InvoiceMonitorJob   :   ? Empresa: Cafam suba | Factura: 145075-TPV2-21529
2026-09-07T17:00:13.210-05:00  WARN 37496 --- [Invoice Monitor - Gastoncito] [scheduling-1] com.monitor.invoices.InvoiceMonitorJob   :   ? Empresa: Cafam suba | Factura: 145075-TPV2-21530
2026-09-07T17:00:13.210-05:00  WARN 37496 --- [Invoice Monitor - Gastoncito] [scheduling-1] com.monitor.invoices.InvoiceMonitorJob   :   ? Empresa: Cafam suba | Factura: 145075-TPV2-21531
2026-09-07T17:00:13.210-05:00  WARN 37496 --- [Invoice Monitor - Gastoncito] [scheduling-1] com.monitor.invoices.InvoiceMonitorJob   :   ? Empresa: Cafam suba | Factura: 145075-TPV2-21532
2026-09-07T17:00:13.210-05:00  WARN 37496 --- [Invoice Monitor - Gastoncito] [scheduling-1] com.monitor.invoices.InvoiceMonitorJob   :   ? Empresa: Cafam suba | Factura: 145075-TPV2-21533
2026-09-07T17:00:13.210-05:00  WARN 37496 --- [Invoice Monitor - Gastoncito] [scheduling-1] com.monitor.invoices.InvoiceMonitorJob   :   ? Empresa: Cafam suba | Factura: 145075-TPV2-21534
2026-09-07T17:00:13.210-05:00  WARN 37496 --- [Invoice Monitor - Gastoncito] [scheduling-1] com.monitor.invoices.InvoiceMonitorJob   :   ? Empresa: Cafam suba | Factura: 145075-TPV2-21535
2026-09-07T17:00:13.210-05:00  WARN 37496 --- [Invoice Monitor - Gastoncito] [scheduling-1] com.monitor.invoices.InvoiceMonitorJob   :   ? Empresa: Cafam suba | Factura: 145075-TPV2-21536
2026-09-07T17:00:13.210-05:00  WARN 37496 --- [Invoice Monitor - Gastoncito] [scheduling-1] com.monitor.invoices.InvoiceMonitorJob   :   ? Empresa: Cafam suba | Factura: 145075-TPV2-21537
2026-09-07T17:00:13.210-05:00  WARN 37496 --- [Invoice Monitor - Gastoncito] [scheduling-1] com.monitor.invoices.InvoiceMonitorJob   :   ? Empresa: Cafam suba | Factura: 145075-TPV2-21538
2026-09-07T17:00:13.211-05:00  WARN 37496 --- [Invoice Monitor - Gastoncito] [scheduling-1] com.monitor.invoices.InvoiceMonitorJob   :   ? Empresa: Cafam suba | Factura: 145075-TPV2-21539
2026-09-07T17:00:13.211-05:00  WARN 37496 --- [Invoice Monitor - Gastoncito] [scheduling-1] com.monitor.invoices.InvoiceMonitorJob   :   ? Empresa: Cafam suba | Factura: 145075-TPV2-21540
2026-09-07T17:00:13.211-05:00  WARN 37496 --- [Invoice Monitor - Gastoncito] [scheduling-1] com.monitor.invoices.InvoiceMonitorJob   :   ? Empresa: Cafam suba | Factura: 145075-TPV2-21541
2026-09-07T17:00:13.211-05:00  WARN 37496 --- [Invoice Monitor - Gastoncito] [scheduling-1] com.monitor.invoices.InvoiceMonitorJob   :   ? Empresa: Cafam suba | Factura: 145075-TPV2-21542
2026-09-07T17:00:13.211-05:00  WARN 37496 --- [Invoice Monitor - Gastoncito] [scheduling-1] com.monitor.invoices.InvoiceMonitorJob   :   ? Empresa: Cafam suba | Factura: 145075-TPV2-21543
2026-09-07T17:00:13.211-05:00  WARN 37496 --- [Invoice Monitor - Gastoncito] [scheduling-1] com.monitor.invoices.InvoiceMonitorJob   :   ? Empresa: Cafam suba | Factura: 145075-TPV2-21544
2026-09-07T17:00:13.211-05:00  WARN 37496 --- [Invoice Monitor - Gastoncito] [scheduling-1] com.monitor.invoices.InvoiceMonitorJob   :   ? Empresa: Cafam suba | Factura: 145075-TPV2-21545
2026-09-07T17:00:13.211-05:00  WARN 37496 --- [Invoice Monitor - Gastoncito] [scheduling-1] com.monitor.invoices.InvoiceMonitorJob   :   ? Empresa: Cafam suba | Factura: 145075-TPV2-21546
2026-09-07T17:00:13.211-05:00  WARN 37496 --- [Invoice Monitor - Gastoncito] [scheduling-1] com.monitor.invoices.InvoiceMonitorJob   :   ? Empresa: Cafam suba | Factura: 145075-TPV2-21547
2026-09-07T17:00:13.211-05:00  WARN 37496 --- [Invoice Monitor - Gastoncito] [scheduling-1] com.monitor.invoices.InvoiceMonitorJob   :   ? Empresa: Cafam suba | Factura: 145075-TPV2-21548
2026-09-07T17:00:13.211-05:00  WARN 37496 --- [Invoice Monitor - Gastoncito] [scheduling-1] com.monitor.invoices.InvoiceMonitorJob   :   ? Empresa: Cafam suba | Factura: 145075-TPV2-21549
2026-09-07T17:00:13.211-05:00  WARN 37496 --- [Invoice Monitor - Gastoncito] [scheduling-1] com.monitor.invoices.InvoiceMonitorJob   :   ? Empresa: Cafam suba | Factura: 145075-TPV2-21550
2026-09-07T17:00:13.211-05:00  WARN 37496 --- [Invoice Monitor - Gastoncito] [scheduling-1] com.monitor.invoices.InvoiceMonitorJob   :   ? Empresa: Cafam suba | Factura: 145075-TPV2-21551
2026-09-07T17:00:13.211-05:00  WARN 37496 --- [Invoice Monitor - Gastoncito] [scheduling-1] com.monitor.invoices.InvoiceMonitorJob   :   ? Empresa: Cafam suba | Factura: 145075-TPV2-21552
2026-09-07T17:00:13.211-05:00  WARN 37496 --- [Invoice Monitor - Gastoncito] [scheduling-1] com.monitor.invoices.InvoiceMonitorJob   :   ? Empresa: Cafam suba | Factura: 145075-TPV2-21553
2026-09-07T17:00:13.211-05:00  WARN 37496 --- [Invoice Monitor - Gastoncito] [scheduling-1] com.monitor.invoices.InvoiceMonitorJob   :   ? Empresa: Cafam suba | Factura: 145075-TPV2-21554
2026-09-07T17:00:13.212-05:00  WARN 37496 --- [Invoice Monitor - Gastoncito] [scheduling-1] com.monitor.invoices.InvoiceMonitorJob   :   ? Empresa: Cafam suba | Factura: 145075-TPV2-21555
2026-09-07T17:00:13.212-05:00  WARN 37496 --- [Invoice Monitor - Gastoncito] [scheduling-1] com.monitor.invoices.InvoiceMonitorJob   :   ? Empresa: Cafam suba | Factura: 145075-TPV2-21556
2026-09-07T17:00:13.212-05:00  WARN 37496 --- [Invoice Monitor - Gastoncito] [scheduling-1] com.monitor.invoices.InvoiceMonitorJob   :   ? Empresa: Cafam suba | Factura: 145075-TPV2-21557
2026-09-07T17:00:13.212-05:00  WARN 37496 --- [Invoice Monitor - Gastoncito] [scheduling-1] com.monitor.invoices.InvoiceMonitorJob   :   ? Empresa: Cafam suba | Factura: 145075-TPV2-21558
2026-09-07T17:00:13.212-05:00  WARN 37496 --- [Invoice Monitor - Gastoncito] [scheduling-1] com.monitor.invoices.InvoiceMonitorJob   :   ? Empresa: Cafam suba | Factura: 145075-TPV2-21559
2026-09-07T17:00:13.212-05:00  WARN 37496 --- [Invoice Monitor - Gastoncito] [scheduling-1] com.monitor.invoices.InvoiceMonitorJob   :   ? Empresa: Cafam suba | Factura: 145075-TPV2-21560
2026-09-07T17:00:13.212-05:00  WARN 37496 --- [Invoice Monitor - Gastoncito] [scheduling-1] com.monitor.invoices.InvoiceMonitorJob   :   ? Empresa: Cafam suba | Factura: 145075-TPV2-21561
2026-09-07T17:00:13.212-05:00  WARN 37496 --- [Invoice Monitor - Gastoncito] [scheduling-1] com.monitor.invoices.InvoiceMonitorJob   :   ? Empresa: Cafam suba | Factura: 145075-TPV2-21562
2026-09-07T17:00:13.212-05:00  WARN 37496 --- [Invoice Monitor - Gastoncito] [scheduling-1] com.monitor.invoices.InvoiceMonitorJob   :   ? Empresa: Cafam suba | Factura: 145075-TPV2-21563
2026-09-07T17:00:13.212-05:00  WARN 37496 --- [Invoice Monitor - Gastoncito] [scheduling-1] com.monitor.invoices.InvoiceMonitorJob   :   ? Empresa: Cafam suba | Factura: 145075-TPV2-21564
2026-09-07T17:00:13.212-05:00  WARN 37496 --- [Invoice Monitor - Gastoncito] [scheduling-1] com.monitor.invoices.InvoiceMonitorJob   :   ? Empresa: Cafam suba | Factura: 145075-TPV2-21565
2026-09-07T17:00:13.212-05:00  WARN 37496 --- [Invoice Monitor - Gastoncito] [scheduling-1] com.monitor.invoices.InvoiceMonitorJob   :   ? Empresa: Cafam suba | Factura: 145075-TPV2-21566
2026-09-07T17:00:13.212-05:00  WARN 37496 --- [Invoice Monitor - Gastoncito] [scheduling-1] com.monitor.invoices.InvoiceMonitorJob   :   ? Empresa: Cafam suba | Factura: 145075-TPV2-21567
2026-09-07T17:00:13.212-05:00  WARN 37496 --- [Invoice Monitor - Gastoncito] [scheduling-1] com.monitor.invoices.InvoiceMonitorJob   :   ? Empresa: Cafam suba | Factura: 145075-TPV2-21568
2026-09-07T17:00:13.213-05:00  WARN 37496 --- [Invoice Monitor - Gastoncito] [scheduling-1] com.monitor.invoices.InvoiceMonitorJob   :   ? Empresa: Cafam suba | Factura: 145075-TPV2-21569
2026-09-07T17:00:13.213-05:00  WARN 37496 --- [Invoice Monitor - Gastoncito] [scheduling-1] com.monitor.invoices.InvoiceMonitorJob   :   ? Empresa: Cafam suba | Factura: 145075-TPV2-21570
2026-09-07T17:00:13.213-05:00  WARN 37496 --- [Invoice Monitor - Gastoncito] [scheduling-1] com.monitor.invoices.InvoiceMonitorJob   :   ? Empresa: Cafam suba | Factura: 145075-TPV2-21571
2026-09-07T17:00:13.213-05:00  WARN 37496 --- [Invoice Monitor - Gastoncito] [scheduling-1] com.monitor.invoices.InvoiceMonitorJob   :   ? Empresa: Cafam suba | Factura: 145075-TPV2-21572
2026-09-07T17:00:13.213-05:00  WARN 37496 --- [Invoice Monitor - Gastoncito] [scheduling-1] com.monitor.invoices.InvoiceMonitorJob   :   ? Empresa: Cafam suba | Factura: 145075-TPV2-21573
2026-09-07T17:00:13.213-05:00  WARN 37496 --- [Invoice Monitor - Gastoncito] [scheduling-1] com.monitor.invoices.InvoiceMonitorJob   :   ? Empresa: Cafam suba | Factura: 145075-TPV2-21574
2026-09-07T17:00:13.213-05:00  WARN 37496 --- [Invoice Monitor - Gastoncito] [scheduling-1] com.monitor.invoices.InvoiceMonitorJob   :   ? Empresa: Cafam suba | Factura: 145075-TPV2-21575
2026-09-07T17:00:13.213-05:00  WARN 37496 --- [Invoice Monitor - Gastoncito] [scheduling-1] com.monitor.invoices.InvoiceMonitorJob   :   ? Empresa: Cafam suba | Factura: 145075-TPV2-21576
2026-09-07T17:00:13.213-05:00  WARN 37496 --- [Invoice Monitor - Gastoncito] [scheduling-1] com.monitor.invoices.InvoiceMonitorJob   :   ? Empresa: Cafam suba | Factura: 145075-TPV2-21577
2026-09-07T17:00:13.213-05:00  WARN 37496 --- [Invoice Monitor - Gastoncito] [scheduling-1] com.monitor.invoices.InvoiceMonitorJob   :   ? Empresa: Cafam suba | Factura: 145075-TPV2-21578
2026-09-07T17:00:13.213-05:00  WARN 37496 --- [Invoice Monitor - Gastoncito] [scheduling-1] com.monitor.invoices.InvoiceMonitorJob   :   ? Empresa: Cafam suba | Factura: 145075-TPV2-21579
2026-09-07T17:00:13.213-05:00  WARN 37496 --- [Invoice Monitor - Gastoncito] [scheduling-1] com.monitor.invoices.InvoiceMonitorJob   :   ? Empresa: Cafam suba | Factura: 145075-TPV2-21580
2026-09-07T17:00:13.213-05:00  WARN 37496 --- [Invoice Monitor - Gastoncito] [scheduling-1] com.monitor.invoices.InvoiceMonitorJob   :   ? Empresa: Cafam suba | Factura: 145075-TPV2-21581
2026-09-07T17:00:13.213-05:00  WARN 37496 --- [Invoice Monitor - Gastoncito] [scheduling-1] com.monitor.invoices.InvoiceMonitorJob   :   ? Empresa: Cafam suba | Factura: 145075-TPV2-21582
2026-09-07T17:00:13.213-05:00  WARN 37496 --- [Invoice Monitor - Gastoncito] [scheduling-1] com.monitor.invoices.InvoiceMonitorJob   :   ? Empresa: Cafam suba | Factura: 145075-TPV2-21583
2026-09-07T17:00:13.214-05:00  WARN 37496 --- [Invoice Monitor - Gastoncito] [scheduling-1] com.monitor.invoices.InvoiceMonitorJob   :   ? Empresa: Cafam suba | Factura: 145075-TPV2-21584
2026-09-07T17:00:13.214-05:00  WARN 37496 --- [Invoice Monitor - Gastoncito] [scheduling-1] com.monitor.invoices.InvoiceMonitorJob   :   ? Empresa: Cafam suba | Factura: 145075-TPV2-21585
2026-09-07T17:00:13.214-05:00  WARN 37496 --- [Invoice Monitor - Gastoncito] [scheduling-1] com.monitor.invoices.InvoiceMonitorJob   :   ? Empresa: Cafam suba | Factura: 145075-TPV2-21586
2026-09-07T17:00:13.214-05:00  WARN 37496 --- [Invoice Monitor - Gastoncito] [scheduling-1] com.monitor.invoices.InvoiceMonitorJob   :   ? Empresa: Cafam suba | Factura: 145075-TPV2-21587
2026-09-07T17:00:13.214-05:00  WARN 37496 --- [Invoice Monitor - Gastoncito] [scheduling-1] com.monitor.invoices.InvoiceMonitorJob   :   ? Empresa: Cafam suba | Factura: 145075-TPV2-21588
2026-09-07T17:00:13.214-05:00  WARN 37496 --- [Invoice Monitor - Gastoncito] [scheduling-1] com.monitor.invoices.InvoiceMonitorJob   :   ? Empresa: Cafam suba | Factura: 145075-TPV2-21589
2026-09-07T17:00:13.214-05:00  WARN 37496 --- [Invoice Monitor - Gastoncito] [scheduling-1] com.monitor.invoices.InvoiceMonitorJob   :   ? Empresa: Cafam suba | Factura: 145075-TPV2-21590
2026-09-07T17:00:13.214-05:00  WARN 37496 --- [Invoice Monitor - Gastoncito] [scheduling-1] com.monitor.invoices.InvoiceMonitorJob   :   ? Empresa: Cafam suba | Factura: 145075-TPV2-21591
2026-09-07T17:00:13.214-05:00  WARN 37496 --- [Invoice Monitor - Gastoncito] [scheduling-1] com.monitor.invoices.InvoiceMonitorJob   :   ? Empresa: Cafam suba | Factura: 145075-TPV2-21592
2026-09-07T17:00:13.214-05:00  WARN 37496 --- [Invoice Monitor - Gastoncito] [scheduling-1] com.monitor.invoices.InvoiceMonitorJob   :   ? Empresa: Cafam suba | Factura: 145075-TPV2-21593
2026-09-07T17:00:13.214-05:00  WARN 37496 --- [Invoice Monitor - Gastoncito] [scheduling-1] com.monitor.invoices.InvoiceMonitorJob   :   ? Empresa: Cafam suba | Factura: 145075-TPV2-21594
2026-09-07T17:00:13.214-05:00  WARN 37496 --- [Invoice Monitor - Gastoncito] [scheduling-1] com.monitor.invoices.InvoiceMonitorJob   :   ? Empresa: Cafam suba | Factura: 145075-TPV2-21595
2026-09-07T17:00:13.214-05:00  WARN 37496 --- [Invoice Monitor - Gastoncito] [scheduling-1] com.monitor.invoices.InvoiceMonitorJob   :   ? Empresa: Cafam suba | Factura: 145075-TPV2-21596
2026-09-07T17:00:13.214-05:00  WARN 37496 --- [Invoice Monitor - Gastoncito] [scheduling-1] com.monitor.invoices.InvoiceMonitorJob   :   ? Empresa: Cafam suba | Factura: 145075-TPV2-21597
2026-09-07T17:00:13.214-05:00  WARN 37496 --- [Invoice Monitor - Gastoncito] [scheduling-1] com.monitor.invoices.InvoiceMonitorJob   :   ? Empresa: Cafam suba | Factura: 145075-TPV2-21598
2026-09-07T17:00:13.215-05:00  WARN 37496 --- [Invoice Monitor - Gastoncito] [scheduling-1] com.monitor.invoices.InvoiceMonitorJob   :   ? Empresa: Cafam suba | Factura: 145075-TPV2-21599
2026-09-07T17:00:13.215-05:00  WARN 37496 --- [Invoice Monitor - Gastoncito] [scheduling-1] com.monitor.invoices.InvoiceMonitorJob   :   ? Empresa: Cafam suba | Factura: 145075-TPV2-21600
2026-09-07T17:00:13.215-05:00  WARN 37496 --- [Invoice Monitor - Gastoncito] [scheduling-1] com.monitor.invoices.InvoiceMonitorJob   :   ? Empresa: Cafam suba | Factura: 145075-TPV2-21601
2026-09-07T17:00:13.215-05:00  WARN 37496 --- [Invoice Monitor - Gastoncito] [scheduling-1] com.monitor.invoices.InvoiceMonitorJob   :   ? Empresa: Cafam suba | Factura: 145075-TPV2-21602
2026-09-07T17:00:13.215-05:00  WARN 37496 --- [Invoice Monitor - Gastoncito] [scheduling-1] com.monitor.invoices.InvoiceMonitorJob   :   ? Empresa: Cafam suba | Factura: 145075-TPV2-21603
2026-09-07T17:00:13.215-05:00  WARN 37496 --- [Invoice Monitor - Gastoncito] [scheduling-1] com.monitor.invoices.InvoiceMonitorJob   :   ? Empresa: Cafam suba | Factura: 145075-TPV2-21604
2026-09-07T17:00:13.215-05:00  WARN 37496 --- [Invoice Monitor - Gastoncito] [scheduling-1] com.monitor.invoices.InvoiceMonitorJob   :   ? Empresa: Cafam suba | Factura: 145075-TPV2-21605
2026-09-07T17:00:13.215-05:00  WARN 37496 --- [Invoice Monitor - Gastoncito] [scheduling-1] com.monitor.invoices.InvoiceMonitorJob   :   ? Empresa: Cafam suba | Factura: 145075-TPV2-21606
2026-09-07T17:00:13.215-05:00  WARN 37496 --- [Invoice Monitor - Gastoncito] [scheduling-1] com.monitor.invoices.InvoiceMonitorJob   :   ? Empresa: Cafam suba | Factura: 145075-TPV2-21607
2026-09-07T17:00:13.215-05:00  WARN 37496 --- [Invoice Monitor - Gastoncito] [scheduling-1] com.monitor.invoices.InvoiceMonitorJob   :   ? Empresa: Cafam suba | Factura: 145075-TPV2-21608
2026-09-07T17:00:13.215-05:00  WARN 37496 --- [Invoice Monitor - Gastoncito] [scheduling-1] com.monitor.invoices.InvoiceMonitorJob   :   ? Empresa: Cafam suba | Factura: 145075-TPV2-21609
2026-09-07T17:00:13.215-05:00  WARN 37496 --- [Invoice Monitor - Gastoncito] [scheduling-1] com.monitor.invoices.InvoiceMonitorJob   :   ? Empresa: Cafam suba | Factura: 145075-TPV2-21610
2026-09-07T17:00:13.215-05:00  WARN 37496 --- [Invoice Monitor - Gastoncito] [scheduling-1] com.monitor.invoices.InvoiceMonitorJob   :   ? Empresa: Cafam suba | Factura: 145075-TPV2-21611
2026-09-07T17:00:13.215-05:00  WARN 37496 --- [Invoice Monitor - Gastoncito] [scheduling-1] com.monitor.invoices.InvoiceMonitorJob   :   ? Empresa: Cafam suba | Factura: 145075-TPV2-21612
2026-09-07T17:00:13.216-05:00  WARN 37496 --- [Invoice Monitor - Gastoncito] [scheduling-1] com.monitor.invoices.InvoiceMonitorJob   :   ? Empresa: Cafam suba | Factura: 145075-TPV2-21613
2026-09-07T17:00:13.216-05:00  WARN 37496 --- [Invoice Monitor - Gastoncito] [scheduling-1] com.monitor.invoices.InvoiceMonitorJob   :   ? Empresa: Cafam suba | Factura: 145075-TPV2-21614
2026-09-07T17:00:13.216-05:00  WARN 37496 --- [Invoice Monitor - Gastoncito] [scheduling-1] com.monitor.invoices.InvoiceMonitorJob   :   ? Empresa: Cafam suba | Factura: 145075-TPV2-21615
2026-09-07T17:00:13.216-05:00  WARN 37496 --- [Invoice Monitor - Gastoncito] [scheduling-1] com.monitor.invoices.InvoiceMonitorJob   :   ? Empresa: Cafam suba | Factura: 145075-TPV2-21616
2026-09-07T17:00:13.216-05:00  WARN 37496 --- [Invoice Monitor - Gastoncito] [scheduling-1] com.monitor.invoices.InvoiceMonitorJob   :   ? Empresa: Cafam suba | Factura: 145075-TPV2-21617
2026-09-07T17:00:13.216-05:00  WARN 37496 --- [Invoice Monitor - Gastoncito] [scheduling-1] com.monitor.invoices.InvoiceMonitorJob   :   ? Empresa: Cafam suba | Factura: 145075-TPV2-21618
2026-09-07T17:00:13.216-05:00  WARN 37496 --- [Invoice Monitor - Gastoncito] [scheduling-1] com.monitor.invoices.InvoiceMonitorJob   :   ? Empresa: Cafam suba | Factura: 145075-TPV2-21619
2026-09-07T17:00:13.216-05:00  WARN 37496 --- [Invoice Monitor - Gastoncito] [scheduling-1] com.monitor.invoices.InvoiceMonitorJob   :   ? Empresa: Cafam suba | Factura: 145075-TPV2-21620
2026-09-07T17:00:13.216-05:00  WARN 37496 --- [Invoice Monitor - Gastoncito] [scheduling-1] com.monitor.invoices.InvoiceMonitorJob   :   ? Empresa: Cafam suba | Factura: 145075-TPV2-21621
2026-09-07T17:00:13.216-05:00  WARN 37496 --- [Invoice Monitor - Gastoncito] [scheduling-1] com.monitor.invoices.InvoiceMonitorJob   :   ? Empresa: Cafam suba | Factura: 145075-TPV2-21622
2026-09-07T17:00:13.216-05:00  WARN 37496 --- [Invoice Monitor - Gastoncito] [scheduling-1] com.monitor.invoices.InvoiceMonitorJob   :   ? Empresa: Cafam suba | Factura: 145075-TPV2-21623
2026-09-07T17:00:13.216-05:00  WARN 37496 --- [Invoice Monitor - Gastoncito] [scheduling-1] com.monitor.invoices.InvoiceMonitorJob   :   ? Empresa: Cafam suba | Factura: 145075-TPV2-21624
2026-09-07T17:00:13.216-05:00  WARN 37496 --- [Invoice Monitor - Gastoncito] [scheduling-1] com.monitor.invoices.InvoiceMonitorJob   :   ? Empresa: Cafam suba | Factura: 145075-TPV2-21625
2026-09-07T17:00:13.216-05:00  WARN 37496 --- [Invoice Monitor - Gastoncito] [scheduling-1] com.monitor.invoices.InvoiceMonitorJob   :   ? Empresa: Cafam suba | Factura: 145075-TPV2-21626
2026-09-07T17:00:13.216-05:00  WARN 37496 --- [Invoice Monitor - Gastoncito] [scheduling-1] com.monitor.invoices.InvoiceMonitorJob   :   ? Empresa: Cafam suba | Factura: 145075-TPV2-21627
2026-09-07T17:00:13.217-05:00  WARN 37496 --- [Invoice Monitor - Gastoncito] [scheduling-1] com.monitor.invoices.InvoiceMonitorJob   :   ? Empresa: Cafam suba | Factura: 145075-TPV2-21628
2026-09-07T17:00:13.217-05:00  WARN 37496 --- [Invoice Monitor - Gastoncito] [scheduling-1] com.monitor.invoices.InvoiceMonitorJob   :   ? Empresa: Cafam suba | Factura: 145075-TPV2-21629
2026-09-07T17:00:13.217-05:00  WARN 37496 --- [Invoice Monitor - Gastoncito] [scheduling-1] com.monitor.invoices.InvoiceMonitorJob   :   ? Empresa: Cafam suba | Factura: 145075-TPV2-21630
2026-09-07T17:00:13.217-05:00  WARN 37496 --- [Invoice Monitor - Gastoncito] [scheduling-1] com.monitor.invoices.InvoiceMonitorJob   :   ? Empresa: Cafam suba | Factura: 145075-TPV2-21631
2026-09-07T17:00:13.217-05:00  WARN 37496 --- [Invoice Monitor - Gastoncito] [scheduling-1] com.monitor.invoices.InvoiceMonitorJob   :   ? Empresa: Cafam suba | Factura: 145075-TPV2-21632
2026-09-07T17:00:13.217-05:00  WARN 37496 --- [Invoice Monitor - Gastoncito] [scheduling-1] com.monitor.invoices.InvoiceMonitorJob   :   ? Empresa: Cafam suba | Factura: 145075-TPV2-21633
2026-09-07T17:00:13.217-05:00  WARN 37496 --- [Invoice Monitor - Gastoncito] [scheduling-1] com.monitor.invoices.InvoiceMonitorJob   :   ? Empresa: Cafam suba | Factura: 145075-TPV2-21634
2026-09-07T17:00:13.217-05:00  WARN 37496 --- [Invoice Monitor - Gastoncito] [scheduling-1] com.monitor.invoices.InvoiceMonitorJob   :   ? Empresa: Cafam suba | Factura: 145075-TPV2-21635
2026-09-07T17:00:13.217-05:00  WARN 37496 --- [Invoice Monitor - Gastoncito] [scheduling-1] com.monitor.invoices.InvoiceMonitorJob   :   ? Empresa: Cafam suba | Factura: 145075-TPV2-21636
2026-09-07T17:00:13.217-05:00  WARN 37496 --- [Invoice Monitor - Gastoncito] [scheduling-1] com.monitor.invoices.InvoiceMonitorJob   :   ? Empresa: Cafam suba | Factura: 145075-TPV2-21637
2026-09-07T17:00:13.217-05:00  WARN 37496 --- [Invoice Monitor - Gastoncito] [scheduling-1] com.monitor.invoices.InvoiceMonitorJob   :   ? Empresa: Cafam suba | Factura: 145075-TPV2-21638
2026-09-07T17:00:13.217-05:00  WARN 37496 --- [Invoice Monitor - Gastoncito] [scheduling-1] com.monitor.invoices.InvoiceMonitorJob   :   ? Empresa: Cafam suba | Factura: 145075-TPV2-21639
2026-09-07T17:00:13.217-05:00  WARN 37496 --- [Invoice Monitor - Gastoncito] [scheduling-1] com.monitor.invoices.InvoiceMonitorJob   :   ? Empresa: Cafam suba | Factura: 145075-TPV2-21640
2026-09-07T17:00:13.217-05:00  WARN 37496 --- [Invoice Monitor - Gastoncito] [scheduling-1] com.monitor.invoices.InvoiceMonitorJob   :   ? Empresa: Cafam suba | Factura: 145075-TPV2-21641
2026-09-07T17:00:13.217-05:00  WARN 37496 --- [Invoice Monitor - Gastoncito] [scheduling-1] com.monitor.invoices.InvoiceMonitorJob   :   ? Empresa: Cafam suba | Factura: 145075-TPV2-21642
2026-09-07T17:00:13.218-05:00  WARN 37496 --- [Invoice Monitor - Gastoncito] [scheduling-1] com.monitor.invoices.InvoiceMonitorJob   :   ? Empresa: Cafam suba | Factura: 145075-TPV2-21643
2026-09-07T17:00:13.218-05:00  WARN 37496 --- [Invoice Monitor - Gastoncito] [scheduling-1] com.monitor.invoices.InvoiceMonitorJob   :   ? Empresa: Cafam suba | Factura: 145075-TPV2-21644
2026-09-07T17:00:13.218-05:00  WARN 37496 --- [Invoice Monitor - Gastoncito] [scheduling-1] com.monitor.invoices.InvoiceMonitorJob   :   ? Empresa: Cafam suba | Factura: 145075-TPV2-21645
2026-09-07T17:00:13.218-05:00  WARN 37496 --- [Invoice Monitor - Gastoncito] [scheduling-1] com.monitor.invoices.InvoiceMonitorJob   :   ? Empresa: Cafam suba | Factura: 145075-TPV2-21646
2026-09-07T17:00:13.218-05:00  WARN 37496 --- [Invoice Monitor - Gastoncito] [scheduling-1] com.monitor.invoices.InvoiceMonitorJob   :   ? Empresa: Cafam suba | Factura: 145075-TPV2-21647
2026-09-07T17:00:13.218-05:00  WARN 37496 --- [Invoice Monitor - Gastoncito] [scheduling-1] com.monitor.invoices.InvoiceMonitorJob   :   ? Empresa: Cafam suba | Factura: 145075-TPV2-21648
2026-09-07T17:00:13.218-05:00  WARN 37496 --- [Invoice Monitor - Gastoncito] [scheduling-1] com.monitor.invoices.InvoiceMonitorJob   :   ? Empresa: Cafam suba | Factura: 145075-TPV2-21649
2026-09-07T17:00:13.218-05:00  WARN 37496 --- [Invoice Monitor - Gastoncito] [scheduling-1] com.monitor.invoices.InvoiceMonitorJob   :   ? Empresa: Cafam suba | Factura: 145075-TPV2-21650
2026-09-07T17:00:13.218-05:00  WARN 37496 --- [Invoice Monitor - Gastoncito] [scheduling-1] com.monitor.invoices.InvoiceMonitorJob   :   ? Empresa: Cafam suba | Factura: 145075-TPV2-21651
2026-09-07T17:00:13.218-05:00  WARN 37496 --- [Invoice Monitor - Gastoncito] [scheduling-1] com.monitor.invoices.InvoiceMonitorJob   :   ? Empresa: Cafam suba | Factura: 145075-TPV2-21652
2026-09-07T17:00:13.218-05:00  WARN 37496 --- [Invoice Monitor - Gastoncito] [scheduling-1] com.monitor.invoices.InvoiceMonitorJob   :   ? Empresa: Cafam suba | Factura: 145075-TPV2-21653
2026-09-07T17:00:13.218-05:00  WARN 37496 --- [Invoice Monitor - Gastoncito] [scheduling-1] com.monitor.invoices.InvoiceMonitorJob   :   ? Empresa: Cafam suba | Factura: 145075-TPV2-21654
2026-09-07T17:00:13.218-05:00  WARN 37496 --- [Invoice Monitor - Gastoncito] [scheduling-1] com.monitor.invoices.InvoiceMonitorJob   :   ? Empresa: Cafam suba | Factura: 145075-TPV2-21655
2026-09-07T17:00:13.218-05:00  WARN 37496 --- [Invoice Monitor - Gastoncito] [scheduling-1] com.monitor.invoices.InvoiceMonitorJob   :   ? Empresa: Cafam suba | Factura: 145075-TPV2-21656
2026-09-07T17:00:13.219-05:00  WARN 37496 --- [Invoice Monitor - Gastoncito] [scheduling-1] com.monitor.invoices.InvoiceMonitorJob   :   ? Empresa: Cafam suba | Factura: 145075-TPV2-21657
2026-09-07T17:00:13.219-05:00  WARN 37496 --- [Invoice Monitor - Gastoncito] [scheduling-1] com.monitor.invoices.InvoiceMonitorJob   :   ? Empresa: Cafam suba | Factura: 145075-TPV2-21658
2026-09-07T17:00:13.219-05:00  WARN 37496 --- [Invoice Monitor - Gastoncito] [scheduling-1] com.monitor.invoices.InvoiceMonitorJob   :   ? Empresa: Cafam suba | Factura: 145075-TPV2-21659
2026-09-07T17:00:13.219-05:00  WARN 37496 --- [Invoice Monitor - Gastoncito] [scheduling-1] com.monitor.invoices.InvoiceMonitorJob   :   ? Empresa: Cafam suba | Factura: 145075-TPV2-21660
2026-09-07T17:00:13.219-05:00  WARN 37496 --- [Invoice Monitor - Gastoncito] [scheduling-1] com.monitor.invoices.InvoiceMonitorJob   :   ? Empresa: Cafam suba | Factura: 145075-TPV2-21661
2026-09-07T17:00:13.219-05:00  WARN 37496 --- [Invoice Monitor - Gastoncito] [scheduling-1] com.monitor.invoices.InvoiceMonitorJob   :   ? Empresa: Cafam suba | Factura: 145075-TPV2-21662
2026-09-07T17:00:13.219-05:00  WARN 37496 --- [Invoice Monitor - Gastoncito] [scheduling-1] com.monitor.invoices.InvoiceMonitorJob   :   ? Empresa: Cafam suba | Factura: 145075-TPV2-21663
2026-09-07T17:00:13.219-05:00  WARN 37496 --- [Invoice Monitor - Gastoncito] [scheduling-1] com.monitor.invoices.InvoiceMonitorJob   :   ? Empresa: Cafam suba | Factura: 145075-TPV2-21664
2026-09-07T17:00:13.219-05:00  WARN 37496 --- [Invoice Monitor - Gastoncito] [scheduling-1] com.monitor.invoices.InvoiceMonitorJob   :   ? Empresa: Cafam suba | Factura: 145075-TPV2-21665
2026-09-07T17:00:13.219-05:00  WARN 37496 --- [Invoice Monitor - Gastoncito] [scheduling-1] com.monitor.invoices.InvoiceMonitorJob   :   ? Empresa: Cafam suba | Factura: 145075-TPV2-21666
2026-09-07T17:00:13.220-05:00  WARN 37496 --- [Invoice Monitor - Gastoncito] [scheduling-1] com.monitor.invoices.InvoiceMonitorJob   :   ? Empresa: Cafam suba | Factura: 145075-TPV2-21667
2026-09-07T17:00:13.220-05:00  WARN 37496 --- [Invoice Monitor - Gastoncito] [scheduling-1] com.monitor.invoices.InvoiceMonitorJob   :   ? Empresa: Cafam suba | Factura: 145075-TPV2-21668
2026-09-07T17:00:13.220-05:00  WARN 37496 --- [Invoice Monitor - Gastoncito] [scheduling-1] com.monitor.invoices.InvoiceMonitorJob   :   ? Empresa: Cafam suba | Factura: 145075-TPV2-21669
2026-09-07T17:00:13.220-05:00  WARN 37496 --- [Invoice Monitor - Gastoncito] [scheduling-1] com.monitor.invoices.InvoiceMonitorJob   :   ? Empresa: Cafam suba | Factura: 145075-TPV2-21670
2026-09-07T17:00:13.220-05:00  WARN 37496 --- [Invoice Monitor - Gastoncito] [scheduling-1] com.monitor.invoices.InvoiceMonitorJob   :   ? Empresa: Cafam suba | Factura: 145075-TPV2-21671
2026-09-07T17:00:13.220-05:00  WARN 37496 --- [Invoice Monitor - Gastoncito] [scheduling-1] com.monitor.invoices.InvoiceMonitorJob   :   ? Empresa: Cafam suba | Factura: 145075-TPV2-21672
2026-09-07T17:00:13.220-05:00  WARN 37496 --- [Invoice Monitor - Gastoncito] [scheduling-1] com.monitor.invoices.InvoiceMonitorJob   :   ? Empresa: Cafam suba | Factura: 145075-TPV2-21673
2026-09-07T17:00:13.220-05:00  WARN 37496 --- [Invoice Monitor - Gastoncito] [scheduling-1] com.monitor.invoices.InvoiceMonitorJob   :   ? Empresa: Cafam suba | Factura: 145075-TPV2-21674
2026-09-07T17:00:13.220-05:00  WARN 37496 --- [Invoice Monitor - Gastoncito] [scheduling-1] com.monitor.invoices.InvoiceMonitorJob   :   ? Empresa: Cafam suba | Factura: 145075-TPV2-21675
2026-09-07T17:00:13.220-05:00  WARN 37496 --- [Invoice Monitor - Gastoncito] [scheduling-1] com.monitor.invoices.InvoiceMonitorJob   :   ? Empresa: Cafam suba | Factura: 145075-TPV2-21676
2026-09-07T17:00:13.220-05:00  WARN 37496 --- [Invoice Monitor - Gastoncito] [scheduling-1] com.monitor.invoices.InvoiceMonitorJob   :   ? Empresa: Cafam suba | Factura: 145075-TPV2-21677
2026-09-07T17:00:13.220-05:00  WARN 37496 --- [Invoice Monitor - Gastoncito] [scheduling-1] com.monitor.invoices.InvoiceMonitorJob   :   ? Empresa: Cafam suba | Factura: 145075-TPV2-21678
2026-09-07T17:00:13.220-05:00  WARN 37496 --- [Invoice Monitor - Gastoncito] [scheduling-1] com.monitor.invoices.InvoiceMonitorJob   :   ? Empresa: Cafam suba | Factura: 145075-TPV2-21679
2026-09-07T17:00:13.220-05:00  WARN 37496 --- [Invoice Monitor - Gastoncito] [scheduling-1] com.monitor.invoices.InvoiceMonitorJob   :   ? Empresa: Cafam suba | Factura: 145075-TPV2-21680
2026-09-07T17:00:13.221-05:00  WARN 37496 --- [Invoice Monitor - Gastoncito] [scheduling-1] com.monitor.invoices.InvoiceMonitorJob   :   ? Empresa: Cafam suba | Factura: 145075-TPV2-21681
2026-09-07T17:00:13.221-05:00  WARN 37496 --- [Invoice Monitor - Gastoncito] [scheduling-1] com.monitor.invoices.InvoiceMonitorJob   :   ? Empresa: Cafam suba | Factura: 145075-TPV2-21682
2026-09-07T17:00:13.221-05:00  WARN 37496 --- [Invoice Monitor - Gastoncito] [scheduling-1] com.monitor.invoices.InvoiceMonitorJob   :   ? Empresa: Cafam suba | Factura: 145075-TPV2-21683
2026-09-07T17:00:13.221-05:00  WARN 37496 --- [Invoice Monitor - Gastoncito] [scheduling-1] com.monitor.invoices.InvoiceMonitorJob   :   ? Empresa: Cafam suba | Factura: 145075-TPV2-21684
2026-09-07T17:00:13.221-05:00  WARN 37496 --- [Invoice Monitor - Gastoncito] [scheduling-1] com.monitor.invoices.InvoiceMonitorJob   :   ? Empresa: Cafam suba | Factura: 145075-TPV2-21685
2026-09-07T17:00:13.221-05:00  WARN 37496 --- [Invoice Monitor - Gastoncito] [scheduling-1] com.monitor.invoices.InvoiceMonitorJob   :   ? Empresa: Cafam suba | Factura: 145075-TPV2-21686
2026-09-07T17:00:13.221-05:00  WARN 37496 --- [Invoice Monitor - Gastoncito] [scheduling-1] com.monitor.invoices.InvoiceMonitorJob   :   ? Empresa: Cafam suba | Factura: 145075-TPV2-21689
2026-09-07T17:00:13.221-05:00  WARN 37496 --- [Invoice Monitor - Gastoncito] [scheduling-1] com.monitor.invoices.InvoiceMonitorJob   :   ? Empresa: Cafam suba | Factura: 145075-TPV2-21690
2026-09-07T17:00:13.221-05:00  WARN 37496 --- [Invoice Monitor - Gastoncito] [scheduling-1] com.monitor.invoices.InvoiceMonitorJob   :   ? Empresa: Cafam suba | Factura: 145075-TPV2-21691
2026-09-07T17:00:13.221-05:00  WARN 37496 --- [Invoice Monitor - Gastoncito] [scheduling-1] com.monitor.invoices.InvoiceMonitorJob   :   ? Empresa: Cafam suba | Factura: 145075-TPV2-21692
2026-09-07T17:00:13.221-05:00  WARN 37496 --- [Invoice Monitor - Gastoncito] [scheduling-1] com.monitor.invoices.InvoiceMonitorJob   :   ? Empresa: Cafam suba | Factura: 145075-TPV2-21693
2026-09-07T17:00:13.221-05:00  WARN 37496 --- [Invoice Monitor - Gastoncito] [scheduling-1] com.monitor.invoices.InvoiceMonitorJob   :   ? Empresa: Cafam suba | Factura: 145075-TPV2-21694
2026-09-07T17:00:13.221-05:00  WARN 37496 --- [Invoice Monitor - Gastoncito] [scheduling-1] com.monitor.invoices.InvoiceMonitorJob   :   ? Empresa: Cafam suba | Factura: 145075-TPV2-21695
2026-09-07T17:00:13.221-05:00  WARN 37496 --- [Invoice Monitor - Gastoncito] [scheduling-1] com.monitor.invoices.InvoiceMonitorJob   :   ? Empresa: Cafam suba | Factura: 145075-TPV2-21696
2026-09-07T17:00:13.222-05:00  WARN 37496 --- [Invoice Monitor - Gastoncito] [scheduling-1] com.monitor.invoices.InvoiceMonitorJob   :   ? Empresa: Cafam suba | Factura: 145075-TPV2-21697
2026-09-07T17:00:13.222-05:00  WARN 37496 --- [Invoice Monitor - Gastoncito] [scheduling-1] com.monitor.invoices.InvoiceMonitorJob   :   ? Empresa: Cafam suba | Factura: 145075-TPV2-21698
2026-09-07T17:00:13.222-05:00  WARN 37496 --- [Invoice Monitor - Gastoncito] [scheduling-1] com.monitor.invoices.InvoiceMonitorJob   :   ? Empresa: Cafam suba | Factura: 145075-TPV2-21699
2026-09-07T17:00:13.222-05:00  WARN 37496 --- [Invoice Monitor - Gastoncito] [scheduling-1] com.monitor.invoices.InvoiceMonitorJob   :   ? Empresa: Cafam suba | Factura: 145075-TPV2-21700
2026-09-07T17:00:13.222-05:00  WARN 37496 --- [Invoice Monitor - Gastoncito] [scheduling-1] com.monitor.invoices.InvoiceMonitorJob   :   ? Empresa: Cafam suba | Factura: 145075-TPV2-21701
2026-09-07T17:00:13.222-05:00  WARN 37496 --- [Invoice Monitor - Gastoncito] [scheduling-1] com.monitor.invoices.InvoiceMonitorJob   :   ? Empresa: Cafam suba | Factura: 145075-TPV2-21702
2026-09-07T17:00:13.222-05:00  WARN 37496 --- [Invoice Monitor - Gastoncito] [scheduling-1] com.monitor.invoices.InvoiceMonitorJob   :   ? Empresa: Cafam suba | Factura: 145075-TPV2-21703
2026-09-07T17:00:13.222-05:00  WARN 37496 --- [Invoice Monitor - Gastoncito] [scheduling-1] com.monitor.invoices.InvoiceMonitorJob   :   ? Empresa: Cafam suba | Factura: 145075-TPV2-21704
2026-09-07T17:00:13.222-05:00  WARN 37496 --- [Invoice Monitor - Gastoncito] [scheduling-1] com.monitor.invoices.InvoiceMonitorJob   :   ? Empresa: Cafam suba | Factura: 145075-TPV2-21705
2026-09-07T17:00:13.222-05:00  WARN 37496 --- [Invoice Monitor - Gastoncito] [scheduling-1] com.monitor.invoices.InvoiceMonitorJob   :   ? Empresa: Cafam suba | Factura: 145075-TPV2-21706
2026-09-07T17:00:13.222-05:00  WARN 37496 --- [Invoice Monitor - Gastoncito] [scheduling-1] com.monitor.invoices.InvoiceMonitorJob   :   ? Empresa: Cafam suba | Factura: 145075-TPV2-21707
2026-09-07T17:00:13.222-05:00  WARN 37496 --- [Invoice Monitor - Gastoncito] [scheduling-1] com.monitor.invoices.InvoiceMonitorJob   :   ? Empresa: Cafam suba | Factura: 145075-TPV2-21708
2026-09-07T17:00:13.222-05:00  WARN 37496 --- [Invoice Monitor - Gastoncito] [scheduling-1] com.monitor.invoices.InvoiceMonitorJob   :   ? Empresa: Cafam suba | Factura: 145075-TPV2-21709
2026-09-07T17:00:13.222-05:00  WARN 37496 --- [Invoice Monitor - Gastoncito] [scheduling-1] com.monitor.invoices.InvoiceMonitorJob   :   ? Empresa: Cafam suba | Factura: 145075-TPV2-21710
2026-09-07T17:00:13.222-05:00  WARN 37496 --- [Invoice Monitor - Gastoncito] [scheduling-1] com.monitor.invoices.InvoiceMonitorJob   :   ? Empresa: Cafam suba | Factura: 145075-TPV2-21711
2026-09-07T17:00:13.222-05:00  WARN 37496 --- [Invoice Monitor - Gastoncito] [scheduling-1] com.monitor.invoices.InvoiceMonitorJob   :   ? Empresa: Cafam suba | Factura: 145075-TPV2-21712
2026-09-07T17:00:13.223-05:00  WARN 37496 --- [Invoice Monitor - Gastoncito] [scheduling-1] com.monitor.invoices.InvoiceMonitorJob   :   ? Empresa: Cafam suba | Factura: 145075-TPV2-21713
2026-09-07T17:00:13.223-05:00  WARN 37496 --- [Invoice Monitor - Gastoncito] [scheduling-1] com.monitor.invoices.InvoiceMonitorJob   :   ? Empresa: Cafam suba | Factura: 145075-TPV2-21714
2026-09-07T17:00:13.223-05:00  WARN 37496 --- [Invoice Monitor - Gastoncito] [scheduling-1] com.monitor.invoices.InvoiceMonitorJob   :   ? Empresa: Cafam suba | Factura: 145075-TPV2-21715
2026-09-07T17:00:13.223-05:00  WARN 37496 --- [Invoice Monitor - Gastoncito] [scheduling-1] com.monitor.invoices.InvoiceMonitorJob   :   ? Empresa: Cafam suba | Factura: 145075-TPV2-21716
2026-09-07T17:00:13.223-05:00  WARN 37496 --- [Invoice Monitor - Gastoncito] [scheduling-1] com.monitor.invoices.InvoiceMonitorJob   :   ? Empresa: Cafam suba | Factura: 145075-TPV2-21717
2026-09-07T17:00:13.223-05:00  WARN 37496 --- [Invoice Monitor - Gastoncito] [scheduling-1] com.monitor.invoices.InvoiceMonitorJob   :   ? Empresa: Cafam suba | Factura: 145075-TPV2-21718
2026-09-07T17:00:13.223-05:00  WARN 37496 --- [Invoice Monitor - Gastoncito] [scheduling-1] com.monitor.invoices.InvoiceMonitorJob   :   ? Empresa: Cafam suba | Factura: 145075-TPV2-21719
2026-09-07T17:00:13.223-05:00  WARN 37496 --- [Invoice Monitor - Gastoncito] [scheduling-1] com.monitor.invoices.InvoiceMonitorJob   :   ? Empresa: Cafam suba | Factura: 145075-TPV2-21720
2026-09-07T17:00:13.223-05:00  WARN 37496 --- [Invoice Monitor - Gastoncito] [scheduling-1] com.monitor.invoices.InvoiceMonitorJob   :   ? Empresa: Cafam suba | Factura: 145075-TPV2-21721
2026-09-07T17:00:13.223-05:00  WARN 37496 --- [Invoice Monitor - Gastoncito] [scheduling-1] com.monitor.invoices.InvoiceMonitorJob   :   ? Empresa: Cafam suba | Factura: 145075-TPV2-21722
2026-09-07T17:00:13.223-05:00  WARN 37496 --- [Invoice Monitor - Gastoncito] [scheduling-1] com.monitor.invoices.InvoiceMonitorJob   :   ? Empresa: Cafam suba | Factura: 145075-TPV2-21723
2026-09-07T17:00:13.224-05:00  WARN 37496 --- [Invoice Monitor - Gastoncito] [scheduling-1] com.monitor.invoices.InvoiceMonitorJob   :   ? Empresa: Cafam suba | Factura: 145075-TPV2-21724
2026-09-07T17:00:13.224-05:00  WARN 37496 --- [Invoice Monitor - Gastoncito] [scheduling-1] com.monitor.invoices.InvoiceMonitorJob   :   ? Empresa: Cafam suba | Factura: 145075-TPV2-21725
2026-09-07T17:00:13.224-05:00  WARN 37496 --- [Invoice Monitor - Gastoncito] [scheduling-1] com.monitor.invoices.InvoiceMonitorJob   :   ? Empresa: Cafam suba | Factura: 145075-TPV2-21726
2026-09-07T17:00:13.224-05:00  WARN 37496 --- [Invoice Monitor - Gastoncito] [scheduling-1] com.monitor.invoices.InvoiceMonitorJob   :   ? Empresa: Cafam suba | Factura: 145075-TPV2-21727
2026-09-07T17:00:13.224-05:00  WARN 37496 --- [Invoice Monitor - Gastoncito] [scheduling-1] com.monitor.invoices.InvoiceMonitorJob   :   ? Empresa: Cafam suba | Factura: 145075-TPV2-21728
2026-09-07T17:00:13.224-05:00  WARN 37496 --- [Invoice Monitor - Gastoncito] [scheduling-1] com.monitor.invoices.InvoiceMonitorJob   :   ? Empresa: Cafam suba | Factura: 145075-TPV2-21729
2026-09-07T17:00:13.224-05:00  WARN 37496 --- [Invoice Monitor - Gastoncito] [scheduling-1] com.monitor.invoices.InvoiceMonitorJob   :   ? Empresa: Cafam suba | Factura: 145075-TPV2-21730
2026-09-07T17:00:13.224-05:00  WARN 37496 --- [Invoice Monitor - Gastoncito] [scheduling-1] com.monitor.invoices.InvoiceMonitorJob   :   ? Empresa: Cafam suba | Factura: 145075-TPV2-21731
2026-09-07T17:00:13.224-05:00  WARN 37496 --- [Invoice Monitor - Gastoncito] [scheduling-1] com.monitor.invoices.InvoiceMonitorJob   :   ? Empresa: Cafam suba | Factura: 145075-TPV2-21732
2026-09-07T17:00:13.224-05:00  WARN 37496 --- [Invoice Monitor - Gastoncito] [scheduling-1] com.monitor.invoices.InvoiceMonitorJob   :   ? Empresa: Cafam suba | Factura: 145075-TPV2-21733
2026-09-07T17:00:13.224-05:00  WARN 37496 --- [Invoice Monitor - Gastoncito] [scheduling-1] com.monitor.invoices.InvoiceMonitorJob   :   ? Empresa: Cafam suba | Factura: 145075-TPV2-21734
2026-09-07T17:00:13.224-05:00  WARN 37496 --- [Invoice Monitor - Gastoncito] [scheduling-1] com.monitor.invoices.InvoiceMonitorJob   :   ? Empresa: Cafam suba | Factura: 145075-TPV2-21735
2026-09-07T17:00:13.224-05:00  WARN 37496 --- [Invoice Monitor - Gastoncito] [scheduling-1] com.monitor.invoices.InvoiceMonitorJob   :   ? Empresa: Cafam suba | Factura: 145075-TPV2-21736
2026-09-07T17:00:13.224-05:00  WARN 37496 --- [Invoice Monitor - Gastoncito] [scheduling-1] com.monitor.invoices.InvoiceMonitorJob   :   ? Empresa: Cafam suba | Factura: 145075-TPV2-21737
2026-09-07T17:00:13.225-05:00  WARN 37496 --- [Invoice Monitor - Gastoncito] [scheduling-1] com.monitor.invoices.InvoiceMonitorJob   :   ? Empresa: Cafam suba | Factura: 145075-TPV2-21738
2026-09-07T17:00:13.225-05:00  WARN 37496 --- [Invoice Monitor - Gastoncito] [scheduling-1] com.monitor.invoices.InvoiceMonitorJob   :   ? Empresa: Calle 90 | Factura: 262393-TPV-876337
2026-09-07T17:00:13.225-05:00  WARN 37496 --- [Invoice Monitor - Gastoncito] [scheduling-1] com.monitor.invoices.InvoiceMonitorJob   :   ? Empresa: Calle 90 | Factura: 262393-TPV-876988
2026-09-07T17:00:13.225-05:00  WARN 37496 --- [Invoice Monitor - Gastoncito] [scheduling-1] com.monitor.invoices.InvoiceMonitorJob   :   ? Empresa: C.c puerto rico  | Factura: 453375-TPV1-20973
2026-09-07T17:00:13.225-05:00  WARN 37496 --- [Invoice Monitor - Gastoncito] [scheduling-1] com.monitor.invoices.InvoiceMonitorJob   :   ? Empresa: C.c puerto rico  | Factura: 453375-TPV1-21259
2026-09-07T17:00:13.225-05:00  WARN 37496 --- [Invoice Monitor - Gastoncito] [scheduling-1] com.monitor.invoices.InvoiceMonitorJob   :   ? Empresa: C.c puerto rico  | Factura: 453375-TPV1-21262
2026-09-07T17:00:13.225-05:00  WARN 37496 --- [Invoice Monitor - Gastoncito] [scheduling-1] com.monitor.invoices.InvoiceMonitorJob   :   ? Empresa: Centro Comercial Buenavista_2 | Factura: 231490-C.A S1-1-71046
2026-09-07T17:00:13.225-05:00  WARN 37496 --- [Invoice Monitor - Gastoncito] [scheduling-1] com.monitor.invoices.InvoiceMonitorJob   :   ? Empresa: Centro Comercial Buenavista_2 | Factura: 231490-C.A S1-2-87177
2026-09-07T17:00:13.225-05:00  WARN 37496 --- [Invoice Monitor - Gastoncito] [scheduling-1] com.monitor.invoices.InvoiceMonitorJob   :   ? Empresa: Centro Comercial Buenavista_2 | Factura: 231490-C.A S1-2-87178
2026-09-07T17:00:13.225-05:00  WARN 37496 --- [Invoice Monitor - Gastoncito] [scheduling-1] com.monitor.invoices.InvoiceMonitorJob   :   ? Empresa: Centro Comercial Buenavista_2 | Factura: 231490-C.A S1-2-87181
2026-09-07T17:00:13.225-05:00  WARN 37496 --- [Invoice Monitor - Gastoncito] [scheduling-1] com.monitor.invoices.InvoiceMonitorJob   :   ? Empresa: Cima-colmedica p.h. | Factura: 169969-FE85-116081
2026-09-07T17:00:13.225-05:00  WARN 37496 --- [Invoice Monitor - Gastoncito] [scheduling-1] com.monitor.invoices.InvoiceMonitorJob   :   ? Empresa: Clinica porto azul | Factura: 267487-CPA1-117004
2026-09-07T17:00:13.225-05:00  WARN 37496 --- [Invoice Monitor - Gastoncito] [scheduling-1] com.monitor.invoices.InvoiceMonitorJob   :   ? Empresa: Clinica porto azul | Factura: 267487-CPA1-117202
2026-09-07T17:00:13.225-05:00  WARN 37496 --- [Invoice Monitor - Gastoncito] [scheduling-1] com.monitor.invoices.InvoiceMonitorJob   :   ? Empresa: Compensar primera de mayo | Factura: 658917-TPV1-17503
2026-09-07T17:00:13.225-05:00  WARN 37496 --- [Invoice Monitor - Gastoncito] [scheduling-1] com.monitor.invoices.InvoiceMonitorJob   :   ? Empresa: Compensar primera de mayo | Factura: 658917-TPV1-17504
2026-09-07T17:00:13.226-05:00  WARN 37496 --- [Invoice Monitor - Gastoncito] [scheduling-1] com.monitor.invoices.InvoiceMonitorJob   :   ? Empresa: Compensar primera de mayo | Factura: 658917-TPV1-17505
2026-09-07T17:00:13.226-05:00  WARN 37496 --- [Invoice Monitor - Gastoncito] [scheduling-1] com.monitor.invoices.InvoiceMonitorJob   :   ? Empresa: Compensar primera de mayo | Factura: 658917-TPV1-17506
2026-09-07T17:00:13.226-05:00  WARN 37496 --- [Invoice Monitor - Gastoncito] [scheduling-1] com.monitor.invoices.InvoiceMonitorJob   :   ? Empresa: Compensar primera de mayo | Factura: 658917-TPV1-17507
2026-09-07T17:00:13.226-05:00  WARN 37496 --- [Invoice Monitor - Gastoncito] [scheduling-1] com.monitor.invoices.InvoiceMonitorJob   :   ? Empresa: Compensar primera de mayo | Factura: 658917-TPV1-17508
2026-09-07T17:00:13.226-05:00  WARN 37496 --- [Invoice Monitor - Gastoncito] [scheduling-1] com.monitor.invoices.InvoiceMonitorJob   :   ? Empresa: Compensar primera de mayo | Factura: 658917-TPV1-17509
2026-09-07T17:00:13.226-05:00  WARN 37496 --- [Invoice Monitor - Gastoncito] [scheduling-1] com.monitor.invoices.InvoiceMonitorJob   :   ? Empresa: Compensar primera de mayo | Factura: 658917-TPV1-17510
2026-09-07T17:00:13.226-05:00  WARN 37496 --- [Invoice Monitor - Gastoncito] [scheduling-1] com.monitor.invoices.InvoiceMonitorJob   :   ? Empresa: Compensar primera de mayo | Factura: 658917-TPV1-17511
2026-09-07T17:00:13.226-05:00  WARN 37496 --- [Invoice Monitor - Gastoncito] [scheduling-1] com.monitor.invoices.InvoiceMonitorJob   :   ? Empresa: Compensar primera de mayo | Factura: 658917-TPV1-17512
2026-09-07T17:00:13.226-05:00  WARN 37496 --- [Invoice Monitor - Gastoncito] [scheduling-1] com.monitor.invoices.InvoiceMonitorJob   :   ? Empresa: Compensar primera de mayo | Factura: 658917-TPV1-17513
2026-09-07T17:00:13.226-05:00  WARN 37496 --- [Invoice Monitor - Gastoncito] [scheduling-1] com.monitor.invoices.InvoiceMonitorJob   :   ? Empresa: Compensar primera de mayo | Factura: 658917-TPV1-17514
2026-09-07T17:00:13.226-05:00  WARN 37496 --- [Invoice Monitor - Gastoncito] [scheduling-1] com.monitor.invoices.InvoiceMonitorJob   :   ? Empresa: Compensar primera de mayo | Factura: 658917-TPV1-17516
2026-09-07T17:00:13.226-05:00  WARN 37496 --- [Invoice Monitor - Gastoncito] [scheduling-1] com.monitor.invoices.InvoiceMonitorJob   :   ? Empresa: Compensar primera de mayo | Factura: 658917-TPV1-17565
2026-09-07T17:00:13.226-05:00  WARN 37496 --- [Invoice Monitor - Gastoncito] [scheduling-1] com.monitor.invoices.InvoiceMonitorJob   :   ? Empresa: Compensar primera de mayo | Factura: 658917-TPV1-17590
2026-09-07T17:00:13.226-05:00  WARN 37496 --- [Invoice Monitor - Gastoncito] [scheduling-1] com.monitor.invoices.InvoiceMonitorJob   :   ? Empresa: Compensar primera de mayo | Factura: 658917-TPV1-17616
2026-09-07T17:00:13.226-05:00  WARN 37496 --- [Invoice Monitor - Gastoncito] [scheduling-1] com.monitor.invoices.InvoiceMonitorJob   :   ? Empresa: Compensar primera de mayo | Factura: 658917-TPV1-17645
2026-09-07T17:00:13.227-05:00  WARN 37496 --- [Invoice Monitor - Gastoncito] [scheduling-1] com.monitor.invoices.InvoiceMonitorJob   :   ? Empresa: Compensar primera de mayo | Factura: 658917-TPV1-17649
2026-09-07T17:00:13.227-05:00  WARN 37496 --- [Invoice Monitor - Gastoncito] [scheduling-1] com.monitor.invoices.InvoiceMonitorJob   :   ? Empresa: Compensar primera de mayo | Factura: 658917-TPV1-17665
2026-09-07T17:00:13.227-05:00  WARN 37496 --- [Invoice Monitor - Gastoncito] [scheduling-1] com.monitor.invoices.InvoiceMonitorJob   :   ? Empresa: Compensar primera de mayo | Factura: 658917-TPV1-17760
2026-09-07T17:00:13.227-05:00  WARN 37496 --- [Invoice Monitor - Gastoncito] [scheduling-1] com.monitor.invoices.InvoiceMonitorJob   :   ? Empresa: Compensar primera de mayo | Factura: 658917-TPV1-17768
2026-09-07T17:00:13.227-05:00  WARN 37496 --- [Invoice Monitor - Gastoncito] [scheduling-1] com.monitor.invoices.InvoiceMonitorJob   :   ? Empresa: Compensar primera de mayo | Factura: 658917-TPV1-17883
2026-09-07T17:00:13.227-05:00  WARN 37496 --- [Invoice Monitor - Gastoncito] [scheduling-1] com.monitor.invoices.InvoiceMonitorJob   :   ? Empresa: Compensar primera de mayo | Factura: 658917-TPV1-17895
2026-09-07T17:00:13.227-05:00  WARN 37496 --- [Invoice Monitor - Gastoncito] [scheduling-1] com.monitor.invoices.InvoiceMonitorJob   :   ? Empresa: Compensar primera de mayo | Factura: 658917-TPV1-17909
2026-09-07T17:00:13.227-05:00  WARN 37496 --- [Invoice Monitor - Gastoncito] [scheduling-1] com.monitor.invoices.InvoiceMonitorJob   :   ? Empresa: Compensar primera de mayo | Factura: 658917-TPV1-17931
2026-09-07T17:00:13.227-05:00  WARN 37496 --- [Invoice Monitor - Gastoncito] [scheduling-1] com.monitor.invoices.InvoiceMonitorJob   :   ? Empresa: Compensar primera de mayo | Factura: 658917-TPV1-17981
2026-09-07T17:00:13.227-05:00  WARN 37496 --- [Invoice Monitor - Gastoncito] [scheduling-1] com.monitor.invoices.InvoiceMonitorJob   :   ? Empresa: Compensar primera de mayo | Factura: 658917-TPV1-17987
2026-09-07T17:00:13.227-05:00  WARN 37496 --- [Invoice Monitor - Gastoncito] [scheduling-1] com.monitor.invoices.InvoiceMonitorJob   :   ? Empresa: Compensar primera de mayo | Factura: 658917-TPV1-18455
2026-09-07T17:00:13.227-05:00  WARN 37496 --- [Invoice Monitor - Gastoncito] [scheduling-1] com.monitor.invoices.InvoiceMonitorJob   :   ? Empresa: Edificio el bosque | Factura: 264123-COMP-43981
2026-09-07T17:00:13.227-05:00  WARN 37496 --- [Invoice Monitor - Gastoncito] [scheduling-1] com.monitor.invoices.InvoiceMonitorJob   :   ? Empresa: Edificio el bosque | Factura: 264123-COMP-43982
2026-09-07T17:00:13.227-05:00  WARN 37496 --- [Invoice Monitor - Gastoncito] [scheduling-1] com.monitor.invoices.InvoiceMonitorJob   :   ? Empresa: Edificio el bosque | Factura: 264123-COMP-43983
2026-09-07T17:00:13.227-05:00  WARN 37496 --- [Invoice Monitor - Gastoncito] [scheduling-1] com.monitor.invoices.InvoiceMonitorJob   :   ? Empresa: Edificio el bosque | Factura: 264123-COMP-43984
2026-09-07T17:00:13.228-05:00  WARN 37496 --- [Invoice Monitor - Gastoncito] [scheduling-1] com.monitor.invoices.InvoiceMonitorJob   :   ? Empresa: Edificio el bosque | Factura: 264123-COMP-43985
2026-09-07T17:00:13.228-05:00  WARN 37496 --- [Invoice Monitor - Gastoncito] [scheduling-1] com.monitor.invoices.InvoiceMonitorJob   :   ? Empresa: Edificio el bosque | Factura: 264123-COMP-43986
2026-09-07T17:00:13.228-05:00  WARN 37496 --- [Invoice Monitor - Gastoncito] [scheduling-1] com.monitor.invoices.InvoiceMonitorJob   :   ? Empresa: Edificio el bosque | Factura: 264123-COMP-43987
2026-09-07T17:00:13.228-05:00  WARN 37496 --- [Invoice Monitor - Gastoncito] [scheduling-1] com.monitor.invoices.InvoiceMonitorJob   :   ? Empresa: Edificio el bosque | Factura: 264123-COMP-43988
2026-09-07T17:00:13.228-05:00  WARN 37496 --- [Invoice Monitor - Gastoncito] [scheduling-1] com.monitor.invoices.InvoiceMonitorJob   :   ? Empresa: Edificio el bosque | Factura: 264123-COMP-43989
2026-09-07T17:00:13.228-05:00  WARN 37496 --- [Invoice Monitor - Gastoncito] [scheduling-1] com.monitor.invoices.InvoiceMonitorJob   :   ? Empresa: Edificio el bosque | Factura: 264123-COMP-43990
2026-09-07T17:00:13.228-05:00  WARN 37496 --- [Invoice Monitor - Gastoncito] [scheduling-1] com.monitor.invoices.InvoiceMonitorJob   :   ? Empresa: Edificio el bosque | Factura: 264123-COMP-43991
2026-09-07T17:00:13.228-05:00  WARN 37496 --- [Invoice Monitor - Gastoncito] [scheduling-1] com.monitor.invoices.InvoiceMonitorJob   :   ? Empresa: Edificio el bosque | Factura: 264123-COMP-43992
2026-09-07T17:00:13.228-05:00  WARN 37496 --- [Invoice Monitor - Gastoncito] [scheduling-1] com.monitor.invoices.InvoiceMonitorJob   :   ? Empresa: Edificio el bosque | Factura: 264123-COMP-43993
2026-09-07T17:00:13.228-05:00  WARN 37496 --- [Invoice Monitor - Gastoncito] [scheduling-1] com.monitor.invoices.InvoiceMonitorJob   :   ? Empresa: Edificio el bosque | Factura: 264123-COMP-43994
2026-09-07T17:00:13.228-05:00  WARN 37496 --- [Invoice Monitor - Gastoncito] [scheduling-1] com.monitor.invoices.InvoiceMonitorJob   :   ? Empresa: Edificio el bosque | Factura: 264123-COMP-43995
2026-09-07T17:00:13.228-05:00  WARN 37496 --- [Invoice Monitor - Gastoncito] [scheduling-1] com.monitor.invoices.InvoiceMonitorJob   :   ? Empresa: Edificio el bosque | Factura: 264123-COMP-43996
2026-09-07T17:00:13.228-05:00  WARN 37496 --- [Invoice Monitor - Gastoncito] [scheduling-1] com.monitor.invoices.InvoiceMonitorJob   :   ? Empresa: Edificio el bosque | Factura: 264123-COMP-43997
2026-09-07T17:00:13.228-05:00  WARN 37496 --- [Invoice Monitor - Gastoncito] [scheduling-1] com.monitor.invoices.InvoiceMonitorJob   :   ? Empresa: Edificio el bosque | Factura: 264123-COMP-43998
2026-09-07T17:00:13.229-05:00  WARN 37496 --- [Invoice Monitor - Gastoncito] [scheduling-1] com.monitor.invoices.InvoiceMonitorJob   :   ? Empresa: Edificio el bosque | Factura: 264123-COMP-43999
2026-09-07T17:00:13.229-05:00  WARN 37496 --- [Invoice Monitor - Gastoncito] [scheduling-1] com.monitor.invoices.InvoiceMonitorJob   :   ? Empresa: Edificio el bosque | Factura: 264123-COMP-44000
2026-09-07T17:00:13.229-05:00  WARN 37496 --- [Invoice Monitor - Gastoncito] [scheduling-1] com.monitor.invoices.InvoiceMonitorJob   :   ? Empresa: Edificio el bosque | Factura: 264123-COMP-44001
2026-09-07T17:00:13.229-05:00  WARN 37496 --- [Invoice Monitor - Gastoncito] [scheduling-1] com.monitor.invoices.InvoiceMonitorJob   :   ? Empresa: Edificio el bosque | Factura: 264123-COMP-44002
2026-09-07T17:00:13.229-05:00  WARN 37496 --- [Invoice Monitor - Gastoncito] [scheduling-1] com.monitor.invoices.InvoiceMonitorJob   :   ? Empresa: Edificio el bosque | Factura: 264123-COMP-44003
2026-09-07T17:00:13.229-05:00  WARN 37496 --- [Invoice Monitor - Gastoncito] [scheduling-1] com.monitor.invoices.InvoiceMonitorJob   :   ? Empresa: Edificio el bosque | Factura: 264123-COMP-44004
2026-09-07T17:00:13.229-05:00  WARN 37496 --- [Invoice Monitor - Gastoncito] [scheduling-1] com.monitor.invoices.InvoiceMonitorJob   :   ? Empresa: Edificio el bosque | Factura: 264123-COMP-44005
2026-09-07T17:00:13.229-05:00  WARN 37496 --- [Invoice Monitor - Gastoncito] [scheduling-1] com.monitor.invoices.InvoiceMonitorJob   :   ? Empresa: Edificio el bosque | Factura: 264123-COMP-44006
2026-09-07T17:00:13.229-05:00  WARN 37496 --- [Invoice Monitor - Gastoncito] [scheduling-1] com.monitor.invoices.InvoiceMonitorJob   :   ? Empresa: Edificio el bosque | Factura: 264123-COMP-44007
2026-09-07T17:00:13.229-05:00  WARN 37496 --- [Invoice Monitor - Gastoncito] [scheduling-1] com.monitor.invoices.InvoiceMonitorJob   :   ? Empresa: Edificio el bosque | Factura: 264123-COMP-44008
2026-09-07T17:00:13.229-05:00  WARN 37496 --- [Invoice Monitor - Gastoncito] [scheduling-1] com.monitor.invoices.InvoiceMonitorJob   :   ? Empresa: Edificio el bosque | Factura: 264123-COMP-44009
2026-09-07T17:00:13.229-05:00  WARN 37496 --- [Invoice Monitor - Gastoncito] [scheduling-1] com.monitor.invoices.InvoiceMonitorJob   :   ? Empresa: Edificio el bosque | Factura: 264123-COMP-44010
2026-09-07T17:00:13.229-05:00  WARN 37496 --- [Invoice Monitor - Gastoncito] [scheduling-1] com.monitor.invoices.InvoiceMonitorJob   :   ? Empresa: Edificio el bosque | Factura: 264123-COMP-44011
2026-09-07T17:00:13.229-05:00  WARN 37496 --- [Invoice Monitor - Gastoncito] [scheduling-1] com.monitor.invoices.InvoiceMonitorJob   :   ? Empresa: Edificio el bosque | Factura: 264123-COMP-44012
2026-09-07T17:00:13.230-05:00  WARN 37496 --- [Invoice Monitor - Gastoncito] [scheduling-1] com.monitor.invoices.InvoiceMonitorJob   :   ? Empresa: Edificio el bosque | Factura: 264123-COMP-44013
2026-09-07T17:00:13.230-05:00  WARN 37496 --- [Invoice Monitor - Gastoncito] [scheduling-1] com.monitor.invoices.InvoiceMonitorJob   :   ? Empresa: Edificio el bosque | Factura: 264123-COMP-44014
2026-09-07T17:00:13.230-05:00  WARN 37496 --- [Invoice Monitor - Gastoncito] [scheduling-1] com.monitor.invoices.InvoiceMonitorJob   :   ? Empresa: Edificio el bosque | Factura: 264123-COMP-44015
2026-09-07T17:00:13.230-05:00  WARN 37496 --- [Invoice Monitor - Gastoncito] [scheduling-1] com.monitor.invoices.InvoiceMonitorJob   :   ? Empresa: Edificio el bosque | Factura: 264123-COMP-44016
2026-09-07T17:00:13.230-05:00  WARN 37496 --- [Invoice Monitor - Gastoncito] [scheduling-1] com.monitor.invoices.InvoiceMonitorJob   :   ? Empresa: Edificio el bosque | Factura: 264123-COMP-44017
2026-09-07T17:00:13.230-05:00  WARN 37496 --- [Invoice Monitor - Gastoncito] [scheduling-1] com.monitor.invoices.InvoiceMonitorJob   :   ? Empresa: Edificio el bosque | Factura: 264123-COMP-44018
2026-09-07T17:00:13.230-05:00  WARN 37496 --- [Invoice Monitor - Gastoncito] [scheduling-1] com.monitor.invoices.InvoiceMonitorJob   :   ? Empresa: Edificio el bosque | Factura: 264123-COMP-44019
2026-09-07T17:00:13.230-05:00  WARN 37496 --- [Invoice Monitor - Gastoncito] [scheduling-1] com.monitor.invoices.InvoiceMonitorJob   :   ? Empresa: Edificio el bosque | Factura: 264123-COMP-44020
2026-09-07T17:00:13.230-05:00  WARN 37496 --- [Invoice Monitor - Gastoncito] [scheduling-1] com.monitor.invoices.InvoiceMonitorJob   :   ? Empresa: Edificio el bosque | Factura: 264123-COMP-44021
2026-09-07T17:00:13.230-05:00  WARN 37496 --- [Invoice Monitor - Gastoncito] [scheduling-1] com.monitor.invoices.InvoiceMonitorJob   :   ? Empresa: Edificio el bosque | Factura: 264123-COMP-44022
2026-09-07T17:00:13.230-05:00  WARN 37496 --- [Invoice Monitor - Gastoncito] [scheduling-1] com.monitor.invoices.InvoiceMonitorJob   :   ? Empresa: Edificio el bosque | Factura: 264123-COMP-44023
2026-09-07T17:00:13.230-05:00  WARN 37496 --- [Invoice Monitor - Gastoncito] [scheduling-1] com.monitor.invoices.InvoiceMonitorJob   :   ? Empresa: Edificio el bosque | Factura: 264123-COMP-44024
2026-09-07T17:00:13.230-05:00  WARN 37496 --- [Invoice Monitor - Gastoncito] [scheduling-1] com.monitor.invoices.InvoiceMonitorJob   :   ? Empresa: Edificio el bosque | Factura: 264123-COMP-44025
2026-09-07T17:00:13.230-05:00  WARN 37496 --- [Invoice Monitor - Gastoncito] [scheduling-1] com.monitor.invoices.InvoiceMonitorJob   :   ? Empresa: Edificio el bosque | Factura: 264123-COMP-44026
2026-09-07T17:00:13.230-05:00  WARN 37496 --- [Invoice Monitor - Gastoncito] [scheduling-1] com.monitor.invoices.InvoiceMonitorJob   :   ? Empresa: Edificio el bosque | Factura: 264123-COMP-44027
2026-09-07T17:00:13.231-05:00  WARN 37496 --- [Invoice Monitor - Gastoncito] [scheduling-1] com.monitor.invoices.InvoiceMonitorJob   :   ? Empresa: Edificio el bosque | Factura: 264123-COMP-44028
2026-09-07T17:00:13.231-05:00  WARN 37496 --- [Invoice Monitor - Gastoncito] [scheduling-1] com.monitor.invoices.InvoiceMonitorJob   :   ? Empresa: Edificio el bosque | Factura: 264123-COMP-44029
2026-09-07T17:00:13.231-05:00  WARN 37496 --- [Invoice Monitor - Gastoncito] [scheduling-1] com.monitor.invoices.InvoiceMonitorJob   :   ? Empresa: Edificio el bosque | Factura: 264123-COMP-44030
2026-09-07T17:00:13.231-05:00  WARN 37496 --- [Invoice Monitor - Gastoncito] [scheduling-1] com.monitor.invoices.InvoiceMonitorJob   :   ? Empresa: Edificio el bosque | Factura: 264123-COMP-44031
2026-09-07T17:00:13.231-05:00  WARN 37496 --- [Invoice Monitor - Gastoncito] [scheduling-1] com.monitor.invoices.InvoiceMonitorJob   :   ? Empresa: Edificio el bosque | Factura: 264123-COMP-44032
2026-09-07T17:00:13.231-05:00  WARN 37496 --- [Invoice Monitor - Gastoncito] [scheduling-1] com.monitor.invoices.InvoiceMonitorJob   :   ? Empresa: Edificio el bosque | Factura: 264123-COMP-44033
2026-09-07T17:00:13.231-05:00  WARN 37496 --- [Invoice Monitor - Gastoncito] [scheduling-1] com.monitor.invoices.InvoiceMonitorJob   :   ? Empresa: Edificio el bosque | Factura: 264123-COMP-44034
2026-09-07T17:00:13.231-05:00  WARN 37496 --- [Invoice Monitor - Gastoncito] [scheduling-1] com.monitor.invoices.InvoiceMonitorJob   :   ? Empresa: Edificio el bosque | Factura: 264123-COMP-44035
2026-09-07T17:00:13.231-05:00  WARN 37496 --- [Invoice Monitor - Gastoncito] [scheduling-1] com.monitor.invoices.InvoiceMonitorJob   :   ? Empresa: Edificio el bosque | Factura: 264123-COMP-44036
2026-09-07T17:00:13.231-05:00  WARN 37496 --- [Invoice Monitor - Gastoncito] [scheduling-1] com.monitor.invoices.InvoiceMonitorJob   :   ? Empresa: Edificio el bosque | Factura: 264123-COMP-44037
2026-09-07T17:00:13.231-05:00  WARN 37496 --- [Invoice Monitor - Gastoncito] [scheduling-1] com.monitor.invoices.InvoiceMonitorJob   :   ? Empresa: Edificio el bosque | Factura: 264123-COMP-44038
2026-09-07T17:00:13.231-05:00  WARN 37496 --- [Invoice Monitor - Gastoncito] [scheduling-1] com.monitor.invoices.InvoiceMonitorJob   :   ? Empresa: Edificio el bosque | Factura: 264123-COMP-44039
2026-09-07T17:00:13.231-05:00  WARN 37496 --- [Invoice Monitor - Gastoncito] [scheduling-1] com.monitor.invoices.InvoiceMonitorJob   :   ? Empresa: Edificio el bosque | Factura: 264123-COMP-44040
2026-09-07T17:00:13.231-05:00  WARN 37496 --- [Invoice Monitor - Gastoncito] [scheduling-1] com.monitor.invoices.InvoiceMonitorJob   :   ? Empresa: Edificio el bosque | Factura: 264123-COMP-44041
2026-09-07T17:00:13.231-05:00  WARN 37496 --- [Invoice Monitor - Gastoncito] [scheduling-1] com.monitor.invoices.InvoiceMonitorJob   :   ? Empresa: Edificio el bosque | Factura: 264123-COMP-44042
2026-09-07T17:00:13.232-05:00  WARN 37496 --- [Invoice Monitor - Gastoncito] [scheduling-1] com.monitor.invoices.InvoiceMonitorJob   :   ? Empresa: Edificio el bosque | Factura: 264123-COMP-44043
2026-09-07T17:00:13.232-05:00  WARN 37496 --- [Invoice Monitor - Gastoncito] [scheduling-1] com.monitor.invoices.InvoiceMonitorJob   :   ? Empresa: Edificio el bosque | Factura: 264123-COMP-44044
2026-09-07T17:00:13.232-05:00  WARN 37496 --- [Invoice Monitor - Gastoncito] [scheduling-1] com.monitor.invoices.InvoiceMonitorJob   :   ? Empresa: Edificio el bosque | Factura: 264123-COMP-44045
2026-09-07T17:00:13.232-05:00  WARN 37496 --- [Invoice Monitor - Gastoncito] [scheduling-1] com.monitor.invoices.InvoiceMonitorJob   :   ? Empresa: Edificio el bosque | Factura: 264123-COMP-44046
2026-09-07T17:00:13.232-05:00  WARN 37496 --- [Invoice Monitor - Gastoncito] [scheduling-1] com.monitor.invoices.InvoiceMonitorJob   :   ? Empresa: Edificio el bosque | Factura: 264123-COMP-44047
2026-09-07T17:00:13.232-05:00  WARN 37496 --- [Invoice Monitor - Gastoncito] [scheduling-1] com.monitor.invoices.InvoiceMonitorJob   :   ? Empresa: Edificio el bosque | Factura: 264123-COMP-44048
2026-09-07T17:00:13.232-05:00  WARN 37496 --- [Invoice Monitor - Gastoncito] [scheduling-1] com.monitor.invoices.InvoiceMonitorJob   :   ? Empresa: Edificio el bosque | Factura: 264123-COMP-44049
2026-09-07T17:00:13.232-05:00  WARN 37496 --- [Invoice Monitor - Gastoncito] [scheduling-1] com.monitor.invoices.InvoiceMonitorJob   :   ? Empresa: Edificio el bosque | Factura: 264123-COMP-44050
2026-09-07T17:00:13.232-05:00  WARN 37496 --- [Invoice Monitor - Gastoncito] [scheduling-1] com.monitor.invoices.InvoiceMonitorJob   :   ? Empresa: Edificio el bosque | Factura: 264123-COMP-44051
2026-09-07T17:00:13.232-05:00  WARN 37496 --- [Invoice Monitor - Gastoncito] [scheduling-1] com.monitor.invoices.InvoiceMonitorJob   :   ? Empresa: Edificio el bosque | Factura: 264123-COMP-44052
2026-09-07T17:00:13.232-05:00  WARN 37496 --- [Invoice Monitor - Gastoncito] [scheduling-1] com.monitor.invoices.InvoiceMonitorJob   :   ? Empresa: Edificio el bosque | Factura: 264123-COMP-44053
2026-09-07T17:00:13.232-05:00  WARN 37496 --- [Invoice Monitor - Gastoncito] [scheduling-1] com.monitor.invoices.InvoiceMonitorJob   :   ? Empresa: Edificio el bosque | Factura: 264123-COMP-44054
2026-09-07T17:00:13.232-05:00  WARN 37496 --- [Invoice Monitor - Gastoncito] [scheduling-1] com.monitor.invoices.InvoiceMonitorJob   :   ? Empresa: Edificio el bosque | Factura: 264123-COMP-44055
2026-09-07T17:00:13.233-05:00  WARN 37496 --- [Invoice Monitor - Gastoncito] [scheduling-1] com.monitor.invoices.InvoiceMonitorJob   :   ? Empresa: Edificio el bosque | Factura: 264123-COMP-44056
2026-09-07T17:00:13.233-05:00  WARN 37496 --- [Invoice Monitor - Gastoncito] [scheduling-1] com.monitor.invoices.InvoiceMonitorJob   :   ? Empresa: Edificio el bosque | Factura: 264123-COMP-44057
2026-09-07T17:00:13.233-05:00  WARN 37496 --- [Invoice Monitor - Gastoncito] [scheduling-1] com.monitor.invoices.InvoiceMonitorJob   :   ? Empresa: Edificio el bosque | Factura: 264123-COMP-44058
2026-09-07T17:00:13.233-05:00  WARN 37496 --- [Invoice Monitor - Gastoncito] [scheduling-1] com.monitor.invoices.InvoiceMonitorJob   :   ? Empresa: Edificio el bosque | Factura: 264123-COMP-44059
2026-09-07T17:00:13.233-05:00  WARN 37496 --- [Invoice Monitor - Gastoncito] [scheduling-1] com.monitor.invoices.InvoiceMonitorJob   :   ? Empresa: Edificio el bosque | Factura: 264123-COMP-44060
2026-09-07T17:00:13.233-05:00  WARN 37496 --- [Invoice Monitor - Gastoncito] [scheduling-1] com.monitor.invoices.InvoiceMonitorJob   :   ? Empresa: Edificio el bosque | Factura: 264123-COMP-44061
2026-09-07T17:00:13.233-05:00  WARN 37496 --- [Invoice Monitor - Gastoncito] [scheduling-1] com.monitor.invoices.InvoiceMonitorJob   :   ? Empresa: Edificio el bosque | Factura: 264123-COMP-44062
2026-09-07T17:00:13.233-05:00  WARN 37496 --- [Invoice Monitor - Gastoncito] [scheduling-1] com.monitor.invoices.InvoiceMonitorJob   :   ? Empresa: Edificio el bosque | Factura: 264123-COMP-44063
2026-09-07T17:00:13.233-05:00  WARN 37496 --- [Invoice Monitor - Gastoncito] [scheduling-1] com.monitor.invoices.InvoiceMonitorJob   :   ? Empresa: Edificio el bosque | Factura: 264123-COMP-44064
2026-09-07T17:00:13.233-05:00  WARN 37496 --- [Invoice Monitor - Gastoncito] [scheduling-1] com.monitor.invoices.InvoiceMonitorJob   :   ? Empresa: Edificio el bosque | Factura: 264123-COMP-44065
2026-09-07T17:00:13.233-05:00  WARN 37496 --- [Invoice Monitor - Gastoncito] [scheduling-1] com.monitor.invoices.InvoiceMonitorJob   :   ? Empresa: Edificio el bosque | Factura: 264123-COMP-44066
2026-09-07T17:00:13.233-05:00  WARN 37496 --- [Invoice Monitor - Gastoncito] [scheduling-1] com.monitor.invoices.InvoiceMonitorJob   :   ? Empresa: Edificio el bosque | Factura: 264123-COMP-44067
2026-09-07T17:00:13.233-05:00  WARN 37496 --- [Invoice Monitor - Gastoncito] [scheduling-1] com.monitor.invoices.InvoiceMonitorJob   :   ? Empresa: Edificio el bosque | Factura: 264123-COMP-44068
2026-09-07T17:00:13.233-05:00  WARN 37496 --- [Invoice Monitor - Gastoncito] [scheduling-1] com.monitor.invoices.InvoiceMonitorJob   :   ? Empresa: Edificio el bosque | Factura: 264123-COMP-44069
2026-09-07T17:00:13.233-05:00  WARN 37496 --- [Invoice Monitor - Gastoncito] [scheduling-1] com.monitor.invoices.InvoiceMonitorJob   :   ? Empresa: Edificio el bosque | Factura: 264123-COMP-44070
2026-09-07T17:00:13.234-05:00  WARN 37496 --- [Invoice Monitor - Gastoncito] [scheduling-1] com.monitor.invoices.InvoiceMonitorJob   :   ? Empresa: Edificio el bosque | Factura: 264123-COMP-44071
2026-09-07T17:00:13.234-05:00  WARN 37496 --- [Invoice Monitor - Gastoncito] [scheduling-1] com.monitor.invoices.InvoiceMonitorJob   :   ? Empresa: Edificio el bosque | Factura: 264123-COMP-44072
2026-09-07T17:00:13.234-05:00  WARN 37496 --- [Invoice Monitor - Gastoncito] [scheduling-1] com.monitor.invoices.InvoiceMonitorJob   :   ? Empresa: Edificio el bosque | Factura: 264123-COMP-44073
2026-09-07T17:00:13.234-05:00  WARN 37496 --- [Invoice Monitor - Gastoncito] [scheduling-1] com.monitor.invoices.InvoiceMonitorJob   :   ? Empresa: Edificio el bosque | Factura: 264123-COMP-44074
2026-09-07T17:00:13.234-05:00  WARN 37496 --- [Invoice Monitor - Gastoncito] [scheduling-1] com.monitor.invoices.InvoiceMonitorJob   :   ? Empresa: Edificio el bosque | Factura: 264123-COMP-44075
2026-09-07T17:00:13.234-05:00  WARN 37496 --- [Invoice Monitor - Gastoncito] [scheduling-1] com.monitor.invoices.InvoiceMonitorJob   :   ? Empresa: Edificio el bosque | Factura: 264123-COMP-44076
2026-09-07T17:00:13.234-05:00  WARN 37496 --- [Invoice Monitor - Gastoncito] [scheduling-1] com.monitor.invoices.InvoiceMonitorJob   :   ? Empresa: Edificio el bosque | Factura: 264123-COMP-44077
2026-09-07T17:00:13.234-05:00  WARN 37496 --- [Invoice Monitor - Gastoncito] [scheduling-1] com.monitor.invoices.InvoiceMonitorJob   :   ? Empresa: Edificio el bosque | Factura: 264123-COMP-44078
2026-09-07T17:00:13.234-05:00  WARN 37496 --- [Invoice Monitor - Gastoncito] [scheduling-1] com.monitor.invoices.InvoiceMonitorJob   :   ? Empresa: Edificio el bosque | Factura: 264123-COMP-44079
2026-09-07T17:00:13.234-05:00  WARN 37496 --- [Invoice Monitor - Gastoncito] [scheduling-1] com.monitor.invoices.InvoiceMonitorJob   :   ? Empresa: Edificio el bosque | Factura: 264123-COMP-44080
2026-09-07T17:00:13.234-05:00  WARN 37496 --- [Invoice Monitor - Gastoncito] [scheduling-1] com.monitor.invoices.InvoiceMonitorJob   :   ? Empresa: Edificio el bosque | Factura: 264123-COMP-44081
2026-09-07T17:00:13.234-05:00  WARN 37496 --- [Invoice Monitor - Gastoncito] [scheduling-1] com.monitor.invoices.InvoiceMonitorJob   :   ? Empresa: Edificio el bosque | Factura: 264123-COMP-44082
2026-09-07T17:00:13.234-05:00  WARN 37496 --- [Invoice Monitor - Gastoncito] [scheduling-1] com.monitor.invoices.InvoiceMonitorJob   :   ? Empresa: Edificio el bosque | Factura: 264123-COMP-44083
2026-09-07T17:00:13.234-05:00  WARN 37496 --- [Invoice Monitor - Gastoncito] [scheduling-1] com.monitor.invoices.InvoiceMonitorJob   :   ? Empresa: Edificio el bosque | Factura: 264123-COMP-44084
2026-09-07T17:00:13.234-05:00  WARN 37496 --- [Invoice Monitor - Gastoncito] [scheduling-1] com.monitor.invoices.InvoiceMonitorJob   :   ? Empresa: Edificio el bosque | Factura: 264123-COMP-44085
2026-09-07T17:00:13.235-05:00  WARN 37496 --- [Invoice Monitor - Gastoncito] [scheduling-1] com.monitor.invoices.InvoiceMonitorJob   :   ? Empresa: Edificio el bosque | Factura: 264123-COMP-44086
2026-09-07T17:00:13.235-05:00  WARN 37496 --- [Invoice Monitor - Gastoncito] [scheduling-1] com.monitor.invoices.InvoiceMonitorJob   :   ? Empresa: Edificio el bosque | Factura: 264123-COMP-44087
2026-09-07T17:00:13.235-05:00  WARN 37496 --- [Invoice Monitor - Gastoncito] [scheduling-1] com.monitor.invoices.InvoiceMonitorJob   :   ? Empresa: Edificio el bosque | Factura: 264123-COMP-44088
2026-09-07T17:00:13.235-05:00  WARN 37496 --- [Invoice Monitor - Gastoncito] [scheduling-1] com.monitor.invoices.InvoiceMonitorJob   :   ? Empresa: Edificio el bosque | Factura: 264123-COMP-44089
2026-09-07T17:00:13.235-05:00  WARN 37496 --- [Invoice Monitor - Gastoncito] [scheduling-1] com.monitor.invoices.InvoiceMonitorJob   :   ? Empresa: Edificio el bosque | Factura: 264123-COMP-44090
2026-09-07T17:00:13.235-05:00  WARN 37496 --- [Invoice Monitor - Gastoncito] [scheduling-1] com.monitor.invoices.InvoiceMonitorJob   :   ? Empresa: Edificio el bosque | Factura: 264123-COMP-44091
2026-09-07T17:00:13.235-05:00  WARN 37496 --- [Invoice Monitor - Gastoncito] [scheduling-1] com.monitor.invoices.InvoiceMonitorJob   :   ? Empresa: Edificio el bosque | Factura: 264123-COMP-44092
2026-09-07T17:00:13.235-05:00  WARN 37496 --- [Invoice Monitor - Gastoncito] [scheduling-1] com.monitor.invoices.InvoiceMonitorJob   :   ? Empresa: Edificio el bosque | Factura: 264123-COMP-44093
2026-09-07T17:00:13.235-05:00  WARN 37496 --- [Invoice Monitor - Gastoncito] [scheduling-1] com.monitor.invoices.InvoiceMonitorJob   :   ? Empresa: Edificio el bosque | Factura: 264123-COMP-44094
2026-09-07T17:00:13.235-05:00  WARN 37496 --- [Invoice Monitor - Gastoncito] [scheduling-1] com.monitor.invoices.InvoiceMonitorJob   :   ? Empresa: Edificio el bosque | Factura: 264123-COMP-44095
2026-09-07T17:00:13.235-05:00  WARN 37496 --- [Invoice Monitor - Gastoncito] [scheduling-1] com.monitor.invoices.InvoiceMonitorJob   :   ? Empresa: Edificio el bosque | Factura: 264123-COMP-44096
2026-09-07T17:00:13.235-05:00  WARN 37496 --- [Invoice Monitor - Gastoncito] [scheduling-1] com.monitor.invoices.InvoiceMonitorJob   :   ? Empresa: Edificio el bosque | Factura: 264123-COMP-44097
2026-09-07T17:00:13.235-05:00  WARN 37496 --- [Invoice Monitor - Gastoncito] [scheduling-1] com.monitor.invoices.InvoiceMonitorJob   :   ? Empresa: Edificio el bosque | Factura: 264123-COMP-44098
2026-09-07T17:00:13.235-05:00  WARN 37496 --- [Invoice Monitor - Gastoncito] [scheduling-1] com.monitor.invoices.InvoiceMonitorJob   :   ? Empresa: Edificio el bosque | Factura: 264123-COMP-44099
2026-09-07T17:00:13.236-05:00  WARN 37496 --- [Invoice Monitor - Gastoncito] [scheduling-1] com.monitor.invoices.InvoiceMonitorJob   :   ? Empresa: Edificio el bosque | Factura: 264123-COMP-44100
2026-09-07T17:00:13.236-05:00  WARN 37496 --- [Invoice Monitor - Gastoncito] [scheduling-1] com.monitor.invoices.InvoiceMonitorJob   :   ? Empresa: Edificio el bosque | Factura: 264123-COMP-44101
2026-09-07T17:00:13.236-05:00  WARN 37496 --- [Invoice Monitor - Gastoncito] [scheduling-1] com.monitor.invoices.InvoiceMonitorJob   :   ? Empresa: Edificio el bosque | Factura: 264123-COMP-44102
2026-09-07T17:00:13.236-05:00  WARN 37496 --- [Invoice Monitor - Gastoncito] [scheduling-1] com.monitor.invoices.InvoiceMonitorJob   :   ? Empresa: Edificio el bosque | Factura: 264123-COMP-44103
2026-09-07T17:00:13.236-05:00  WARN 37496 --- [Invoice Monitor - Gastoncito] [scheduling-1] com.monitor.invoices.InvoiceMonitorJob   :   ? Empresa: Edificio el bosque | Factura: 264123-COMP-44104
2026-09-07T17:00:13.236-05:00  WARN 37496 --- [Invoice Monitor - Gastoncito] [scheduling-1] com.monitor.invoices.InvoiceMonitorJob   :   ? Empresa: Edificio el bosque | Factura: 264123-COMP-44105
2026-09-07T17:00:15.608-05:00  INFO 37496 --- [Invoice Monitor - Gastoncito] [scheduling-1] com.monitor.invoices.EmailService        : ??  Correo de alerta enviado a alertaaccess@gmail.com con 1000 facturas faltantes.
2026-09-07T17:00:15.608-05:00  INFO 37496 --- [Invoice Monitor - Gastoncito] [scheduling-1] com.monitor.invoices.InvoiceMonitorJob   : Monitoreo finalizado.
2026-09-07T17:00:15.608-05:00  INFO 37496 --- [Invoice Monitor - Gastoncito] [scheduling-1] com.monitor.invoices.InvoiceMonitorJob   : ============================================================
2026-09-07T17:10:00.010-05:00  INFO 37496 --- [Invoice Monitor - Gastoncito] [scheduling-1] c.monitor.invoices.ResolutionMonitorJob  : ============================================================
2026-09-07T17:10:00.010-05:00  INFO 37496 --- [Invoice Monitor - Gastoncito] [scheduling-1] c.monitor.invoices.ResolutionMonitorJob  : Iniciando monitoreo de resoluciones por vencerse...
2026-09-07T17:10:00.525-05:00  INFO 37496 --- [Invoice Monitor - Gastoncito] [scheduling-1] c.monitor.invoices.ResolutionMonitorJob  : ? No hay alertas de resoluciones por enviar en este momento.
2026-09-07T17:10:00.525-05:00  INFO 37496 --- [Invoice Monitor - Gastoncito] [scheduling-1] c.monitor.invoices.ResolutionMonitorJob  : Monitoreo finalizado.
2026-09-07T17:10:00.525-05:00  INFO 37496 --- [Invoice Monitor - Gastoncito] [scheduling-1] c.monitor.invoices.ResolutionMonitorJob  : ============================================================
2026-09-07T17:20:00.009-05:00  INFO 37496 --- [Invoice Monitor - Gastoncito] [scheduling-1] c.monitor.invoices.ResolutionMonitorJob  : ============================================================
2026-09-07T17:20:00.010-05:00  INFO 37496 --- [Invoice Monitor - Gastoncito] [scheduling-1] c.monitor.invoices.ResolutionMonitorJob  : Iniciando monitoreo de resoluciones por vencerse...
2026-09-07T17:20:00.398-05:00  INFO 37496 --- [Invoice Monitor - Gastoncito] [scheduling-1] c.monitor.invoices.ResolutionMonitorJob  : ? No hay alertas de resoluciones por enviar en este momento.
2026-09-07T17:20:00.398-05:00  INFO 37496 --- [Invoice Monitor - Gastoncito] [scheduling-1] c.monitor.invoices.ResolutionMonitorJob  : Monitoreo finalizado.
2026-09-07T17:20:00.398-05:00  INFO 37496 --- [Invoice Monitor - Gastoncito] [scheduling-1] c.monitor.invoices.ResolutionMonitorJob  : ============================================================
2026-09-07T17:30:00.009-05:00  INFO 37496 --- [Invoice Monitor - Gastoncito] [scheduling-1] c.monitor.invoices.ResolutionMonitorJob  : ============================================================
2026-09-07T17:30:00.010-05:00  INFO 37496 --- [Invoice Monitor - Gastoncito] [scheduling-1] c.monitor.invoices.ResolutionMonitorJob  : Iniciando monitoreo de resoluciones por vencerse...
2026-09-07T17:30:00.407-05:00  INFO 37496 --- [Invoice Monitor - Gastoncito] [scheduling-1] c.monitor.invoices.ResolutionMonitorJob  : ? No hay alertas de resoluciones por enviar en este momento.
2026-09-07T17:30:00.407-05:00  INFO 37496 --- [Invoice Monitor - Gastoncito] [scheduling-1] c.monitor.invoices.ResolutionMonitorJob  : Monitoreo finalizado.
2026-09-07T17:30:00.407-05:00  INFO 37496 --- [Invoice Monitor - Gastoncito] [scheduling-1] c.monitor.invoices.ResolutionMonitorJob  : ============================================================
2026-09-07T17:40:00.007-05:00  INFO 37496 --- [Invoice Monitor - Gastoncito] [scheduling-1] c.monitor.invoices.ResolutionMonitorJob  : ============================================================
2026-09-07T17:40:00.007-05:00  INFO 37496 --- [Invoice Monitor - Gastoncito] [scheduling-1] c.monitor.invoices.ResolutionMonitorJob  : Iniciando monitoreo de resoluciones por vencerse...
2026-09-07T17:40:00.430-05:00  INFO 37496 --- [Invoice Monitor - Gastoncito] [scheduling-1] c.monitor.invoices.ResolutionMonitorJob  : ? No hay alertas de resoluciones por enviar en este momento.
2026-09-07T17:40:00.430-05:00  INFO 37496 --- [Invoice Monitor - Gastoncito] [scheduling-1] c.monitor.invoices.ResolutionMonitorJob  : Monitoreo finalizado.
2026-09-07T17:40:00.430-05:00  INFO 37496 --- [Invoice Monitor - Gastoncito] [scheduling-1] c.monitor.invoices.ResolutionMonitorJob  : ============================================================
2026-09-07T17:50:00.009-05:00  INFO 37496 --- [Invoice Monitor - Gastoncito] [scheduling-1] c.monitor.invoices.ResolutionMonitorJob  : ============================================================
2026-09-07T17:50:00.009-05:00  INFO 37496 --- [Invoice Monitor - Gastoncito] [scheduling-1] c.monitor.invoices.ResolutionMonitorJob  : Iniciando monitoreo de resoluciones por vencerse...
2026-09-07T17:50:00.403-05:00  INFO 37496 --- [Invoice Monitor - Gastoncito] [scheduling-1] c.monitor.invoices.ResolutionMonitorJob  : ? No hay alertas de resoluciones por enviar en este momento.
2026-09-07T17:50:00.404-05:00  INFO 37496 --- [Invoice Monitor - Gastoncito] [scheduling-1] c.monitor.invoices.ResolutionMonitorJob  : Monitoreo finalizado.
2026-09-07T17:50:00.404-05:00  INFO 37496 --- [Invoice Monitor - Gastoncito] [scheduling-1] c.monitor.invoices.ResolutionMonitorJob  : ============================================================
2026-09-07T18:00:00.000-05:00  INFO 37496 --- [Invoice Monitor - Gastoncito] [scheduling-1] c.monitor.invoices.ResolutionMonitorJob  : ============================================================
2026-09-07T18:00:00.001-05:00  INFO 37496 --- [Invoice Monitor - Gastoncito] [scheduling-1] c.monitor.invoices.ResolutionMonitorJob  : Iniciando monitoreo de resoluciones por vencerse...
2026-09-07T18:00:00.395-05:00  INFO 37496 --- [Invoice Monitor - Gastoncito] [scheduling-1] c.monitor.invoices.ResolutionMonitorJob  : ? No hay alertas de resoluciones por enviar en este momento.
2026-09-07T18:00:00.395-05:00  INFO 37496 --- [Invoice Monitor - Gastoncito] [scheduling-1] c.monitor.invoices.ResolutionMonitorJob  : Monitoreo finalizado.
2026-09-07T18:00:00.395-05:00  INFO 37496 --- [Invoice Monitor - Gastoncito] [scheduling-1] c.monitor.invoices.ResolutionMonitorJob  : ============================================================
2026-09-07T18:00:00.396-05:00  INFO 37496 --- [Invoice Monitor - Gastoncito] [scheduling-1] com.monitor.invoices.InvoiceMonitorJob   : ============================================================
2026-09-07T18:00:00.396-05:00  INFO 37496 --- [Invoice Monitor - Gastoncito] [scheduling-1] com.monitor.invoices.InvoiceMonitorJob   : Iniciando monitoreo de facturas faltantes (Flujo en 2 pasos)...
2026-09-07T18:00:00.396-05:00  INFO 37496 --- [Invoice Monitor - Gastoncito] [scheduling-1] com.monitor.invoices.InvoiceMonitorJob   : Consultando faltantes desde: 2026-08-25 00:00:00
2026-09-07T18:00:00.396-05:00  INFO 37496 --- [Invoice Monitor - Gastoncito] [scheduling-1] com.monitor.invoices.InvoiceMonitorJob   : Paso 1: Insertando datos en invoice_control...
2026-09-07T18:00:04.609-05:00  INFO 37496 --- [Invoice Monitor - Gastoncito] [scheduling-1] com.monitor.invoices.InvoiceMonitorJob   : Paso 2: Consultando faltantes...
2026-09-07T18:00:12.993-05:00  WARN 37496 --- [Invoice Monitor - Gastoncito] [scheduling-1] com.monitor.invoices.InvoiceMonitorJob   : ??  Se encontraron 1000 facturas faltantes.
2026-09-07T18:00:12.994-05:00  WARN 37496 --- [Invoice Monitor - Gastoncito] [scheduling-1] com.monitor.invoices.InvoiceMonitorJob   :   ? Empresa: Aeropuerto carga | Factura: 113156-F42K.-828741
2026-09-07T18:00:12.994-05:00  WARN 37496 --- [Invoice Monitor - Gastoncito] [scheduling-1] com.monitor.invoices.InvoiceMonitorJob   :   ? Empresa: Cafam 51 | Factura: 132742-TPV1-108
2026-09-07T18:00:12.994-05:00  WARN 37496 --- [Invoice Monitor - Gastoncito] [scheduling-1] com.monitor.invoices.InvoiceMonitorJob   :   ? Empresa: Cafam 51 | Factura: 132742-TPV1-754
2026-09-07T18:00:12.994-05:00  WARN 37496 --- [Invoice Monitor - Gastoncito] [scheduling-1] com.monitor.invoices.InvoiceMonitorJob   :   ? Empresa: Cafam 51 | Factura: 132742-TPV1-2307
2026-09-07T18:00:12.994-05:00  WARN 37496 --- [Invoice Monitor - Gastoncito] [scheduling-1] com.monitor.invoices.InvoiceMonitorJob   :   ? Empresa: Cafam 51 | Factura: 132742-TPV1-7403
2026-09-07T18:00:12.994-05:00  WARN 37496 --- [Invoice Monitor - Gastoncito] [scheduling-1] com.monitor.invoices.InvoiceMonitorJob   :   ? Empresa: Cafam 51 | Factura: 132742-TPV1-8218
2026-09-07T18:00:12.994-05:00  WARN 37496 --- [Invoice Monitor - Gastoncito] [scheduling-1] com.monitor.invoices.InvoiceMonitorJob   :   ? Empresa: Cafam 51 | Factura: 132742-TPV1-31677
2026-09-07T18:00:12.994-05:00  WARN 37496 --- [Invoice Monitor - Gastoncito] [scheduling-1] com.monitor.invoices.InvoiceMonitorJob   :   ? Empresa: Cafam suba | Factura: 145075-TPV2-20869
2026-09-07T18:00:12.995-05:00  WARN 37496 --- [Invoice Monitor - Gastoncito] [scheduling-1] com.monitor.invoices.InvoiceMonitorJob   :   ? Empresa: Cafam suba | Factura: 145075-TPV2-20870
2026-09-07T18:00:12.995-05:00  WARN 37496 --- [Invoice Monitor - Gastoncito] [scheduling-1] com.monitor.invoices.InvoiceMonitorJob   :   ? Empresa: Cafam suba | Factura: 145075-TPV2-20871
2026-09-07T18:00:12.995-05:00  WARN 37496 --- [Invoice Monitor - Gastoncito] [scheduling-1] com.monitor.invoices.InvoiceMonitorJob   :   ? Empresa: Cafam suba | Factura: 145075-TPV2-20872
2026-09-07T18:00:12.995-05:00  WARN 37496 --- [Invoice Monitor - Gastoncito] [scheduling-1] com.monitor.invoices.InvoiceMonitorJob   :   ? Empresa: Cafam suba | Factura: 145075-TPV2-20873
2026-09-07T18:00:12.995-05:00  WARN 37496 --- [Invoice Monitor - Gastoncito] [scheduling-1] com.monitor.invoices.InvoiceMonitorJob   :   ? Empresa: Cafam suba | Factura: 145075-TPV2-20874
2026-09-07T18:00:12.995-05:00  WARN 37496 --- [Invoice Monitor - Gastoncito] [scheduling-1] com.monitor.invoices.InvoiceMonitorJob   :   ? Empresa: Cafam suba | Factura: 145075-TPV2-20875
2026-09-07T18:00:12.995-05:00  WARN 37496 --- [Invoice Monitor - Gastoncito] [scheduling-1] com.monitor.invoices.InvoiceMonitorJob   :   ? Empresa: Cafam suba | Factura: 145075-TPV2-20876
2026-09-07T18:00:12.995-05:00  WARN 37496 --- [Invoice Monitor - Gastoncito] [scheduling-1] com.monitor.invoices.InvoiceMonitorJob   :   ? Empresa: Cafam suba | Factura: 145075-TPV2-20877
2026-09-07T18:00:12.995-05:00  WARN 37496 --- [Invoice Monitor - Gastoncito] [scheduling-1] com.monitor.invoices.InvoiceMonitorJob   :   ? Empresa: Cafam suba | Factura: 145075-TPV2-20878
2026-09-07T18:00:12.995-05:00  WARN 37496 --- [Invoice Monitor - Gastoncito] [scheduling-1] com.monitor.invoices.InvoiceMonitorJob   :   ? Empresa: Cafam suba | Factura: 145075-TPV2-20879
2026-09-07T18:00:12.995-05:00  WARN 37496 --- [Invoice Monitor - Gastoncito] [scheduling-1] com.monitor.invoices.InvoiceMonitorJob   :   ? Empresa: Cafam suba | Factura: 145075-TPV2-20880
2026-09-07T18:00:12.996-05:00  WARN 37496 --- [Invoice Monitor - Gastoncito] [scheduling-1] com.monitor.invoices.InvoiceMonitorJob   :   ? Empresa: Cafam suba | Factura: 145075-TPV2-20881
2026-09-07T18:00:12.996-05:00  WARN 37496 --- [Invoice Monitor - Gastoncito] [scheduling-1] com.monitor.invoices.InvoiceMonitorJob   :   ? Empresa: Cafam suba | Factura: 145075-TPV2-20882
2026-09-07T18:00:12.996-05:00  WARN 37496 --- [Invoice Monitor - Gastoncito] [scheduling-1] com.monitor.invoices.InvoiceMonitorJob   :   ? Empresa: Cafam suba | Factura: 145075-TPV2-20883
2026-09-07T18:00:12.996-05:00  WARN 37496 --- [Invoice Monitor - Gastoncito] [scheduling-1] com.monitor.invoices.InvoiceMonitorJob   :   ? Empresa: Cafam suba | Factura: 145075-TPV2-20884
2026-09-07T18:00:12.996-05:00  WARN 37496 --- [Invoice Monitor - Gastoncito] [scheduling-1] com.monitor.invoices.InvoiceMonitorJob   :   ? Empresa: Cafam suba | Factura: 145075-TPV2-20885
2026-09-07T18:00:12.996-05:00  WARN 37496 --- [Invoice Monitor - Gastoncito] [scheduling-1] com.monitor.invoices.InvoiceMonitorJob   :   ? Empresa: Cafam suba | Factura: 145075-TPV2-20886
2026-09-07T18:00:12.996-05:00  WARN 37496 --- [Invoice Monitor - Gastoncito] [scheduling-1] com.monitor.invoices.InvoiceMonitorJob   :   ? Empresa: Cafam suba | Factura: 145075-TPV2-20887
2026-09-07T18:00:12.996-05:00  WARN 37496 --- [Invoice Monitor - Gastoncito] [scheduling-1] com.monitor.invoices.InvoiceMonitorJob   :   ? Empresa: Cafam suba | Factura: 145075-TPV2-20888
2026-09-07T18:00:12.996-05:00  WARN 37496 --- [Invoice Monitor - Gastoncito] [scheduling-1] com.monitor.invoices.InvoiceMonitorJob   :   ? Empresa: Cafam suba | Factura: 145075-TPV2-20889
2026-09-07T18:00:12.996-05:00  WARN 37496 --- [Invoice Monitor - Gastoncito] [scheduling-1] com.monitor.invoices.InvoiceMonitorJob   :   ? Empresa: Cafam suba | Factura: 145075-TPV2-20890
2026-09-07T18:00:12.996-05:00  WARN 37496 --- [Invoice Monitor - Gastoncito] [scheduling-1] com.monitor.invoices.InvoiceMonitorJob   :   ? Empresa: Cafam suba | Factura: 145075-TPV2-20891
2026-09-07T18:00:12.996-05:00  WARN 37496 --- [Invoice Monitor - Gastoncito] [scheduling-1] com.monitor.invoices.InvoiceMonitorJob   :   ? Empresa: Cafam suba | Factura: 145075-TPV2-20892
2026-09-07T18:00:12.996-05:00  WARN 37496 --- [Invoice Monitor - Gastoncito] [scheduling-1] com.monitor.invoices.InvoiceMonitorJob   :   ? Empresa: Cafam suba | Factura: 145075-TPV2-20893
2026-09-07T18:00:12.996-05:00  WARN 37496 --- [Invoice Monitor - Gastoncito] [scheduling-1] com.monitor.invoices.InvoiceMonitorJob   :   ? Empresa: Cafam suba | Factura: 145075-TPV2-20894
2026-09-07T18:00:12.996-05:00  WARN 37496 --- [Invoice Monitor - Gastoncito] [scheduling-1] com.monitor.invoices.InvoiceMonitorJob   :   ? Empresa: Cafam suba | Factura: 145075-TPV2-20895
2026-09-07T18:00:12.997-05:00  WARN 37496 --- [Invoice Monitor - Gastoncito] [scheduling-1] com.monitor.invoices.InvoiceMonitorJob   :   ? Empresa: Cafam suba | Factura: 145075-TPV2-20896
2026-09-07T18:00:12.997-05:00  WARN 37496 --- [Invoice Monitor - Gastoncito] [scheduling-1] com.monitor.invoices.InvoiceMonitorJob   :   ? Empresa: Cafam suba | Factura: 145075-TPV2-20897
2026-09-07T18:00:12.997-05:00  WARN 37496 --- [Invoice Monitor - Gastoncito] [scheduling-1] com.monitor.invoices.InvoiceMonitorJob   :   ? Empresa: Cafam suba | Factura: 145075-TPV2-20898
2026-09-07T18:00:12.997-05:00  WARN 37496 --- [Invoice Monitor - Gastoncito] [scheduling-1] com.monitor.invoices.InvoiceMonitorJob   :   ? Empresa: Cafam suba | Factura: 145075-TPV2-20899
2026-09-07T18:00:12.997-05:00  WARN 37496 --- [Invoice Monitor - Gastoncito] [scheduling-1] com.monitor.invoices.InvoiceMonitorJob   :   ? Empresa: Cafam suba | Factura: 145075-TPV2-20900
2026-09-07T18:00:12.997-05:00  WARN 37496 --- [Invoice Monitor - Gastoncito] [scheduling-1] com.monitor.invoices.InvoiceMonitorJob   :   ? Empresa: Cafam suba | Factura: 145075-TPV2-20901
2026-09-07T18:00:12.998-05:00  WARN 37496 --- [Invoice Monitor - Gastoncito] [scheduling-1] com.monitor.invoices.InvoiceMonitorJob   :   ? Empresa: Cafam suba | Factura: 145075-TPV2-20902
2026-09-07T18:00:12.998-05:00  WARN 37496 --- [Invoice Monitor - Gastoncito] [scheduling-1] com.monitor.invoices.InvoiceMonitorJob   :   ? Empresa: Cafam suba | Factura: 145075-TPV2-20903
2026-09-07T18:00:12.998-05:00  WARN 37496 --- [Invoice Monitor - Gastoncito] [scheduling-1] com.monitor.invoices.InvoiceMonitorJob   :   ? Empresa: Cafam suba | Factura: 145075-TPV2-20904
2026-09-07T18:00:12.998-05:00  WARN 37496 --- [Invoice Monitor - Gastoncito] [scheduling-1] com.monitor.invoices.InvoiceMonitorJob   :   ? Empresa: Cafam suba | Factura: 145075-TPV2-20905
2026-09-07T18:00:12.998-05:00  WARN 37496 --- [Invoice Monitor - Gastoncito] [scheduling-1] com.monitor.invoices.InvoiceMonitorJob   :   ? Empresa: Cafam suba | Factura: 145075-TPV2-20906
2026-09-07T18:00:12.998-05:00  WARN 37496 --- [Invoice Monitor - Gastoncito] [scheduling-1] com.monitor.invoices.InvoiceMonitorJob   :   ? Empresa: Cafam suba | Factura: 145075-TPV2-20907
2026-09-07T18:00:12.998-05:00  WARN 37496 --- [Invoice Monitor - Gastoncito] [scheduling-1] com.monitor.invoices.InvoiceMonitorJob   :   ? Empresa: Cafam suba | Factura: 145075-TPV2-20908
2026-09-07T18:00:12.998-05:00  WARN 37496 --- [Invoice Monitor - Gastoncito] [scheduling-1] com.monitor.invoices.InvoiceMonitorJob   :   ? Empresa: Cafam suba | Factura: 145075-TPV2-20909
2026-09-07T18:00:12.998-05:00  WARN 37496 --- [Invoice Monitor - Gastoncito] [scheduling-1] com.monitor.invoices.InvoiceMonitorJob   :   ? Empresa: Cafam suba | Factura: 145075-TPV2-20910
2026-09-07T18:00:12.998-05:00  WARN 37496 --- [Invoice Monitor - Gastoncito] [scheduling-1] com.monitor.invoices.InvoiceMonitorJob   :   ? Empresa: Cafam suba | Factura: 145075-TPV2-20911
2026-09-07T18:00:12.999-05:00  WARN 37496 --- [Invoice Monitor - Gastoncito] [scheduling-1] com.monitor.invoices.InvoiceMonitorJob   :   ? Empresa: Cafam suba | Factura: 145075-TPV2-20912
2026-09-07T18:00:12.999-05:00  WARN 37496 --- [Invoice Monitor - Gastoncito] [scheduling-1] com.monitor.invoices.InvoiceMonitorJob   :   ? Empresa: Cafam suba | Factura: 145075-TPV2-20913
2026-09-07T18:00:12.999-05:00  WARN 37496 --- [Invoice Monitor - Gastoncito] [scheduling-1] com.monitor.invoices.InvoiceMonitorJob   :   ? Empresa: Cafam suba | Factura: 145075-TPV2-20914
2026-09-07T18:00:12.999-05:00  WARN 37496 --- [Invoice Monitor - Gastoncito] [scheduling-1] com.monitor.invoices.InvoiceMonitorJob   :   ? Empresa: Cafam suba | Factura: 145075-TPV2-20915
2026-09-07T18:00:12.999-05:00  WARN 37496 --- [Invoice Monitor - Gastoncito] [scheduling-1] com.monitor.invoices.InvoiceMonitorJob   :   ? Empresa: Cafam suba | Factura: 145075-TPV2-20916
2026-09-07T18:00:12.999-05:00  WARN 37496 --- [Invoice Monitor - Gastoncito] [scheduling-1] com.monitor.invoices.InvoiceMonitorJob   :   ? Empresa: Cafam suba | Factura: 145075-TPV2-20917
2026-09-07T18:00:12.999-05:00  WARN 37496 --- [Invoice Monitor - Gastoncito] [scheduling-1] com.monitor.invoices.InvoiceMonitorJob   :   ? Empresa: Cafam suba | Factura: 145075-TPV2-20918
2026-09-07T18:00:12.999-05:00  WARN 37496 --- [Invoice Monitor - Gastoncito] [scheduling-1] com.monitor.invoices.InvoiceMonitorJob   :   ? Empresa: Cafam suba | Factura: 145075-TPV2-20919
2026-09-07T18:00:12.999-05:00  WARN 37496 --- [Invoice Monitor - Gastoncito] [scheduling-1] com.monitor.invoices.InvoiceMonitorJob   :   ? Empresa: Cafam suba | Factura: 145075-TPV2-20920
2026-09-07T18:00:12.999-05:00  WARN 37496 --- [Invoice Monitor - Gastoncito] [scheduling-1] com.monitor.invoices.InvoiceMonitorJob   :   ? Empresa: Cafam suba | Factura: 145075-TPV2-20921
2026-09-07T18:00:12.999-05:00  WARN 37496 --- [Invoice Monitor - Gastoncito] [scheduling-1] com.monitor.invoices.InvoiceMonitorJob   :   ? Empresa: Cafam suba | Factura: 145075-TPV2-20922
2026-09-07T18:00:12.999-05:00  WARN 37496 --- [Invoice Monitor - Gastoncito] [scheduling-1] com.monitor.invoices.InvoiceMonitorJob   :   ? Empresa: Cafam suba | Factura: 145075-TPV2-20923
2026-09-07T18:00:12.999-05:00  WARN 37496 --- [Invoice Monitor - Gastoncito] [scheduling-1] com.monitor.invoices.InvoiceMonitorJob   :   ? Empresa: Cafam suba | Factura: 145075-TPV2-20924
2026-09-07T18:00:13.000-05:00  WARN 37496 --- [Invoice Monitor - Gastoncito] [scheduling-1] com.monitor.invoices.InvoiceMonitorJob   :   ? Empresa: Cafam suba | Factura: 145075-TPV2-20925
2026-09-07T18:00:13.000-05:00  WARN 37496 --- [Invoice Monitor - Gastoncito] [scheduling-1] com.monitor.invoices.InvoiceMonitorJob   :   ? Empresa: Cafam suba | Factura: 145075-TPV2-20926
2026-09-07T18:00:13.000-05:00  WARN 37496 --- [Invoice Monitor - Gastoncito] [scheduling-1] com.monitor.invoices.InvoiceMonitorJob   :   ? Empresa: Cafam suba | Factura: 145075-TPV2-20927
2026-09-07T18:00:13.000-05:00  WARN 37496 --- [Invoice Monitor - Gastoncito] [scheduling-1] com.monitor.invoices.InvoiceMonitorJob   :   ? Empresa: Cafam suba | Factura: 145075-TPV2-20928
2026-09-07T18:00:13.000-05:00  WARN 37496 --- [Invoice Monitor - Gastoncito] [scheduling-1] com.monitor.invoices.InvoiceMonitorJob   :   ? Empresa: Cafam suba | Factura: 145075-TPV2-20929
2026-09-07T18:00:13.000-05:00  WARN 37496 --- [Invoice Monitor - Gastoncito] [scheduling-1] com.monitor.invoices.InvoiceMonitorJob   :   ? Empresa: Cafam suba | Factura: 145075-TPV2-20930
2026-09-07T18:00:13.000-05:00  WARN 37496 --- [Invoice Monitor - Gastoncito] [scheduling-1] com.monitor.invoices.InvoiceMonitorJob   :   ? Empresa: Cafam suba | Factura: 145075-TPV2-20931
2026-09-07T18:00:13.000-05:00  WARN 37496 --- [Invoice Monitor - Gastoncito] [scheduling-1] com.monitor.invoices.InvoiceMonitorJob   :   ? Empresa: Cafam suba | Factura: 145075-TPV2-20932
2026-09-07T18:00:13.000-05:00  WARN 37496 --- [Invoice Monitor - Gastoncito] [scheduling-1] com.monitor.invoices.InvoiceMonitorJob   :   ? Empresa: Cafam suba | Factura: 145075-TPV2-20933
2026-09-07T18:00:13.000-05:00  WARN 37496 --- [Invoice Monitor - Gastoncito] [scheduling-1] com.monitor.invoices.InvoiceMonitorJob   :   ? Empresa: Cafam suba | Factura: 145075-TPV2-20934
2026-09-07T18:00:13.000-05:00  WARN 37496 --- [Invoice Monitor - Gastoncito] [scheduling-1] com.monitor.invoices.InvoiceMonitorJob   :   ? Empresa: Cafam suba | Factura: 145075-TPV2-20935
2026-09-07T18:00:13.000-05:00  WARN 37496 --- [Invoice Monitor - Gastoncito] [scheduling-1] com.monitor.invoices.InvoiceMonitorJob   :   ? Empresa: Cafam suba | Factura: 145075-TPV2-20936
2026-09-07T18:00:13.000-05:00  WARN 37496 --- [Invoice Monitor - Gastoncito] [scheduling-1] com.monitor.invoices.InvoiceMonitorJob   :   ? Empresa: Cafam suba | Factura: 145075-TPV2-20937
2026-09-07T18:00:13.001-05:00  WARN 37496 --- [Invoice Monitor - Gastoncito] [scheduling-1] com.monitor.invoices.InvoiceMonitorJob   :   ? Empresa: Cafam suba | Factura: 145075-TPV2-20938
2026-09-07T18:00:13.001-05:00  WARN 37496 --- [Invoice Monitor - Gastoncito] [scheduling-1] com.monitor.invoices.InvoiceMonitorJob   :   ? Empresa: Cafam suba | Factura: 145075-TPV2-20939
2026-09-07T18:00:13.001-05:00  WARN 37496 --- [Invoice Monitor - Gastoncito] [scheduling-1] com.monitor.invoices.InvoiceMonitorJob   :   ? Empresa: Cafam suba | Factura: 145075-TPV2-20940
2026-09-07T18:00:13.001-05:00  WARN 37496 --- [Invoice Monitor - Gastoncito] [scheduling-1] com.monitor.invoices.InvoiceMonitorJob   :   ? Empresa: Cafam suba | Factura: 145075-TPV2-20941
2026-09-07T18:00:13.001-05:00  WARN 37496 --- [Invoice Monitor - Gastoncito] [scheduling-1] com.monitor.invoices.InvoiceMonitorJob   :   ? Empresa: Cafam suba | Factura: 145075-TPV2-20942
2026-09-07T18:00:13.001-05:00  WARN 37496 --- [Invoice Monitor - Gastoncito] [scheduling-1] com.monitor.invoices.InvoiceMonitorJob   :   ? Empresa: Cafam suba | Factura: 145075-TPV2-20943
2026-09-07T18:00:13.001-05:00  WARN 37496 --- [Invoice Monitor - Gastoncito] [scheduling-1] com.monitor.invoices.InvoiceMonitorJob   :   ? Empresa: Cafam suba | Factura: 145075-TPV2-20944
2026-09-07T18:00:13.001-05:00  WARN 37496 --- [Invoice Monitor - Gastoncito] [scheduling-1] com.monitor.invoices.InvoiceMonitorJob   :   ? Empresa: Cafam suba | Factura: 145075-TPV2-20945
2026-09-07T18:00:13.001-05:00  WARN 37496 --- [Invoice Monitor - Gastoncito] [scheduling-1] com.monitor.invoices.InvoiceMonitorJob   :   ? Empresa: Cafam suba | Factura: 145075-TPV2-20946
2026-09-07T18:00:13.001-05:00  WARN 37496 --- [Invoice Monitor - Gastoncito] [scheduling-1] com.monitor.invoices.InvoiceMonitorJob   :   ? Empresa: Cafam suba | Factura: 145075-TPV2-20947
2026-09-07T18:00:13.001-05:00  WARN 37496 --- [Invoice Monitor - Gastoncito] [scheduling-1] com.monitor.invoices.InvoiceMonitorJob   :   ? Empresa: Cafam suba | Factura: 145075-TPV2-20948
2026-09-07T18:00:13.001-05:00  WARN 37496 --- [Invoice Monitor - Gastoncito] [scheduling-1] com.monitor.invoices.InvoiceMonitorJob   :   ? Empresa: Cafam suba | Factura: 145075-TPV2-20949
2026-09-07T18:00:13.001-05:00  WARN 37496 --- [Invoice Monitor - Gastoncito] [scheduling-1] com.monitor.invoices.InvoiceMonitorJob   :   ? Empresa: Cafam suba | Factura: 145075-TPV2-20950
2026-09-07T18:00:13.001-05:00  WARN 37496 --- [Invoice Monitor - Gastoncito] [scheduling-1] com.monitor.invoices.InvoiceMonitorJob   :   ? Empresa: Cafam suba | Factura: 145075-TPV2-20951
2026-09-07T18:00:13.001-05:00  WARN 37496 --- [Invoice Monitor - Gastoncito] [scheduling-1] com.monitor.invoices.InvoiceMonitorJob   :   ? Empresa: Cafam suba | Factura: 145075-TPV2-20952
2026-09-07T18:00:13.001-05:00  WARN 37496 --- [Invoice Monitor - Gastoncito] [scheduling-1] com.monitor.invoices.InvoiceMonitorJob   :   ? Empresa: Cafam suba | Factura: 145075-TPV2-20953
2026-09-07T18:00:13.002-05:00  WARN 37496 --- [Invoice Monitor - Gastoncito] [scheduling-1] com.monitor.invoices.InvoiceMonitorJob   :   ? Empresa: Cafam suba | Factura: 145075-TPV2-20954
2026-09-07T18:00:13.002-05:00  WARN 37496 --- [Invoice Monitor - Gastoncito] [scheduling-1] com.monitor.invoices.InvoiceMonitorJob   :   ? Empresa: Cafam suba | Factura: 145075-TPV2-20955
2026-09-07T18:00:13.002-05:00  WARN 37496 --- [Invoice Monitor - Gastoncito] [scheduling-1] com.monitor.invoices.InvoiceMonitorJob   :   ? Empresa: Cafam suba | Factura: 145075-TPV2-20956
2026-09-07T18:00:13.002-05:00  WARN 37496 --- [Invoice Monitor - Gastoncito] [scheduling-1] com.monitor.invoices.InvoiceMonitorJob   :   ? Empresa: Cafam suba | Factura: 145075-TPV2-20957
2026-09-07T18:00:13.002-05:00  WARN 37496 --- [Invoice Monitor - Gastoncito] [scheduling-1] com.monitor.invoices.InvoiceMonitorJob   :   ? Empresa: Cafam suba | Factura: 145075-TPV2-20958
2026-09-07T18:00:13.002-05:00  WARN 37496 --- [Invoice Monitor - Gastoncito] [scheduling-1] com.monitor.invoices.InvoiceMonitorJob   :   ? Empresa: Cafam suba | Factura: 145075-TPV2-20959
2026-09-07T18:00:13.003-05:00  WARN 37496 --- [Invoice Monitor - Gastoncito] [scheduling-1] com.monitor.invoices.InvoiceMonitorJob   :   ? Empresa: Cafam suba | Factura: 145075-TPV2-20960
2026-09-07T18:00:13.003-05:00  WARN 37496 --- [Invoice Monitor - Gastoncito] [scheduling-1] com.monitor.invoices.InvoiceMonitorJob   :   ? Empresa: Cafam suba | Factura: 145075-TPV2-20961
2026-09-07T18:00:13.003-05:00  WARN 37496 --- [Invoice Monitor - Gastoncito] [scheduling-1] com.monitor.invoices.InvoiceMonitorJob   :   ? Empresa: Cafam suba | Factura: 145075-TPV2-20962
2026-09-07T18:00:13.003-05:00  WARN 37496 --- [Invoice Monitor - Gastoncito] [scheduling-1] com.monitor.invoices.InvoiceMonitorJob   :   ? Empresa: Cafam suba | Factura: 145075-TPV2-20963
2026-09-07T18:00:13.003-05:00  WARN 37496 --- [Invoice Monitor - Gastoncito] [scheduling-1] com.monitor.invoices.InvoiceMonitorJob   :   ? Empresa: Cafam suba | Factura: 145075-TPV2-20964
2026-09-07T18:00:13.003-05:00  WARN 37496 --- [Invoice Monitor - Gastoncito] [scheduling-1] com.monitor.invoices.InvoiceMonitorJob   :   ? Empresa: Cafam suba | Factura: 145075-TPV2-20965
2026-09-07T18:00:13.003-05:00  WARN 37496 --- [Invoice Monitor - Gastoncito] [scheduling-1] com.monitor.invoices.InvoiceMonitorJob   :   ? Empresa: Cafam suba | Factura: 145075-TPV2-20966
2026-09-07T18:00:13.003-05:00  WARN 37496 --- [Invoice Monitor - Gastoncito] [scheduling-1] com.monitor.invoices.InvoiceMonitorJob   :   ? Empresa: Cafam suba | Factura: 145075-TPV2-20967
2026-09-07T18:00:13.003-05:00  WARN 37496 --- [Invoice Monitor - Gastoncito] [scheduling-1] com.monitor.invoices.InvoiceMonitorJob   :   ? Empresa: Cafam suba | Factura: 145075-TPV2-20968
2026-09-07T18:00:13.004-05:00  WARN 37496 --- [Invoice Monitor - Gastoncito] [scheduling-1] com.monitor.invoices.InvoiceMonitorJob   :   ? Empresa: Cafam suba | Factura: 145075-TPV2-20969
2026-09-07T18:00:13.004-05:00  WARN 37496 --- [Invoice Monitor - Gastoncito] [scheduling-1] com.monitor.invoices.InvoiceMonitorJob   :   ? Empresa: Cafam suba | Factura: 145075-TPV2-20970
2026-09-07T18:00:13.004-05:00  WARN 37496 --- [Invoice Monitor - Gastoncito] [scheduling-1] com.monitor.invoices.InvoiceMonitorJob   :   ? Empresa: Cafam suba | Factura: 145075-TPV2-20971
2026-09-07T18:00:13.004-05:00  WARN 37496 --- [Invoice Monitor - Gastoncito] [scheduling-1] com.monitor.invoices.InvoiceMonitorJob   :   ? Empresa: Cafam suba | Factura: 145075-TPV2-20972
2026-09-07T18:00:13.004-05:00  WARN 37496 --- [Invoice Monitor - Gastoncito] [scheduling-1] com.monitor.invoices.InvoiceMonitorJob   :   ? Empresa: Cafam suba | Factura: 145075-TPV2-20973
2026-09-07T18:00:13.004-05:00  WARN 37496 --- [Invoice Monitor - Gastoncito] [scheduling-1] com.monitor.invoices.InvoiceMonitorJob   :   ? Empresa: Cafam suba | Factura: 145075-TPV2-20974
2026-09-07T18:00:13.004-05:00  WARN 37496 --- [Invoice Monitor - Gastoncito] [scheduling-1] com.monitor.invoices.InvoiceMonitorJob   :   ? Empresa: Cafam suba | Factura: 145075-TPV2-20975
2026-09-07T18:00:13.004-05:00  WARN 37496 --- [Invoice Monitor - Gastoncito] [scheduling-1] com.monitor.invoices.InvoiceMonitorJob   :   ? Empresa: Cafam suba | Factura: 145075-TPV2-20976
2026-09-07T18:00:13.004-05:00  WARN 37496 --- [Invoice Monitor - Gastoncito] [scheduling-1] com.monitor.invoices.InvoiceMonitorJob   :   ? Empresa: Cafam suba | Factura: 145075-TPV2-20977
2026-09-07T18:00:13.004-05:00  WARN 37496 --- [Invoice Monitor - Gastoncito] [scheduling-1] com.monitor.invoices.InvoiceMonitorJob   :   ? Empresa: Cafam suba | Factura: 145075-TPV2-20978
2026-09-07T18:00:13.004-05:00  WARN 37496 --- [Invoice Monitor - Gastoncito] [scheduling-1] com.monitor.invoices.InvoiceMonitorJob   :   ? Empresa: Cafam suba | Factura: 145075-TPV2-20979
2026-09-07T18:00:13.004-05:00  WARN 37496 --- [Invoice Monitor - Gastoncito] [scheduling-1] com.monitor.invoices.InvoiceMonitorJob   :   ? Empresa: Cafam suba | Factura: 145075-TPV2-20980
2026-09-07T18:00:13.004-05:00  WARN 37496 --- [Invoice Monitor - Gastoncito] [scheduling-1] com.monitor.invoices.InvoiceMonitorJob   :   ? Empresa: Cafam suba | Factura: 145075-TPV2-20981
2026-09-07T18:00:13.004-05:00  WARN 37496 --- [Invoice Monitor - Gastoncito] [scheduling-1] com.monitor.invoices.InvoiceMonitorJob   :   ? Empresa: Cafam suba | Factura: 145075-TPV2-20982
2026-09-07T18:00:13.005-05:00  WARN 37496 --- [Invoice Monitor - Gastoncito] [scheduling-1] com.monitor.invoices.InvoiceMonitorJob   :   ? Empresa: Cafam suba | Factura: 145075-TPV2-20983
2026-09-07T18:00:13.005-05:00  WARN 37496 --- [Invoice Monitor - Gastoncito] [scheduling-1] com.monitor.invoices.InvoiceMonitorJob   :   ? Empresa: Cafam suba | Factura: 145075-TPV2-20984
2026-09-07T18:00:13.005-05:00  WARN 37496 --- [Invoice Monitor - Gastoncito] [scheduling-1] com.monitor.invoices.InvoiceMonitorJob   :   ? Empresa: Cafam suba | Factura: 145075-TPV2-20985
2026-09-07T18:00:13.005-05:00  WARN 37496 --- [Invoice Monitor - Gastoncito] [scheduling-1] com.monitor.invoices.InvoiceMonitorJob   :   ? Empresa: Cafam suba | Factura: 145075-TPV2-20986
2026-09-07T18:00:13.005-05:00  WARN 37496 --- [Invoice Monitor - Gastoncito] [scheduling-1] com.monitor.invoices.InvoiceMonitorJob   :   ? Empresa: Cafam suba | Factura: 145075-TPV2-20987
2026-09-07T18:00:13.005-05:00  WARN 37496 --- [Invoice Monitor - Gastoncito] [scheduling-1] com.monitor.invoices.InvoiceMonitorJob   :   ? Empresa: Cafam suba | Factura: 145075-TPV2-20988
2026-09-07T18:00:13.005-05:00  WARN 37496 --- [Invoice Monitor - Gastoncito] [scheduling-1] com.monitor.invoices.InvoiceMonitorJob   :   ? Empresa: Cafam suba | Factura: 145075-TPV2-20989
2026-09-07T18:00:13.005-05:00  WARN 37496 --- [Invoice Monitor - Gastoncito] [scheduling-1] com.monitor.invoices.InvoiceMonitorJob   :   ? Empresa: Cafam suba | Factura: 145075-TPV2-20990
2026-09-07T18:00:13.005-05:00  WARN 37496 --- [Invoice Monitor - Gastoncito] [scheduling-1] com.monitor.invoices.InvoiceMonitorJob   :   ? Empresa: Cafam suba | Factura: 145075-TPV2-20991
2026-09-07T18:00:13.005-05:00  WARN 37496 --- [Invoice Monitor - Gastoncito] [scheduling-1] com.monitor.invoices.InvoiceMonitorJob   :   ? Empresa: Cafam suba | Factura: 145075-TPV2-20992
2026-09-07T18:00:13.005-05:00  WARN 37496 --- [Invoice Monitor - Gastoncito] [scheduling-1] com.monitor.invoices.InvoiceMonitorJob   :   ? Empresa: Cafam suba | Factura: 145075-TPV2-20993
2026-09-07T18:00:13.005-05:00  WARN 37496 --- [Invoice Monitor - Gastoncito] [scheduling-1] com.monitor.invoices.InvoiceMonitorJob   :   ? Empresa: Cafam suba | Factura: 145075-TPV2-20994
2026-09-07T18:00:13.005-05:00  WARN 37496 --- [Invoice Monitor - Gastoncito] [scheduling-1] com.monitor.invoices.InvoiceMonitorJob   :   ? Empresa: Cafam suba | Factura: 145075-TPV2-20995
2026-09-07T18:00:13.005-05:00  WARN 37496 --- [Invoice Monitor - Gastoncito] [scheduling-1] com.monitor.invoices.InvoiceMonitorJob   :   ? Empresa: Cafam suba | Factura: 145075-TPV2-20996
2026-09-07T18:00:13.005-05:00  WARN 37496 --- [Invoice Monitor - Gastoncito] [scheduling-1] com.monitor.invoices.InvoiceMonitorJob   :   ? Empresa: Cafam suba | Factura: 145075-TPV2-20997
2026-09-07T18:00:13.006-05:00  WARN 37496 --- [Invoice Monitor - Gastoncito] [scheduling-1] com.monitor.invoices.InvoiceMonitorJob   :   ? Empresa: Cafam suba | Factura: 145075-TPV2-20998
2026-09-07T18:00:13.006-05:00  WARN 37496 --- [Invoice Monitor - Gastoncito] [scheduling-1] com.monitor.invoices.InvoiceMonitorJob   :   ? Empresa: Cafam suba | Factura: 145075-TPV2-20999
2026-09-07T18:00:13.006-05:00  WARN 37496 --- [Invoice Monitor - Gastoncito] [scheduling-1] com.monitor.invoices.InvoiceMonitorJob   :   ? Empresa: Cafam suba | Factura: 145075-TPV2-21000
2026-09-07T18:00:13.006-05:00  WARN 37496 --- [Invoice Monitor - Gastoncito] [scheduling-1] com.monitor.invoices.InvoiceMonitorJob   :   ? Empresa: Cafam suba | Factura: 145075-TPV2-21001
2026-09-07T18:00:13.006-05:00  WARN 37496 --- [Invoice Monitor - Gastoncito] [scheduling-1] com.monitor.invoices.InvoiceMonitorJob   :   ? Empresa: Cafam suba | Factura: 145075-TPV2-21002
2026-09-07T18:00:13.006-05:00  WARN 37496 --- [Invoice Monitor - Gastoncito] [scheduling-1] com.monitor.invoices.InvoiceMonitorJob   :   ? Empresa: Cafam suba | Factura: 145075-TPV2-21003
2026-09-07T18:00:13.006-05:00  WARN 37496 --- [Invoice Monitor - Gastoncito] [scheduling-1] com.monitor.invoices.InvoiceMonitorJob   :   ? Empresa: Cafam suba | Factura: 145075-TPV2-21004
2026-09-07T18:00:13.006-05:00  WARN 37496 --- [Invoice Monitor - Gastoncito] [scheduling-1] com.monitor.invoices.InvoiceMonitorJob   :   ? Empresa: Cafam suba | Factura: 145075-TPV2-21005
2026-09-07T18:00:13.006-05:00  WARN 37496 --- [Invoice Monitor - Gastoncito] [scheduling-1] com.monitor.invoices.InvoiceMonitorJob   :   ? Empresa: Cafam suba | Factura: 145075-TPV2-21006
2026-09-07T18:00:13.006-05:00  WARN 37496 --- [Invoice Monitor - Gastoncito] [scheduling-1] com.monitor.invoices.InvoiceMonitorJob   :   ? Empresa: Cafam suba | Factura: 145075-TPV2-21007
2026-09-07T18:00:13.006-05:00  WARN 37496 --- [Invoice Monitor - Gastoncito] [scheduling-1] com.monitor.invoices.InvoiceMonitorJob   :   ? Empresa: Cafam suba | Factura: 145075-TPV2-21008
2026-09-07T18:00:13.006-05:00  WARN 37496 --- [Invoice Monitor - Gastoncito] [scheduling-1] com.monitor.invoices.InvoiceMonitorJob   :   ? Empresa: Cafam suba | Factura: 145075-TPV2-21009
2026-09-07T18:00:13.006-05:00  WARN 37496 --- [Invoice Monitor - Gastoncito] [scheduling-1] com.monitor.invoices.InvoiceMonitorJob   :   ? Empresa: Cafam suba | Factura: 145075-TPV2-21010
2026-09-07T18:00:13.006-05:00  WARN 37496 --- [Invoice Monitor - Gastoncito] [scheduling-1] com.monitor.invoices.InvoiceMonitorJob   :   ? Empresa: Cafam suba | Factura: 145075-TPV2-21011
2026-09-07T18:00:13.006-05:00  WARN 37496 --- [Invoice Monitor - Gastoncito] [scheduling-1] com.monitor.invoices.InvoiceMonitorJob   :   ? Empresa: Cafam suba | Factura: 145075-TPV2-21012
2026-09-07T18:00:13.007-05:00  WARN 37496 --- [Invoice Monitor - Gastoncito] [scheduling-1] com.monitor.invoices.InvoiceMonitorJob   :   ? Empresa: Cafam suba | Factura: 145075-TPV2-21013
2026-09-07T18:00:13.007-05:00  WARN 37496 --- [Invoice Monitor - Gastoncito] [scheduling-1] com.monitor.invoices.InvoiceMonitorJob   :   ? Empresa: Cafam suba | Factura: 145075-TPV2-21014
2026-09-07T18:00:13.007-05:00  WARN 37496 --- [Invoice Monitor - Gastoncito] [scheduling-1] com.monitor.invoices.InvoiceMonitorJob   :   ? Empresa: Cafam suba | Factura: 145075-TPV2-21015
2026-09-07T18:00:13.007-05:00  WARN 37496 --- [Invoice Monitor - Gastoncito] [scheduling-1] com.monitor.invoices.InvoiceMonitorJob   :   ? Empresa: Cafam suba | Factura: 145075-TPV2-21016
2026-09-07T18:00:13.007-05:00  WARN 37496 --- [Invoice Monitor - Gastoncito] [scheduling-1] com.monitor.invoices.InvoiceMonitorJob   :   ? Empresa: Cafam suba | Factura: 145075-TPV2-21017
2026-09-07T18:00:13.007-05:00  WARN 37496 --- [Invoice Monitor - Gastoncito] [scheduling-1] com.monitor.invoices.InvoiceMonitorJob   :   ? Empresa: Cafam suba | Factura: 145075-TPV2-21018
2026-09-07T18:00:13.007-05:00  WARN 37496 --- [Invoice Monitor - Gastoncito] [scheduling-1] com.monitor.invoices.InvoiceMonitorJob   :   ? Empresa: Cafam suba | Factura: 145075-TPV2-21019
2026-09-07T18:00:13.007-05:00  WARN 37496 --- [Invoice Monitor - Gastoncito] [scheduling-1] com.monitor.invoices.InvoiceMonitorJob   :   ? Empresa: Cafam suba | Factura: 145075-TPV2-21020
2026-09-07T18:00:13.007-05:00  WARN 37496 --- [Invoice Monitor - Gastoncito] [scheduling-1] com.monitor.invoices.InvoiceMonitorJob   :   ? Empresa: Cafam suba | Factura: 145075-TPV2-21021
2026-09-07T18:00:13.007-05:00  WARN 37496 --- [Invoice Monitor - Gastoncito] [scheduling-1] com.monitor.invoices.InvoiceMonitorJob   :   ? Empresa: Cafam suba | Factura: 145075-TPV2-21022
2026-09-07T18:00:13.007-05:00  WARN 37496 --- [Invoice Monitor - Gastoncito] [scheduling-1] com.monitor.invoices.InvoiceMonitorJob   :   ? Empresa: Cafam suba | Factura: 145075-TPV2-21023
2026-09-07T18:00:13.007-05:00  WARN 37496 --- [Invoice Monitor - Gastoncito] [scheduling-1] com.monitor.invoices.InvoiceMonitorJob   :   ? Empresa: Cafam suba | Factura: 145075-TPV2-21024
2026-09-07T18:00:13.007-05:00  WARN 37496 --- [Invoice Monitor - Gastoncito] [scheduling-1] com.monitor.invoices.InvoiceMonitorJob   :   ? Empresa: Cafam suba | Factura: 145075-TPV2-21025
2026-09-07T18:00:13.007-05:00  WARN 37496 --- [Invoice Monitor - Gastoncito] [scheduling-1] com.monitor.invoices.InvoiceMonitorJob   :   ? Empresa: Cafam suba | Factura: 145075-TPV2-21026
2026-09-07T18:00:13.008-05:00  WARN 37496 --- [Invoice Monitor - Gastoncito] [scheduling-1] com.monitor.invoices.InvoiceMonitorJob   :   ? Empresa: Cafam suba | Factura: 145075-TPV2-21027
2026-09-07T18:00:13.008-05:00  WARN 37496 --- [Invoice Monitor - Gastoncito] [scheduling-1] com.monitor.invoices.InvoiceMonitorJob   :   ? Empresa: Cafam suba | Factura: 145075-TPV2-21028
2026-09-07T18:00:13.008-05:00  WARN 37496 --- [Invoice Monitor - Gastoncito] [scheduling-1] com.monitor.invoices.InvoiceMonitorJob   :   ? Empresa: Cafam suba | Factura: 145075-TPV2-21029
2026-09-07T18:00:13.008-05:00  WARN 37496 --- [Invoice Monitor - Gastoncito] [scheduling-1] com.monitor.invoices.InvoiceMonitorJob   :   ? Empresa: Cafam suba | Factura: 145075-TPV2-21030
2026-09-07T18:00:13.008-05:00  WARN 37496 --- [Invoice Monitor - Gastoncito] [scheduling-1] com.monitor.invoices.InvoiceMonitorJob   :   ? Empresa: Cafam suba | Factura: 145075-TPV2-21031
2026-09-07T18:00:13.008-05:00  WARN 37496 --- [Invoice Monitor - Gastoncito] [scheduling-1] com.monitor.invoices.InvoiceMonitorJob   :   ? Empresa: Cafam suba | Factura: 145075-TPV2-21032
2026-09-07T18:00:13.008-05:00  WARN 37496 --- [Invoice Monitor - Gastoncito] [scheduling-1] com.monitor.invoices.InvoiceMonitorJob   :   ? Empresa: Cafam suba | Factura: 145075-TPV2-21033
2026-09-07T18:00:13.008-05:00  WARN 37496 --- [Invoice Monitor - Gastoncito] [scheduling-1] com.monitor.invoices.InvoiceMonitorJob   :   ? Empresa: Cafam suba | Factura: 145075-TPV2-21034
2026-09-07T18:00:13.008-05:00  WARN 37496 --- [Invoice Monitor - Gastoncito] [scheduling-1] com.monitor.invoices.InvoiceMonitorJob   :   ? Empresa: Cafam suba | Factura: 145075-TPV2-21035
2026-09-07T18:00:13.008-05:00  WARN 37496 --- [Invoice Monitor - Gastoncito] [scheduling-1] com.monitor.invoices.InvoiceMonitorJob   :   ? Empresa: Cafam suba | Factura: 145075-TPV2-21036
2026-09-07T18:00:13.008-05:00  WARN 37496 --- [Invoice Monitor - Gastoncito] [scheduling-1] com.monitor.invoices.InvoiceMonitorJob   :   ? Empresa: Cafam suba | Factura: 145075-TPV2-21037
2026-09-07T18:00:13.008-05:00  WARN 37496 --- [Invoice Monitor - Gastoncito] [scheduling-1] com.monitor.invoices.InvoiceMonitorJob   :   ? Empresa: Cafam suba | Factura: 145075-TPV2-21038
2026-09-07T18:00:13.008-05:00  WARN 37496 --- [Invoice Monitor - Gastoncito] [scheduling-1] com.monitor.invoices.InvoiceMonitorJob   :   ? Empresa: Cafam suba | Factura: 145075-TPV2-21039
2026-09-07T18:00:13.008-05:00  WARN 37496 --- [Invoice Monitor - Gastoncito] [scheduling-1] com.monitor.invoices.InvoiceMonitorJob   :   ? Empresa: Cafam suba | Factura: 145075-TPV2-21040
2026-09-07T18:00:13.008-05:00  WARN 37496 --- [Invoice Monitor - Gastoncito] [scheduling-1] com.monitor.invoices.InvoiceMonitorJob   :   ? Empresa: Cafam suba | Factura: 145075-TPV2-21041
2026-09-07T18:00:13.008-05:00  WARN 37496 --- [Invoice Monitor - Gastoncito] [scheduling-1] com.monitor.invoices.InvoiceMonitorJob   :   ? Empresa: Cafam suba | Factura: 145075-TPV2-21042
2026-09-07T18:00:13.009-05:00  WARN 37496 --- [Invoice Monitor - Gastoncito] [scheduling-1] com.monitor.invoices.InvoiceMonitorJob   :   ? Empresa: Cafam suba | Factura: 145075-TPV2-21043
2026-09-07T18:00:13.009-05:00  WARN 37496 --- [Invoice Monitor - Gastoncito] [scheduling-1] com.monitor.invoices.InvoiceMonitorJob   :   ? Empresa: Cafam suba | Factura: 145075-TPV2-21044
2026-09-07T18:00:13.009-05:00  WARN 37496 --- [Invoice Monitor - Gastoncito] [scheduling-1] com.monitor.invoices.InvoiceMonitorJob   :   ? Empresa: Cafam suba | Factura: 145075-TPV2-21045
2026-09-07T18:00:13.009-05:00  WARN 37496 --- [Invoice Monitor - Gastoncito] [scheduling-1] com.monitor.invoices.InvoiceMonitorJob   :   ? Empresa: Cafam suba | Factura: 145075-TPV2-21046
2026-09-07T18:00:13.009-05:00  WARN 37496 --- [Invoice Monitor - Gastoncito] [scheduling-1] com.monitor.invoices.InvoiceMonitorJob   :   ? Empresa: Cafam suba | Factura: 145075-TPV2-21047
2026-09-07T18:00:13.009-05:00  WARN 37496 --- [Invoice Monitor - Gastoncito] [scheduling-1] com.monitor.invoices.InvoiceMonitorJob   :   ? Empresa: Cafam suba | Factura: 145075-TPV2-21048
2026-09-07T18:00:13.009-05:00  WARN 37496 --- [Invoice Monitor - Gastoncito] [scheduling-1] com.monitor.invoices.InvoiceMonitorJob   :   ? Empresa: Cafam suba | Factura: 145075-TPV2-21049
2026-09-07T18:00:13.009-05:00  WARN 37496 --- [Invoice Monitor - Gastoncito] [scheduling-1] com.monitor.invoices.InvoiceMonitorJob   :   ? Empresa: Cafam suba | Factura: 145075-TPV2-21050
2026-09-07T18:00:13.009-05:00  WARN 37496 --- [Invoice Monitor - Gastoncito] [scheduling-1] com.monitor.invoices.InvoiceMonitorJob   :   ? Empresa: Cafam suba | Factura: 145075-TPV2-21051
2026-09-07T18:00:13.009-05:00  WARN 37496 --- [Invoice Monitor - Gastoncito] [scheduling-1] com.monitor.invoices.InvoiceMonitorJob   :   ? Empresa: Cafam suba | Factura: 145075-TPV2-21052
2026-09-07T18:00:13.009-05:00  WARN 37496 --- [Invoice Monitor - Gastoncito] [scheduling-1] com.monitor.invoices.InvoiceMonitorJob   :   ? Empresa: Cafam suba | Factura: 145075-TPV2-21053
2026-09-07T18:00:13.009-05:00  WARN 37496 --- [Invoice Monitor - Gastoncito] [scheduling-1] com.monitor.invoices.InvoiceMonitorJob   :   ? Empresa: Cafam suba | Factura: 145075-TPV2-21054
2026-09-07T18:00:13.009-05:00  WARN 37496 --- [Invoice Monitor - Gastoncito] [scheduling-1] com.monitor.invoices.InvoiceMonitorJob   :   ? Empresa: Cafam suba | Factura: 145075-TPV2-21055
2026-09-07T18:00:13.009-05:00  WARN 37496 --- [Invoice Monitor - Gastoncito] [scheduling-1] com.monitor.invoices.InvoiceMonitorJob   :   ? Empresa: Cafam suba | Factura: 145075-TPV2-21056
2026-09-07T18:00:13.009-05:00  WARN 37496 --- [Invoice Monitor - Gastoncito] [scheduling-1] com.monitor.invoices.InvoiceMonitorJob   :   ? Empresa: Cafam suba | Factura: 145075-TPV2-21057
2026-09-07T18:00:13.010-05:00  WARN 37496 --- [Invoice Monitor - Gastoncito] [scheduling-1] com.monitor.invoices.InvoiceMonitorJob   :   ? Empresa: Cafam suba | Factura: 145075-TPV2-21058
2026-09-07T18:00:13.010-05:00  WARN 37496 --- [Invoice Monitor - Gastoncito] [scheduling-1] com.monitor.invoices.InvoiceMonitorJob   :   ? Empresa: Cafam suba | Factura: 145075-TPV2-21059
2026-09-07T18:00:13.010-05:00  WARN 37496 --- [Invoice Monitor - Gastoncito] [scheduling-1] com.monitor.invoices.InvoiceMonitorJob   :   ? Empresa: Cafam suba | Factura: 145075-TPV2-21060
2026-09-07T18:00:13.010-05:00  WARN 37496 --- [Invoice Monitor - Gastoncito] [scheduling-1] com.monitor.invoices.InvoiceMonitorJob   :   ? Empresa: Cafam suba | Factura: 145075-TPV2-21061
2026-09-07T18:00:13.010-05:00  WARN 37496 --- [Invoice Monitor - Gastoncito] [scheduling-1] com.monitor.invoices.InvoiceMonitorJob   :   ? Empresa: Cafam suba | Factura: 145075-TPV2-21062
2026-09-07T18:00:13.010-05:00  WARN 37496 --- [Invoice Monitor - Gastoncito] [scheduling-1] com.monitor.invoices.InvoiceMonitorJob   :   ? Empresa: Cafam suba | Factura: 145075-TPV2-21063
2026-09-07T18:00:13.010-05:00  WARN 37496 --- [Invoice Monitor - Gastoncito] [scheduling-1] com.monitor.invoices.InvoiceMonitorJob   :   ? Empresa: Cafam suba | Factura: 145075-TPV2-21064
2026-09-07T18:00:13.010-05:00  WARN 37496 --- [Invoice Monitor - Gastoncito] [scheduling-1] com.monitor.invoices.InvoiceMonitorJob   :   ? Empresa: Cafam suba | Factura: 145075-TPV2-21065
2026-09-07T18:00:13.010-05:00  WARN 37496 --- [Invoice Monitor - Gastoncito] [scheduling-1] com.monitor.invoices.InvoiceMonitorJob   :   ? Empresa: Cafam suba | Factura: 145075-TPV2-21066
2026-09-07T18:00:13.010-05:00  WARN 37496 --- [Invoice Monitor - Gastoncito] [scheduling-1] com.monitor.invoices.InvoiceMonitorJob   :   ? Empresa: Cafam suba | Factura: 145075-TPV2-21067
2026-09-07T18:00:13.010-05:00  WARN 37496 --- [Invoice Monitor - Gastoncito] [scheduling-1] com.monitor.invoices.InvoiceMonitorJob   :   ? Empresa: Cafam suba | Factura: 145075-TPV2-21068
2026-09-07T18:00:13.010-05:00  WARN 37496 --- [Invoice Monitor - Gastoncito] [scheduling-1] com.monitor.invoices.InvoiceMonitorJob   :   ? Empresa: Cafam suba | Factura: 145075-TPV2-21069
2026-09-07T18:00:13.010-05:00  WARN 37496 --- [Invoice Monitor - Gastoncito] [scheduling-1] com.monitor.invoices.InvoiceMonitorJob   :   ? Empresa: Cafam suba | Factura: 145075-TPV2-21070
2026-09-07T18:00:13.010-05:00  WARN 37496 --- [Invoice Monitor - Gastoncito] [scheduling-1] com.monitor.invoices.InvoiceMonitorJob   :   ? Empresa: Cafam suba | Factura: 145075-TPV2-21071
2026-09-07T18:00:13.010-05:00  WARN 37496 --- [Invoice Monitor - Gastoncito] [scheduling-1] com.monitor.invoices.InvoiceMonitorJob   :   ? Empresa: Cafam suba | Factura: 145075-TPV2-21072
2026-09-07T18:00:13.010-05:00  WARN 37496 --- [Invoice Monitor - Gastoncito] [scheduling-1] com.monitor.invoices.InvoiceMonitorJob   :   ? Empresa: Cafam suba | Factura: 145075-TPV2-21073
2026-09-07T18:00:13.011-05:00  WARN 37496 --- [Invoice Monitor - Gastoncito] [scheduling-1] com.monitor.invoices.InvoiceMonitorJob   :   ? Empresa: Cafam suba | Factura: 145075-TPV2-21074
2026-09-07T18:00:13.011-05:00  WARN 37496 --- [Invoice Monitor - Gastoncito] [scheduling-1] com.monitor.invoices.InvoiceMonitorJob   :   ? Empresa: Cafam suba | Factura: 145075-TPV2-21075
2026-09-07T18:00:13.011-05:00  WARN 37496 --- [Invoice Monitor - Gastoncito] [scheduling-1] com.monitor.invoices.InvoiceMonitorJob   :   ? Empresa: Cafam suba | Factura: 145075-TPV2-21076
2026-09-07T18:00:13.011-05:00  WARN 37496 --- [Invoice Monitor - Gastoncito] [scheduling-1] com.monitor.invoices.InvoiceMonitorJob   :   ? Empresa: Cafam suba | Factura: 145075-TPV2-21077
2026-09-07T18:00:13.011-05:00  WARN 37496 --- [Invoice Monitor - Gastoncito] [scheduling-1] com.monitor.invoices.InvoiceMonitorJob   :   ? Empresa: Cafam suba | Factura: 145075-TPV2-21078
2026-09-07T18:00:13.011-05:00  WARN 37496 --- [Invoice Monitor - Gastoncito] [scheduling-1] com.monitor.invoices.InvoiceMonitorJob   :   ? Empresa: Cafam suba | Factura: 145075-TPV2-21079
2026-09-07T18:00:13.011-05:00  WARN 37496 --- [Invoice Monitor - Gastoncito] [scheduling-1] com.monitor.invoices.InvoiceMonitorJob   :   ? Empresa: Cafam suba | Factura: 145075-TPV2-21080
2026-09-07T18:00:13.011-05:00  WARN 37496 --- [Invoice Monitor - Gastoncito] [scheduling-1] com.monitor.invoices.InvoiceMonitorJob   :   ? Empresa: Cafam suba | Factura: 145075-TPV2-21081
2026-09-07T18:00:13.011-05:00  WARN 37496 --- [Invoice Monitor - Gastoncito] [scheduling-1] com.monitor.invoices.InvoiceMonitorJob   :   ? Empresa: Cafam suba | Factura: 145075-TPV2-21082
2026-09-07T18:00:13.011-05:00  WARN 37496 --- [Invoice Monitor - Gastoncito] [scheduling-1] com.monitor.invoices.InvoiceMonitorJob   :   ? Empresa: Cafam suba | Factura: 145075-TPV2-21083
2026-09-07T18:00:13.011-05:00  WARN 37496 --- [Invoice Monitor - Gastoncito] [scheduling-1] com.monitor.invoices.InvoiceMonitorJob   :   ? Empresa: Cafam suba | Factura: 145075-TPV2-21084
2026-09-07T18:00:13.011-05:00  WARN 37496 --- [Invoice Monitor - Gastoncito] [scheduling-1] com.monitor.invoices.InvoiceMonitorJob   :   ? Empresa: Cafam suba | Factura: 145075-TPV2-21085
2026-09-07T18:00:13.011-05:00  WARN 37496 --- [Invoice Monitor - Gastoncito] [scheduling-1] com.monitor.invoices.InvoiceMonitorJob   :   ? Empresa: Cafam suba | Factura: 145075-TPV2-21086
2026-09-07T18:00:13.011-05:00  WARN 37496 --- [Invoice Monitor - Gastoncito] [scheduling-1] com.monitor.invoices.InvoiceMonitorJob   :   ? Empresa: Cafam suba | Factura: 145075-TPV2-21087
2026-09-07T18:00:13.012-05:00  WARN 37496 --- [Invoice Monitor - Gastoncito] [scheduling-1] com.monitor.invoices.InvoiceMonitorJob   :   ? Empresa: Cafam suba | Factura: 145075-TPV2-21088
2026-09-07T18:00:13.012-05:00  WARN 37496 --- [Invoice Monitor - Gastoncito] [scheduling-1] com.monitor.invoices.InvoiceMonitorJob   :   ? Empresa: Cafam suba | Factura: 145075-TPV2-21089
2026-09-07T18:00:13.012-05:00  WARN 37496 --- [Invoice Monitor - Gastoncito] [scheduling-1] com.monitor.invoices.InvoiceMonitorJob   :   ? Empresa: Cafam suba | Factura: 145075-TPV2-21090
2026-09-07T18:00:13.012-05:00  WARN 37496 --- [Invoice Monitor - Gastoncito] [scheduling-1] com.monitor.invoices.InvoiceMonitorJob   :   ? Empresa: Cafam suba | Factura: 145075-TPV2-21091
2026-09-07T18:00:13.012-05:00  WARN 37496 --- [Invoice Monitor - Gastoncito] [scheduling-1] com.monitor.invoices.InvoiceMonitorJob   :   ? Empresa: Cafam suba | Factura: 145075-TPV2-21092
2026-09-07T18:00:13.012-05:00  WARN 37496 --- [Invoice Monitor - Gastoncito] [scheduling-1] com.monitor.invoices.InvoiceMonitorJob   :   ? Empresa: Cafam suba | Factura: 145075-TPV2-21093
2026-09-07T18:00:13.012-05:00  WARN 37496 --- [Invoice Monitor - Gastoncito] [scheduling-1] com.monitor.invoices.InvoiceMonitorJob   :   ? Empresa: Cafam suba | Factura: 145075-TPV2-21094
2026-09-07T18:00:13.012-05:00  WARN 37496 --- [Invoice Monitor - Gastoncito] [scheduling-1] com.monitor.invoices.InvoiceMonitorJob   :   ? Empresa: Cafam suba | Factura: 145075-TPV2-21095
2026-09-07T18:00:13.012-05:00  WARN 37496 --- [Invoice Monitor - Gastoncito] [scheduling-1] com.monitor.invoices.InvoiceMonitorJob   :   ? Empresa: Cafam suba | Factura: 145075-TPV2-21096
2026-09-07T18:00:13.013-05:00  WARN 37496 --- [Invoice Monitor - Gastoncito] [scheduling-1] com.monitor.invoices.InvoiceMonitorJob   :   ? Empresa: Cafam suba | Factura: 145075-TPV2-21097
2026-09-07T18:00:13.013-05:00  WARN 37496 --- [Invoice Monitor - Gastoncito] [scheduling-1] com.monitor.invoices.InvoiceMonitorJob   :   ? Empresa: Cafam suba | Factura: 145075-TPV2-21098
2026-09-07T18:00:13.013-05:00  WARN 37496 --- [Invoice Monitor - Gastoncito] [scheduling-1] com.monitor.invoices.InvoiceMonitorJob   :   ? Empresa: Cafam suba | Factura: 145075-TPV2-21099
2026-09-07T18:00:13.013-05:00  WARN 37496 --- [Invoice Monitor - Gastoncito] [scheduling-1] com.monitor.invoices.InvoiceMonitorJob   :   ? Empresa: Cafam suba | Factura: 145075-TPV2-21100
2026-09-07T18:00:13.013-05:00  WARN 37496 --- [Invoice Monitor - Gastoncito] [scheduling-1] com.monitor.invoices.InvoiceMonitorJob   :   ? Empresa: Cafam suba | Factura: 145075-TPV2-21101
2026-09-07T18:00:13.013-05:00  WARN 37496 --- [Invoice Monitor - Gastoncito] [scheduling-1] com.monitor.invoices.InvoiceMonitorJob   :   ? Empresa: Cafam suba | Factura: 145075-TPV2-21102
2026-09-07T18:00:13.013-05:00  WARN 37496 --- [Invoice Monitor - Gastoncito] [scheduling-1] com.monitor.invoices.InvoiceMonitorJob   :   ? Empresa: Cafam suba | Factura: 145075-TPV2-21103
2026-09-07T18:00:13.013-05:00  WARN 37496 --- [Invoice Monitor - Gastoncito] [scheduling-1] com.monitor.invoices.InvoiceMonitorJob   :   ? Empresa: Cafam suba | Factura: 145075-TPV2-21104
2026-09-07T18:00:13.013-05:00  WARN 37496 --- [Invoice Monitor - Gastoncito] [scheduling-1] com.monitor.invoices.InvoiceMonitorJob   :   ? Empresa: Cafam suba | Factura: 145075-TPV2-21105
2026-09-07T18:00:13.014-05:00  WARN 37496 --- [Invoice Monitor - Gastoncito] [scheduling-1] com.monitor.invoices.InvoiceMonitorJob   :   ? Empresa: Cafam suba | Factura: 145075-TPV2-21106
2026-09-07T18:00:13.014-05:00  WARN 37496 --- [Invoice Monitor - Gastoncito] [scheduling-1] com.monitor.invoices.InvoiceMonitorJob   :   ? Empresa: Cafam suba | Factura: 145075-TPV2-21107
2026-09-07T18:00:13.014-05:00  WARN 37496 --- [Invoice Monitor - Gastoncito] [scheduling-1] com.monitor.invoices.InvoiceMonitorJob   :   ? Empresa: Cafam suba | Factura: 145075-TPV2-21108
2026-09-07T18:00:13.014-05:00  WARN 37496 --- [Invoice Monitor - Gastoncito] [scheduling-1] com.monitor.invoices.InvoiceMonitorJob   :   ? Empresa: Cafam suba | Factura: 145075-TPV2-21109
2026-09-07T18:00:13.014-05:00  WARN 37496 --- [Invoice Monitor - Gastoncito] [scheduling-1] com.monitor.invoices.InvoiceMonitorJob   :   ? Empresa: Cafam suba | Factura: 145075-TPV2-21110
2026-09-07T18:00:13.014-05:00  WARN 37496 --- [Invoice Monitor - Gastoncito] [scheduling-1] com.monitor.invoices.InvoiceMonitorJob   :   ? Empresa: Cafam suba | Factura: 145075-TPV2-21111
2026-09-07T18:00:13.014-05:00  WARN 37496 --- [Invoice Monitor - Gastoncito] [scheduling-1] com.monitor.invoices.InvoiceMonitorJob   :   ? Empresa: Cafam suba | Factura: 145075-TPV2-21112
2026-09-07T18:00:13.014-05:00  WARN 37496 --- [Invoice Monitor - Gastoncito] [scheduling-1] com.monitor.invoices.InvoiceMonitorJob   :   ? Empresa: Cafam suba | Factura: 145075-TPV2-21113
2026-09-07T18:00:13.014-05:00  WARN 37496 --- [Invoice Monitor - Gastoncito] [scheduling-1] com.monitor.invoices.InvoiceMonitorJob   :   ? Empresa: Cafam suba | Factura: 145075-TPV2-21114
2026-09-07T18:00:13.015-05:00  WARN 37496 --- [Invoice Monitor - Gastoncito] [scheduling-1] com.monitor.invoices.InvoiceMonitorJob   :   ? Empresa: Cafam suba | Factura: 145075-TPV2-21115
2026-09-07T18:00:13.015-05:00  WARN 37496 --- [Invoice Monitor - Gastoncito] [scheduling-1] com.monitor.invoices.InvoiceMonitorJob   :   ? Empresa: Cafam suba | Factura: 145075-TPV2-21116
2026-09-07T18:00:13.015-05:00  WARN 37496 --- [Invoice Monitor - Gastoncito] [scheduling-1] com.monitor.invoices.InvoiceMonitorJob   :   ? Empresa: Cafam suba | Factura: 145075-TPV2-21117
2026-09-07T18:00:13.015-05:00  WARN 37496 --- [Invoice Monitor - Gastoncito] [scheduling-1] com.monitor.invoices.InvoiceMonitorJob   :   ? Empresa: Cafam suba | Factura: 145075-TPV2-21118
2026-09-07T18:00:13.015-05:00  WARN 37496 --- [Invoice Monitor - Gastoncito] [scheduling-1] com.monitor.invoices.InvoiceMonitorJob   :   ? Empresa: Cafam suba | Factura: 145075-TPV2-21119
2026-09-07T18:00:13.015-05:00  WARN 37496 --- [Invoice Monitor - Gastoncito] [scheduling-1] com.monitor.invoices.InvoiceMonitorJob   :   ? Empresa: Cafam suba | Factura: 145075-TPV2-21120
2026-09-07T18:00:13.015-05:00  WARN 37496 --- [Invoice Monitor - Gastoncito] [scheduling-1] com.monitor.invoices.InvoiceMonitorJob   :   ? Empresa: Cafam suba | Factura: 145075-TPV2-21121
2026-09-07T18:00:13.016-05:00  WARN 37496 --- [Invoice Monitor - Gastoncito] [scheduling-1] com.monitor.invoices.InvoiceMonitorJob   :   ? Empresa: Cafam suba | Factura: 145075-TPV2-21122
2026-09-07T18:00:13.016-05:00  WARN 37496 --- [Invoice Monitor - Gastoncito] [scheduling-1] com.monitor.invoices.InvoiceMonitorJob   :   ? Empresa: Cafam suba | Factura: 145075-TPV2-21123
2026-09-07T18:00:13.016-05:00  WARN 37496 --- [Invoice Monitor - Gastoncito] [scheduling-1] com.monitor.invoices.InvoiceMonitorJob   :   ? Empresa: Cafam suba | Factura: 145075-TPV2-21124
2026-09-07T18:00:13.016-05:00  WARN 37496 --- [Invoice Monitor - Gastoncito] [scheduling-1] com.monitor.invoices.InvoiceMonitorJob   :   ? Empresa: Cafam suba | Factura: 145075-TPV2-21125
2026-09-07T18:00:13.016-05:00  WARN 37496 --- [Invoice Monitor - Gastoncito] [scheduling-1] com.monitor.invoices.InvoiceMonitorJob   :   ? Empresa: Cafam suba | Factura: 145075-TPV2-21126
2026-09-07T18:00:13.016-05:00  WARN 37496 --- [Invoice Monitor - Gastoncito] [scheduling-1] com.monitor.invoices.InvoiceMonitorJob   :   ? Empresa: Cafam suba | Factura: 145075-TPV2-21127
2026-09-07T18:00:13.016-05:00  WARN 37496 --- [Invoice Monitor - Gastoncito] [scheduling-1] com.monitor.invoices.InvoiceMonitorJob   :   ? Empresa: Cafam suba | Factura: 145075-TPV2-21128
2026-09-07T18:00:13.016-05:00  WARN 37496 --- [Invoice Monitor - Gastoncito] [scheduling-1] com.monitor.invoices.InvoiceMonitorJob   :   ? Empresa: Cafam suba | Factura: 145075-TPV2-21129
2026-09-07T18:00:13.016-05:00  WARN 37496 --- [Invoice Monitor - Gastoncito] [scheduling-1] com.monitor.invoices.InvoiceMonitorJob   :   ? Empresa: Cafam suba | Factura: 145075-TPV2-21130
2026-09-07T18:00:13.016-05:00  WARN 37496 --- [Invoice Monitor - Gastoncito] [scheduling-1] com.monitor.invoices.InvoiceMonitorJob   :   ? Empresa: Cafam suba | Factura: 145075-TPV2-21131
2026-09-07T18:00:13.016-05:00  WARN 37496 --- [Invoice Monitor - Gastoncito] [scheduling-1] com.monitor.invoices.InvoiceMonitorJob   :   ? Empresa: Cafam suba | Factura: 145075-TPV2-21132
2026-09-07T18:00:13.016-05:00  WARN 37496 --- [Invoice Monitor - Gastoncito] [scheduling-1] com.monitor.invoices.InvoiceMonitorJob   :   ? Empresa: Cafam suba | Factura: 145075-TPV2-21133
2026-09-07T18:00:13.016-05:00  WARN 37496 --- [Invoice Monitor - Gastoncito] [scheduling-1] com.monitor.invoices.InvoiceMonitorJob   :   ? Empresa: Cafam suba | Factura: 145075-TPV2-21134
2026-09-07T18:00:13.016-05:00  WARN 37496 --- [Invoice Monitor - Gastoncito] [scheduling-1] com.monitor.invoices.InvoiceMonitorJob   :   ? Empresa: Cafam suba | Factura: 145075-TPV2-21135
2026-09-07T18:00:13.017-05:00  WARN 37496 --- [Invoice Monitor - Gastoncito] [scheduling-1] com.monitor.invoices.InvoiceMonitorJob   :   ? Empresa: Cafam suba | Factura: 145075-TPV2-21136
2026-09-07T18:00:13.017-05:00  WARN 37496 --- [Invoice Monitor - Gastoncito] [scheduling-1] com.monitor.invoices.InvoiceMonitorJob   :   ? Empresa: Cafam suba | Factura: 145075-TPV2-21137
2026-09-07T18:00:13.017-05:00  WARN 37496 --- [Invoice Monitor - Gastoncito] [scheduling-1] com.monitor.invoices.InvoiceMonitorJob   :   ? Empresa: Cafam suba | Factura: 145075-TPV2-21138
2026-09-07T18:00:13.017-05:00  WARN 37496 --- [Invoice Monitor - Gastoncito] [scheduling-1] com.monitor.invoices.InvoiceMonitorJob   :   ? Empresa: Cafam suba | Factura: 145075-TPV2-21139
2026-09-07T18:00:13.017-05:00  WARN 37496 --- [Invoice Monitor - Gastoncito] [scheduling-1] com.monitor.invoices.InvoiceMonitorJob   :   ? Empresa: Cafam suba | Factura: 145075-TPV2-21140
2026-09-07T18:00:13.017-05:00  WARN 37496 --- [Invoice Monitor - Gastoncito] [scheduling-1] com.monitor.invoices.InvoiceMonitorJob   :   ? Empresa: Cafam suba | Factura: 145075-TPV2-21141
2026-09-07T18:00:13.017-05:00  WARN 37496 --- [Invoice Monitor - Gastoncito] [scheduling-1] com.monitor.invoices.InvoiceMonitorJob   :   ? Empresa: Cafam suba | Factura: 145075-TPV2-21142
2026-09-07T18:00:13.017-05:00  WARN 37496 --- [Invoice Monitor - Gastoncito] [scheduling-1] com.monitor.invoices.InvoiceMonitorJob   :   ? Empresa: Cafam suba | Factura: 145075-TPV2-21143
2026-09-07T18:00:13.017-05:00  WARN 37496 --- [Invoice Monitor - Gastoncito] [scheduling-1] com.monitor.invoices.InvoiceMonitorJob   :   ? Empresa: Cafam suba | Factura: 145075-TPV2-21144
2026-09-07T18:00:13.017-05:00  WARN 37496 --- [Invoice Monitor - Gastoncito] [scheduling-1] com.monitor.invoices.InvoiceMonitorJob   :   ? Empresa: Cafam suba | Factura: 145075-TPV2-21145
2026-09-07T18:00:13.017-05:00  WARN 37496 --- [Invoice Monitor - Gastoncito] [scheduling-1] com.monitor.invoices.InvoiceMonitorJob   :   ? Empresa: Cafam suba | Factura: 145075-TPV2-21146
2026-09-07T18:00:13.017-05:00  WARN 37496 --- [Invoice Monitor - Gastoncito] [scheduling-1] com.monitor.invoices.InvoiceMonitorJob   :   ? Empresa: Cafam suba | Factura: 145075-TPV2-21147
2026-09-07T18:00:13.017-05:00  WARN 37496 --- [Invoice Monitor - Gastoncito] [scheduling-1] com.monitor.invoices.InvoiceMonitorJob   :   ? Empresa: Cafam suba | Factura: 145075-TPV2-21148
2026-09-07T18:00:13.017-05:00  WARN 37496 --- [Invoice Monitor - Gastoncito] [scheduling-1] com.monitor.invoices.InvoiceMonitorJob   :   ? Empresa: Cafam suba | Factura: 145075-TPV2-21149
2026-09-07T18:00:13.017-05:00  WARN 37496 --- [Invoice Monitor - Gastoncito] [scheduling-1] com.monitor.invoices.InvoiceMonitorJob   :   ? Empresa: Cafam suba | Factura: 145075-TPV2-21150
2026-09-07T18:00:13.018-05:00  WARN 37496 --- [Invoice Monitor - Gastoncito] [scheduling-1] com.monitor.invoices.InvoiceMonitorJob   :   ? Empresa: Cafam suba | Factura: 145075-TPV2-21151
2026-09-07T18:00:13.018-05:00  WARN 37496 --- [Invoice Monitor - Gastoncito] [scheduling-1] com.monitor.invoices.InvoiceMonitorJob   :   ? Empresa: Cafam suba | Factura: 145075-TPV2-21152
2026-09-07T18:00:13.018-05:00  WARN 37496 --- [Invoice Monitor - Gastoncito] [scheduling-1] com.monitor.invoices.InvoiceMonitorJob   :   ? Empresa: Cafam suba | Factura: 145075-TPV2-21153
2026-09-07T18:00:13.018-05:00  WARN 37496 --- [Invoice Monitor - Gastoncito] [scheduling-1] com.monitor.invoices.InvoiceMonitorJob   :   ? Empresa: Cafam suba | Factura: 145075-TPV2-21154
2026-09-07T18:00:13.018-05:00  WARN 37496 --- [Invoice Monitor - Gastoncito] [scheduling-1] com.monitor.invoices.InvoiceMonitorJob   :   ? Empresa: Cafam suba | Factura: 145075-TPV2-21155
2026-09-07T18:00:13.018-05:00  WARN 37496 --- [Invoice Monitor - Gastoncito] [scheduling-1] com.monitor.invoices.InvoiceMonitorJob   :   ? Empresa: Cafam suba | Factura: 145075-TPV2-21156
2026-09-07T18:00:13.018-05:00  WARN 37496 --- [Invoice Monitor - Gastoncito] [scheduling-1] com.monitor.invoices.InvoiceMonitorJob   :   ? Empresa: Cafam suba | Factura: 145075-TPV2-21157
2026-09-07T18:00:13.018-05:00  WARN 37496 --- [Invoice Monitor - Gastoncito] [scheduling-1] com.monitor.invoices.InvoiceMonitorJob   :   ? Empresa: Cafam suba | Factura: 145075-TPV2-21158
2026-09-07T18:00:13.018-05:00  WARN 37496 --- [Invoice Monitor - Gastoncito] [scheduling-1] com.monitor.invoices.InvoiceMonitorJob   :   ? Empresa: Cafam suba | Factura: 145075-TPV2-21159
2026-09-07T18:00:13.018-05:00  WARN 37496 --- [Invoice Monitor - Gastoncito] [scheduling-1] com.monitor.invoices.InvoiceMonitorJob   :   ? Empresa: Cafam suba | Factura: 145075-TPV2-21160
2026-09-07T18:00:13.018-05:00  WARN 37496 --- [Invoice Monitor - Gastoncito] [scheduling-1] com.monitor.invoices.InvoiceMonitorJob   :   ? Empresa: Cafam suba | Factura: 145075-TPV2-21161
2026-09-07T18:00:13.018-05:00  WARN 37496 --- [Invoice Monitor - Gastoncito] [scheduling-1] com.monitor.invoices.InvoiceMonitorJob   :   ? Empresa: Cafam suba | Factura: 145075-TPV2-21162
2026-09-07T18:00:13.018-05:00  WARN 37496 --- [Invoice Monitor - Gastoncito] [scheduling-1] com.monitor.invoices.InvoiceMonitorJob   :   ? Empresa: Cafam suba | Factura: 145075-TPV2-21163
2026-09-07T18:00:13.018-05:00  WARN 37496 --- [Invoice Monitor - Gastoncito] [scheduling-1] com.monitor.invoices.InvoiceMonitorJob   :   ? Empresa: Cafam suba | Factura: 145075-TPV2-21164
2026-09-07T18:00:13.019-05:00  WARN 37496 --- [Invoice Monitor - Gastoncito] [scheduling-1] com.monitor.invoices.InvoiceMonitorJob   :   ? Empresa: Cafam suba | Factura: 145075-TPV2-21165
2026-09-07T18:00:13.019-05:00  WARN 37496 --- [Invoice Monitor - Gastoncito] [scheduling-1] com.monitor.invoices.InvoiceMonitorJob   :   ? Empresa: Cafam suba | Factura: 145075-TPV2-21166
2026-09-07T18:00:13.019-05:00  WARN 37496 --- [Invoice Monitor - Gastoncito] [scheduling-1] com.monitor.invoices.InvoiceMonitorJob   :   ? Empresa: Cafam suba | Factura: 145075-TPV2-21167
2026-09-07T18:00:13.019-05:00  WARN 37496 --- [Invoice Monitor - Gastoncito] [scheduling-1] com.monitor.invoices.InvoiceMonitorJob   :   ? Empresa: Cafam suba | Factura: 145075-TPV2-21168
2026-09-07T18:00:13.019-05:00  WARN 37496 --- [Invoice Monitor - Gastoncito] [scheduling-1] com.monitor.invoices.InvoiceMonitorJob   :   ? Empresa: Cafam suba | Factura: 145075-TPV2-21169
2026-09-07T18:00:13.019-05:00  WARN 37496 --- [Invoice Monitor - Gastoncito] [scheduling-1] com.monitor.invoices.InvoiceMonitorJob   :   ? Empresa: Cafam suba | Factura: 145075-TPV2-21170
2026-09-07T18:00:13.019-05:00  WARN 37496 --- [Invoice Monitor - Gastoncito] [scheduling-1] com.monitor.invoices.InvoiceMonitorJob   :   ? Empresa: Cafam suba | Factura: 145075-TPV2-21171
2026-09-07T18:00:13.019-05:00  WARN 37496 --- [Invoice Monitor - Gastoncito] [scheduling-1] com.monitor.invoices.InvoiceMonitorJob   :   ? Empresa: Cafam suba | Factura: 145075-TPV2-21172
2026-09-07T18:00:13.019-05:00  WARN 37496 --- [Invoice Monitor - Gastoncito] [scheduling-1] com.monitor.invoices.InvoiceMonitorJob   :   ? Empresa: Cafam suba | Factura: 145075-TPV2-21173
2026-09-07T18:00:13.019-05:00  WARN 37496 --- [Invoice Monitor - Gastoncito] [scheduling-1] com.monitor.invoices.InvoiceMonitorJob   :   ? Empresa: Cafam suba | Factura: 145075-TPV2-21174
2026-09-07T18:00:13.019-05:00  WARN 37496 --- [Invoice Monitor - Gastoncito] [scheduling-1] com.monitor.invoices.InvoiceMonitorJob   :   ? Empresa: Cafam suba | Factura: 145075-TPV2-21175
2026-09-07T18:00:13.019-05:00  WARN 37496 --- [Invoice Monitor - Gastoncito] [scheduling-1] com.monitor.invoices.InvoiceMonitorJob   :   ? Empresa: Cafam suba | Factura: 145075-TPV2-21176
2026-09-07T18:00:13.019-05:00  WARN 37496 --- [Invoice Monitor - Gastoncito] [scheduling-1] com.monitor.invoices.InvoiceMonitorJob   :   ? Empresa: Cafam suba | Factura: 145075-TPV2-21177
2026-09-07T18:00:13.019-05:00  WARN 37496 --- [Invoice Monitor - Gastoncito] [scheduling-1] com.monitor.invoices.InvoiceMonitorJob   :   ? Empresa: Cafam suba | Factura: 145075-TPV2-21178
2026-09-07T18:00:13.020-05:00  WARN 37496 --- [Invoice Monitor - Gastoncito] [scheduling-1] com.monitor.invoices.InvoiceMonitorJob   :   ? Empresa: Cafam suba | Factura: 145075-TPV2-21179
2026-09-07T18:00:13.020-05:00  WARN 37496 --- [Invoice Monitor - Gastoncito] [scheduling-1] com.monitor.invoices.InvoiceMonitorJob   :   ? Empresa: Cafam suba | Factura: 145075-TPV2-21180
2026-09-07T18:00:13.020-05:00  WARN 37496 --- [Invoice Monitor - Gastoncito] [scheduling-1] com.monitor.invoices.InvoiceMonitorJob   :   ? Empresa: Cafam suba | Factura: 145075-TPV2-21181
2026-09-07T18:00:13.020-05:00  WARN 37496 --- [Invoice Monitor - Gastoncito] [scheduling-1] com.monitor.invoices.InvoiceMonitorJob   :   ? Empresa: Cafam suba | Factura: 145075-TPV2-21182
2026-09-07T18:00:13.020-05:00  WARN 37496 --- [Invoice Monitor - Gastoncito] [scheduling-1] com.monitor.invoices.InvoiceMonitorJob   :   ? Empresa: Cafam suba | Factura: 145075-TPV2-21183
2026-09-07T18:00:13.020-05:00  WARN 37496 --- [Invoice Monitor - Gastoncito] [scheduling-1] com.monitor.invoices.InvoiceMonitorJob   :   ? Empresa: Cafam suba | Factura: 145075-TPV2-21184
2026-09-07T18:00:13.020-05:00  WARN 37496 --- [Invoice Monitor - Gastoncito] [scheduling-1] com.monitor.invoices.InvoiceMonitorJob   :   ? Empresa: Cafam suba | Factura: 145075-TPV2-21185
2026-09-07T18:00:13.020-05:00  WARN 37496 --- [Invoice Monitor - Gastoncito] [scheduling-1] com.monitor.invoices.InvoiceMonitorJob   :   ? Empresa: Cafam suba | Factura: 145075-TPV2-21186
2026-09-07T18:00:13.020-05:00  WARN 37496 --- [Invoice Monitor - Gastoncito] [scheduling-1] com.monitor.invoices.InvoiceMonitorJob   :   ? Empresa: Cafam suba | Factura: 145075-TPV2-21187
2026-09-07T18:00:13.020-05:00  WARN 37496 --- [Invoice Monitor - Gastoncito] [scheduling-1] com.monitor.invoices.InvoiceMonitorJob   :   ? Empresa: Cafam suba | Factura: 145075-TPV2-21188
2026-09-07T18:00:13.020-05:00  WARN 37496 --- [Invoice Monitor - Gastoncito] [scheduling-1] com.monitor.invoices.InvoiceMonitorJob   :   ? Empresa: Cafam suba | Factura: 145075-TPV2-21189
2026-09-07T18:00:13.020-05:00  WARN 37496 --- [Invoice Monitor - Gastoncito] [scheduling-1] com.monitor.invoices.InvoiceMonitorJob   :   ? Empresa: Cafam suba | Factura: 145075-TPV2-21190
2026-09-07T18:00:13.020-05:00  WARN 37496 --- [Invoice Monitor - Gastoncito] [scheduling-1] com.monitor.invoices.InvoiceMonitorJob   :   ? Empresa: Cafam suba | Factura: 145075-TPV2-21191
2026-09-07T18:00:13.020-05:00  WARN 37496 --- [Invoice Monitor - Gastoncito] [scheduling-1] com.monitor.invoices.InvoiceMonitorJob   :   ? Empresa: Cafam suba | Factura: 145075-TPV2-21192
2026-09-07T18:00:13.020-05:00  WARN 37496 --- [Invoice Monitor - Gastoncito] [scheduling-1] com.monitor.invoices.InvoiceMonitorJob   :   ? Empresa: Cafam suba | Factura: 145075-TPV2-21193
2026-09-07T18:00:13.021-05:00  WARN 37496 --- [Invoice Monitor - Gastoncito] [scheduling-1] com.monitor.invoices.InvoiceMonitorJob   :   ? Empresa: Cafam suba | Factura: 145075-TPV2-21194
2026-09-07T18:00:13.021-05:00  WARN 37496 --- [Invoice Monitor - Gastoncito] [scheduling-1] com.monitor.invoices.InvoiceMonitorJob   :   ? Empresa: Cafam suba | Factura: 145075-TPV2-21195
2026-09-07T18:00:13.021-05:00  WARN 37496 --- [Invoice Monitor - Gastoncito] [scheduling-1] com.monitor.invoices.InvoiceMonitorJob   :   ? Empresa: Cafam suba | Factura: 145075-TPV2-21196
2026-09-07T18:00:13.021-05:00  WARN 37496 --- [Invoice Monitor - Gastoncito] [scheduling-1] com.monitor.invoices.InvoiceMonitorJob   :   ? Empresa: Cafam suba | Factura: 145075-TPV2-21197
2026-09-07T18:00:13.021-05:00  WARN 37496 --- [Invoice Monitor - Gastoncito] [scheduling-1] com.monitor.invoices.InvoiceMonitorJob   :   ? Empresa: Cafam suba | Factura: 145075-TPV2-21198
2026-09-07T18:00:13.021-05:00  WARN 37496 --- [Invoice Monitor - Gastoncito] [scheduling-1] com.monitor.invoices.InvoiceMonitorJob   :   ? Empresa: Cafam suba | Factura: 145075-TPV2-21199
2026-09-07T18:00:13.021-05:00  WARN 37496 --- [Invoice Monitor - Gastoncito] [scheduling-1] com.monitor.invoices.InvoiceMonitorJob   :   ? Empresa: Cafam suba | Factura: 145075-TPV2-21200
2026-09-07T18:00:13.021-05:00  WARN 37496 --- [Invoice Monitor - Gastoncito] [scheduling-1] com.monitor.invoices.InvoiceMonitorJob   :   ? Empresa: Cafam suba | Factura: 145075-TPV2-21201
2026-09-07T18:00:13.021-05:00  WARN 37496 --- [Invoice Monitor - Gastoncito] [scheduling-1] com.monitor.invoices.InvoiceMonitorJob   :   ? Empresa: Cafam suba | Factura: 145075-TPV2-21202
2026-09-07T18:00:13.021-05:00  WARN 37496 --- [Invoice Monitor - Gastoncito] [scheduling-1] com.monitor.invoices.InvoiceMonitorJob   :   ? Empresa: Cafam suba | Factura: 145075-TPV2-21203
2026-09-07T18:00:13.021-05:00  WARN 37496 --- [Invoice Monitor - Gastoncito] [scheduling-1] com.monitor.invoices.InvoiceMonitorJob   :   ? Empresa: Cafam suba | Factura: 145075-TPV2-21204
2026-09-07T18:00:13.021-05:00  WARN 37496 --- [Invoice Monitor - Gastoncito] [scheduling-1] com.monitor.invoices.InvoiceMonitorJob   :   ? Empresa: Cafam suba | Factura: 145075-TPV2-21205
2026-09-07T18:00:13.021-05:00  WARN 37496 --- [Invoice Monitor - Gastoncito] [scheduling-1] com.monitor.invoices.InvoiceMonitorJob   :   ? Empresa: Cafam suba | Factura: 145075-TPV2-21206
2026-09-07T18:00:13.021-05:00  WARN 37496 --- [Invoice Monitor - Gastoncito] [scheduling-1] com.monitor.invoices.InvoiceMonitorJob   :   ? Empresa: Cafam suba | Factura: 145075-TPV2-21207
2026-09-07T18:00:13.021-05:00  WARN 37496 --- [Invoice Monitor - Gastoncito] [scheduling-1] com.monitor.invoices.InvoiceMonitorJob   :   ? Empresa: Cafam suba | Factura: 145075-TPV2-21208
2026-09-07T18:00:13.022-05:00  WARN 37496 --- [Invoice Monitor - Gastoncito] [scheduling-1] com.monitor.invoices.InvoiceMonitorJob   :   ? Empresa: Cafam suba | Factura: 145075-TPV2-21209
2026-09-07T18:00:13.022-05:00  WARN 37496 --- [Invoice Monitor - Gastoncito] [scheduling-1] com.monitor.invoices.InvoiceMonitorJob   :   ? Empresa: Cafam suba | Factura: 145075-TPV2-21210
2026-09-07T18:00:13.022-05:00  WARN 37496 --- [Invoice Monitor - Gastoncito] [scheduling-1] com.monitor.invoices.InvoiceMonitorJob   :   ? Empresa: Cafam suba | Factura: 145075-TPV2-21211
2026-09-07T18:00:13.022-05:00  WARN 37496 --- [Invoice Monitor - Gastoncito] [scheduling-1] com.monitor.invoices.InvoiceMonitorJob   :   ? Empresa: Cafam suba | Factura: 145075-TPV2-21212
2026-09-07T18:00:13.022-05:00  WARN 37496 --- [Invoice Monitor - Gastoncito] [scheduling-1] com.monitor.invoices.InvoiceMonitorJob   :   ? Empresa: Cafam suba | Factura: 145075-TPV2-21213
2026-09-07T18:00:13.022-05:00  WARN 37496 --- [Invoice Monitor - Gastoncito] [scheduling-1] com.monitor.invoices.InvoiceMonitorJob   :   ? Empresa: Cafam suba | Factura: 145075-TPV2-21214
2026-09-07T18:00:13.022-05:00  WARN 37496 --- [Invoice Monitor - Gastoncito] [scheduling-1] com.monitor.invoices.InvoiceMonitorJob   :   ? Empresa: Cafam suba | Factura: 145075-TPV2-21215
2026-09-07T18:00:13.022-05:00  WARN 37496 --- [Invoice Monitor - Gastoncito] [scheduling-1] com.monitor.invoices.InvoiceMonitorJob   :   ? Empresa: Cafam suba | Factura: 145075-TPV2-21216
2026-09-07T18:00:13.022-05:00  WARN 37496 --- [Invoice Monitor - Gastoncito] [scheduling-1] com.monitor.invoices.InvoiceMonitorJob   :   ? Empresa: Cafam suba | Factura: 145075-TPV2-21217
2026-09-07T18:00:13.022-05:00  WARN 37496 --- [Invoice Monitor - Gastoncito] [scheduling-1] com.monitor.invoices.InvoiceMonitorJob   :   ? Empresa: Cafam suba | Factura: 145075-TPV2-21218
2026-09-07T18:00:13.022-05:00  WARN 37496 --- [Invoice Monitor - Gastoncito] [scheduling-1] com.monitor.invoices.InvoiceMonitorJob   :   ? Empresa: Cafam suba | Factura: 145075-TPV2-21219
2026-09-07T18:00:13.022-05:00  WARN 37496 --- [Invoice Monitor - Gastoncito] [scheduling-1] com.monitor.invoices.InvoiceMonitorJob   :   ? Empresa: Cafam suba | Factura: 145075-TPV2-21220
2026-09-07T18:00:13.022-05:00  WARN 37496 --- [Invoice Monitor - Gastoncito] [scheduling-1] com.monitor.invoices.InvoiceMonitorJob   :   ? Empresa: Cafam suba | Factura: 145075-TPV2-21221
2026-09-07T18:00:13.022-05:00  WARN 37496 --- [Invoice Monitor - Gastoncito] [scheduling-1] com.monitor.invoices.InvoiceMonitorJob   :   ? Empresa: Cafam suba | Factura: 145075-TPV2-21222
2026-09-07T18:00:13.022-05:00  WARN 37496 --- [Invoice Monitor - Gastoncito] [scheduling-1] com.monitor.invoices.InvoiceMonitorJob   :   ? Empresa: Cafam suba | Factura: 145075-TPV2-21223
2026-09-07T18:00:13.023-05:00  WARN 37496 --- [Invoice Monitor - Gastoncito] [scheduling-1] com.monitor.invoices.InvoiceMonitorJob   :   ? Empresa: Cafam suba | Factura: 145075-TPV2-21224
2026-09-07T18:00:13.023-05:00  WARN 37496 --- [Invoice Monitor - Gastoncito] [scheduling-1] com.monitor.invoices.InvoiceMonitorJob   :   ? Empresa: Cafam suba | Factura: 145075-TPV2-21225
2026-09-07T18:00:13.023-05:00  WARN 37496 --- [Invoice Monitor - Gastoncito] [scheduling-1] com.monitor.invoices.InvoiceMonitorJob   :   ? Empresa: Cafam suba | Factura: 145075-TPV2-21226
2026-09-07T18:00:13.023-05:00  WARN 37496 --- [Invoice Monitor - Gastoncito] [scheduling-1] com.monitor.invoices.InvoiceMonitorJob   :   ? Empresa: Cafam suba | Factura: 145075-TPV2-21227
2026-09-07T18:00:13.023-05:00  WARN 37496 --- [Invoice Monitor - Gastoncito] [scheduling-1] com.monitor.invoices.InvoiceMonitorJob   :   ? Empresa: Cafam suba | Factura: 145075-TPV2-21228
2026-09-07T18:00:13.023-05:00  WARN 37496 --- [Invoice Monitor - Gastoncito] [scheduling-1] com.monitor.invoices.InvoiceMonitorJob   :   ? Empresa: Cafam suba | Factura: 145075-TPV2-21229
2026-09-07T18:00:13.023-05:00  WARN 37496 --- [Invoice Monitor - Gastoncito] [scheduling-1] com.monitor.invoices.InvoiceMonitorJob   :   ? Empresa: Cafam suba | Factura: 145075-TPV2-21230
2026-09-07T18:00:13.023-05:00  WARN 37496 --- [Invoice Monitor - Gastoncito] [scheduling-1] com.monitor.invoices.InvoiceMonitorJob   :   ? Empresa: Cafam suba | Factura: 145075-TPV2-21231
2026-09-07T18:00:13.023-05:00  WARN 37496 --- [Invoice Monitor - Gastoncito] [scheduling-1] com.monitor.invoices.InvoiceMonitorJob   :   ? Empresa: Cafam suba | Factura: 145075-TPV2-21232
2026-09-07T18:00:13.023-05:00  WARN 37496 --- [Invoice Monitor - Gastoncito] [scheduling-1] com.monitor.invoices.InvoiceMonitorJob   :   ? Empresa: Cafam suba | Factura: 145075-TPV2-21233
2026-09-07T18:00:13.023-05:00  WARN 37496 --- [Invoice Monitor - Gastoncito] [scheduling-1] com.monitor.invoices.InvoiceMonitorJob   :   ? Empresa: Cafam suba | Factura: 145075-TPV2-21234
2026-09-07T18:00:13.023-05:00  WARN 37496 --- [Invoice Monitor - Gastoncito] [scheduling-1] com.monitor.invoices.InvoiceMonitorJob   :   ? Empresa: Cafam suba | Factura: 145075-TPV2-21235
2026-09-07T18:00:13.023-05:00  WARN 37496 --- [Invoice Monitor - Gastoncito] [scheduling-1] com.monitor.invoices.InvoiceMonitorJob   :   ? Empresa: Cafam suba | Factura: 145075-TPV2-21236
2026-09-07T18:00:13.023-05:00  WARN 37496 --- [Invoice Monitor - Gastoncito] [scheduling-1] com.monitor.invoices.InvoiceMonitorJob   :   ? Empresa: Cafam suba | Factura: 145075-TPV2-21237
2026-09-07T18:00:13.023-05:00  WARN 37496 --- [Invoice Monitor - Gastoncito] [scheduling-1] com.monitor.invoices.InvoiceMonitorJob   :   ? Empresa: Cafam suba | Factura: 145075-TPV2-21238
2026-09-07T18:00:13.023-05:00  WARN 37496 --- [Invoice Monitor - Gastoncito] [scheduling-1] com.monitor.invoices.InvoiceMonitorJob   :   ? Empresa: Cafam suba | Factura: 145075-TPV2-21239
2026-09-07T18:00:13.024-05:00  WARN 37496 --- [Invoice Monitor - Gastoncito] [scheduling-1] com.monitor.invoices.InvoiceMonitorJob   :   ? Empresa: Cafam suba | Factura: 145075-TPV2-21240
2026-09-07T18:00:13.024-05:00  WARN 37496 --- [Invoice Monitor - Gastoncito] [scheduling-1] com.monitor.invoices.InvoiceMonitorJob   :   ? Empresa: Cafam suba | Factura: 145075-TPV2-21241
2026-09-07T18:00:13.024-05:00  WARN 37496 --- [Invoice Monitor - Gastoncito] [scheduling-1] com.monitor.invoices.InvoiceMonitorJob   :   ? Empresa: Cafam suba | Factura: 145075-TPV2-21242
2026-09-07T18:00:13.024-05:00  WARN 37496 --- [Invoice Monitor - Gastoncito] [scheduling-1] com.monitor.invoices.InvoiceMonitorJob   :   ? Empresa: Cafam suba | Factura: 145075-TPV2-21243
2026-09-07T18:00:13.024-05:00  WARN 37496 --- [Invoice Monitor - Gastoncito] [scheduling-1] com.monitor.invoices.InvoiceMonitorJob   :   ? Empresa: Cafam suba | Factura: 145075-TPV2-21244
2026-09-07T18:00:13.024-05:00  WARN 37496 --- [Invoice Monitor - Gastoncito] [scheduling-1] com.monitor.invoices.InvoiceMonitorJob   :   ? Empresa: Cafam suba | Factura: 145075-TPV2-21245
2026-09-07T18:00:13.024-05:00  WARN 37496 --- [Invoice Monitor - Gastoncito] [scheduling-1] com.monitor.invoices.InvoiceMonitorJob   :   ? Empresa: Cafam suba | Factura: 145075-TPV2-21246
2026-09-07T18:00:13.024-05:00  WARN 37496 --- [Invoice Monitor - Gastoncito] [scheduling-1] com.monitor.invoices.InvoiceMonitorJob   :   ? Empresa: Cafam suba | Factura: 145075-TPV2-21247
2026-09-07T18:00:13.024-05:00  WARN 37496 --- [Invoice Monitor - Gastoncito] [scheduling-1] com.monitor.invoices.InvoiceMonitorJob   :   ? Empresa: Cafam suba | Factura: 145075-TPV2-21248
2026-09-07T18:00:13.024-05:00  WARN 37496 --- [Invoice Monitor - Gastoncito] [scheduling-1] com.monitor.invoices.InvoiceMonitorJob   :   ? Empresa: Cafam suba | Factura: 145075-TPV2-21249
2026-09-07T18:00:13.024-05:00  WARN 37496 --- [Invoice Monitor - Gastoncito] [scheduling-1] com.monitor.invoices.InvoiceMonitorJob   :   ? Empresa: Cafam suba | Factura: 145075-TPV2-21250
2026-09-07T18:00:13.024-05:00  WARN 37496 --- [Invoice Monitor - Gastoncito] [scheduling-1] com.monitor.invoices.InvoiceMonitorJob   :   ? Empresa: Cafam suba | Factura: 145075-TPV2-21251
2026-09-07T18:00:13.024-05:00  WARN 37496 --- [Invoice Monitor - Gastoncito] [scheduling-1] com.monitor.invoices.InvoiceMonitorJob   :   ? Empresa: Cafam suba | Factura: 145075-TPV2-21252
2026-09-07T18:00:13.024-05:00  WARN 37496 --- [Invoice Monitor - Gastoncito] [scheduling-1] com.monitor.invoices.InvoiceMonitorJob   :   ? Empresa: Cafam suba | Factura: 145075-TPV2-21253
2026-09-07T18:00:13.024-05:00  WARN 37496 --- [Invoice Monitor - Gastoncito] [scheduling-1] com.monitor.invoices.InvoiceMonitorJob   :   ? Empresa: Cafam suba | Factura: 145075-TPV2-21254
2026-09-07T18:00:13.025-05:00  WARN 37496 --- [Invoice Monitor - Gastoncito] [scheduling-1] com.monitor.invoices.InvoiceMonitorJob   :   ? Empresa: Cafam suba | Factura: 145075-TPV2-21255
2026-09-07T18:00:13.025-05:00  WARN 37496 --- [Invoice Monitor - Gastoncito] [scheduling-1] com.monitor.invoices.InvoiceMonitorJob   :   ? Empresa: Cafam suba | Factura: 145075-TPV2-21256
2026-09-07T18:00:13.025-05:00  WARN 37496 --- [Invoice Monitor - Gastoncito] [scheduling-1] com.monitor.invoices.InvoiceMonitorJob   :   ? Empresa: Cafam suba | Factura: 145075-TPV2-21257
2026-09-07T18:00:13.025-05:00  WARN 37496 --- [Invoice Monitor - Gastoncito] [scheduling-1] com.monitor.invoices.InvoiceMonitorJob   :   ? Empresa: Cafam suba | Factura: 145075-TPV2-21258
2026-09-07T18:00:13.025-05:00  WARN 37496 --- [Invoice Monitor - Gastoncito] [scheduling-1] com.monitor.invoices.InvoiceMonitorJob   :   ? Empresa: Cafam suba | Factura: 145075-TPV2-21259
2026-09-07T18:00:13.025-05:00  WARN 37496 --- [Invoice Monitor - Gastoncito] [scheduling-1] com.monitor.invoices.InvoiceMonitorJob   :   ? Empresa: Cafam suba | Factura: 145075-TPV2-21260
2026-09-07T18:00:13.025-05:00  WARN 37496 --- [Invoice Monitor - Gastoncito] [scheduling-1] com.monitor.invoices.InvoiceMonitorJob   :   ? Empresa: Cafam suba | Factura: 145075-TPV2-21261
2026-09-07T18:00:13.025-05:00  WARN 37496 --- [Invoice Monitor - Gastoncito] [scheduling-1] com.monitor.invoices.InvoiceMonitorJob   :   ? Empresa: Cafam suba | Factura: 145075-TPV2-21262
2026-09-07T18:00:13.025-05:00  WARN 37496 --- [Invoice Monitor - Gastoncito] [scheduling-1] com.monitor.invoices.InvoiceMonitorJob   :   ? Empresa: Cafam suba | Factura: 145075-TPV2-21263
2026-09-07T18:00:13.025-05:00  WARN 37496 --- [Invoice Monitor - Gastoncito] [scheduling-1] com.monitor.invoices.InvoiceMonitorJob   :   ? Empresa: Cafam suba | Factura: 145075-TPV2-21264
2026-09-07T18:00:13.025-05:00  WARN 37496 --- [Invoice Monitor - Gastoncito] [scheduling-1] com.monitor.invoices.InvoiceMonitorJob   :   ? Empresa: Cafam suba | Factura: 145075-TPV2-21265
2026-09-07T18:00:13.025-05:00  WARN 37496 --- [Invoice Monitor - Gastoncito] [scheduling-1] com.monitor.invoices.InvoiceMonitorJob   :   ? Empresa: Cafam suba | Factura: 145075-TPV2-21266
2026-09-07T18:00:13.025-05:00  WARN 37496 --- [Invoice Monitor - Gastoncito] [scheduling-1] com.monitor.invoices.InvoiceMonitorJob   :   ? Empresa: Cafam suba | Factura: 145075-TPV2-21267
2026-09-07T18:00:13.025-05:00  WARN 37496 --- [Invoice Monitor - Gastoncito] [scheduling-1] com.monitor.invoices.InvoiceMonitorJob   :   ? Empresa: Cafam suba | Factura: 145075-TPV2-21268
2026-09-07T18:00:13.025-05:00  WARN 37496 --- [Invoice Monitor - Gastoncito] [scheduling-1] com.monitor.invoices.InvoiceMonitorJob   :   ? Empresa: Cafam suba | Factura: 145075-TPV2-21269
2026-09-07T18:00:13.026-05:00  WARN 37496 --- [Invoice Monitor - Gastoncito] [scheduling-1] com.monitor.invoices.InvoiceMonitorJob   :   ? Empresa: Cafam suba | Factura: 145075-TPV2-21270
2026-09-07T18:00:13.026-05:00  WARN 37496 --- [Invoice Monitor - Gastoncito] [scheduling-1] com.monitor.invoices.InvoiceMonitorJob   :   ? Empresa: Cafam suba | Factura: 145075-TPV2-21271
2026-09-07T18:00:13.026-05:00  WARN 37496 --- [Invoice Monitor - Gastoncito] [scheduling-1] com.monitor.invoices.InvoiceMonitorJob   :   ? Empresa: Cafam suba | Factura: 145075-TPV2-21272
2026-09-07T18:00:13.026-05:00  WARN 37496 --- [Invoice Monitor - Gastoncito] [scheduling-1] com.monitor.invoices.InvoiceMonitorJob   :   ? Empresa: Cafam suba | Factura: 145075-TPV2-21273
2026-09-07T18:00:13.026-05:00  WARN 37496 --- [Invoice Monitor - Gastoncito] [scheduling-1] com.monitor.invoices.InvoiceMonitorJob   :   ? Empresa: Cafam suba | Factura: 145075-TPV2-21274
2026-09-07T18:00:13.026-05:00  WARN 37496 --- [Invoice Monitor - Gastoncito] [scheduling-1] com.monitor.invoices.InvoiceMonitorJob   :   ? Empresa: Cafam suba | Factura: 145075-TPV2-21275
2026-09-07T18:00:13.026-05:00  WARN 37496 --- [Invoice Monitor - Gastoncito] [scheduling-1] com.monitor.invoices.InvoiceMonitorJob   :   ? Empresa: Cafam suba | Factura: 145075-TPV2-21276
2026-09-07T18:00:13.026-05:00  WARN 37496 --- [Invoice Monitor - Gastoncito] [scheduling-1] com.monitor.invoices.InvoiceMonitorJob   :   ? Empresa: Cafam suba | Factura: 145075-TPV2-21277
2026-09-07T18:00:13.026-05:00  WARN 37496 --- [Invoice Monitor - Gastoncito] [scheduling-1] com.monitor.invoices.InvoiceMonitorJob   :   ? Empresa: Cafam suba | Factura: 145075-TPV2-21278
2026-09-07T18:00:13.026-05:00  WARN 37496 --- [Invoice Monitor - Gastoncito] [scheduling-1] com.monitor.invoices.InvoiceMonitorJob   :   ? Empresa: Cafam suba | Factura: 145075-TPV2-21279
2026-09-07T18:00:13.026-05:00  WARN 37496 --- [Invoice Monitor - Gastoncito] [scheduling-1] com.monitor.invoices.InvoiceMonitorJob   :   ? Empresa: Cafam suba | Factura: 145075-TPV2-21280
2026-09-07T18:00:13.026-05:00  WARN 37496 --- [Invoice Monitor - Gastoncito] [scheduling-1] com.monitor.invoices.InvoiceMonitorJob   :   ? Empresa: Cafam suba | Factura: 145075-TPV2-21281
2026-09-07T18:00:13.026-05:00  WARN 37496 --- [Invoice Monitor - Gastoncito] [scheduling-1] com.monitor.invoices.InvoiceMonitorJob   :   ? Empresa: Cafam suba | Factura: 145075-TPV2-21282
2026-09-07T18:00:13.026-05:00  WARN 37496 --- [Invoice Monitor - Gastoncito] [scheduling-1] com.monitor.invoices.InvoiceMonitorJob   :   ? Empresa: Cafam suba | Factura: 145075-TPV2-21283
2026-09-07T18:00:13.026-05:00  WARN 37496 --- [Invoice Monitor - Gastoncito] [scheduling-1] com.monitor.invoices.InvoiceMonitorJob   :   ? Empresa: Cafam suba | Factura: 145075-TPV2-21284
2026-09-07T18:00:13.026-05:00  WARN 37496 --- [Invoice Monitor - Gastoncito] [scheduling-1] com.monitor.invoices.InvoiceMonitorJob   :   ? Empresa: Cafam suba | Factura: 145075-TPV2-21285
2026-09-07T18:00:13.027-05:00  WARN 37496 --- [Invoice Monitor - Gastoncito] [scheduling-1] com.monitor.invoices.InvoiceMonitorJob   :   ? Empresa: Cafam suba | Factura: 145075-TPV2-21286
2026-09-07T18:00:13.027-05:00  WARN 37496 --- [Invoice Monitor - Gastoncito] [scheduling-1] com.monitor.invoices.InvoiceMonitorJob   :   ? Empresa: Cafam suba | Factura: 145075-TPV2-21287
2026-09-07T18:00:13.027-05:00  WARN 37496 --- [Invoice Monitor - Gastoncito] [scheduling-1] com.monitor.invoices.InvoiceMonitorJob   :   ? Empresa: Cafam suba | Factura: 145075-TPV2-21288
2026-09-07T18:00:13.027-05:00  WARN 37496 --- [Invoice Monitor - Gastoncito] [scheduling-1] com.monitor.invoices.InvoiceMonitorJob   :   ? Empresa: Cafam suba | Factura: 145075-TPV2-21289
2026-09-07T18:00:13.027-05:00  WARN 37496 --- [Invoice Monitor - Gastoncito] [scheduling-1] com.monitor.invoices.InvoiceMonitorJob   :   ? Empresa: Cafam suba | Factura: 145075-TPV2-21290
2026-09-07T18:00:13.027-05:00  WARN 37496 --- [Invoice Monitor - Gastoncito] [scheduling-1] com.monitor.invoices.InvoiceMonitorJob   :   ? Empresa: Cafam suba | Factura: 145075-TPV2-21291
2026-09-07T18:00:13.027-05:00  WARN 37496 --- [Invoice Monitor - Gastoncito] [scheduling-1] com.monitor.invoices.InvoiceMonitorJob   :   ? Empresa: Cafam suba | Factura: 145075-TPV2-21292
2026-09-07T18:00:13.027-05:00  WARN 37496 --- [Invoice Monitor - Gastoncito] [scheduling-1] com.monitor.invoices.InvoiceMonitorJob   :   ? Empresa: Cafam suba | Factura: 145075-TPV2-21293
2026-09-07T18:00:13.027-05:00  WARN 37496 --- [Invoice Monitor - Gastoncito] [scheduling-1] com.monitor.invoices.InvoiceMonitorJob   :   ? Empresa: Cafam suba | Factura: 145075-TPV2-21294
2026-09-07T18:00:13.027-05:00  WARN 37496 --- [Invoice Monitor - Gastoncito] [scheduling-1] com.monitor.invoices.InvoiceMonitorJob   :   ? Empresa: Cafam suba | Factura: 145075-TPV2-21295
2026-09-07T18:00:13.027-05:00  WARN 37496 --- [Invoice Monitor - Gastoncito] [scheduling-1] com.monitor.invoices.InvoiceMonitorJob   :   ? Empresa: Cafam suba | Factura: 145075-TPV2-21296
2026-09-07T18:00:13.027-05:00  WARN 37496 --- [Invoice Monitor - Gastoncito] [scheduling-1] com.monitor.invoices.InvoiceMonitorJob   :   ? Empresa: Cafam suba | Factura: 145075-TPV2-21297
2026-09-07T18:00:13.027-05:00  WARN 37496 --- [Invoice Monitor - Gastoncito] [scheduling-1] com.monitor.invoices.InvoiceMonitorJob   :   ? Empresa: Cafam suba | Factura: 145075-TPV2-21298
2026-09-07T18:00:13.027-05:00  WARN 37496 --- [Invoice Monitor - Gastoncito] [scheduling-1] com.monitor.invoices.InvoiceMonitorJob   :   ? Empresa: Cafam suba | Factura: 145075-TPV2-21299
2026-09-07T18:00:13.027-05:00  WARN 37496 --- [Invoice Monitor - Gastoncito] [scheduling-1] com.monitor.invoices.InvoiceMonitorJob   :   ? Empresa: Cafam suba | Factura: 145075-TPV2-21300
2026-09-07T18:00:13.027-05:00  WARN 37496 --- [Invoice Monitor - Gastoncito] [scheduling-1] com.monitor.invoices.InvoiceMonitorJob   :   ? Empresa: Cafam suba | Factura: 145075-TPV2-21301
2026-09-07T18:00:13.028-05:00  WARN 37496 --- [Invoice Monitor - Gastoncito] [scheduling-1] com.monitor.invoices.InvoiceMonitorJob   :   ? Empresa: Cafam suba | Factura: 145075-TPV2-21302
2026-09-07T18:00:13.028-05:00  WARN 37496 --- [Invoice Monitor - Gastoncito] [scheduling-1] com.monitor.invoices.InvoiceMonitorJob   :   ? Empresa: Cafam suba | Factura: 145075-TPV2-21303
2026-09-07T18:00:13.028-05:00  WARN 37496 --- [Invoice Monitor - Gastoncito] [scheduling-1] com.monitor.invoices.InvoiceMonitorJob   :   ? Empresa: Cafam suba | Factura: 145075-TPV2-21304
2026-09-07T18:00:13.028-05:00  WARN 37496 --- [Invoice Monitor - Gastoncito] [scheduling-1] com.monitor.invoices.InvoiceMonitorJob   :   ? Empresa: Cafam suba | Factura: 145075-TPV2-21305
2026-09-07T18:00:13.028-05:00  WARN 37496 --- [Invoice Monitor - Gastoncito] [scheduling-1] com.monitor.invoices.InvoiceMonitorJob   :   ? Empresa: Cafam suba | Factura: 145075-TPV2-21306
2026-09-07T18:00:13.028-05:00  WARN 37496 --- [Invoice Monitor - Gastoncito] [scheduling-1] com.monitor.invoices.InvoiceMonitorJob   :   ? Empresa: Cafam suba | Factura: 145075-TPV2-21307
2026-09-07T18:00:13.028-05:00  WARN 37496 --- [Invoice Monitor - Gastoncito] [scheduling-1] com.monitor.invoices.InvoiceMonitorJob   :   ? Empresa: Cafam suba | Factura: 145075-TPV2-21308
2026-09-07T18:00:13.028-05:00  WARN 37496 --- [Invoice Monitor - Gastoncito] [scheduling-1] com.monitor.invoices.InvoiceMonitorJob   :   ? Empresa: Cafam suba | Factura: 145075-TPV2-21309
2026-09-07T18:00:13.028-05:00  WARN 37496 --- [Invoice Monitor - Gastoncito] [scheduling-1] com.monitor.invoices.InvoiceMonitorJob   :   ? Empresa: Cafam suba | Factura: 145075-TPV2-21310
2026-09-07T18:00:13.028-05:00  WARN 37496 --- [Invoice Monitor - Gastoncito] [scheduling-1] com.monitor.invoices.InvoiceMonitorJob   :   ? Empresa: Cafam suba | Factura: 145075-TPV2-21311
2026-09-07T18:00:13.028-05:00  WARN 37496 --- [Invoice Monitor - Gastoncito] [scheduling-1] com.monitor.invoices.InvoiceMonitorJob   :   ? Empresa: Cafam suba | Factura: 145075-TPV2-21312
2026-09-07T18:00:13.028-05:00  WARN 37496 --- [Invoice Monitor - Gastoncito] [scheduling-1] com.monitor.invoices.InvoiceMonitorJob   :   ? Empresa: Cafam suba | Factura: 145075-TPV2-21313
2026-09-07T18:00:13.028-05:00  WARN 37496 --- [Invoice Monitor - Gastoncito] [scheduling-1] com.monitor.invoices.InvoiceMonitorJob   :   ? Empresa: Cafam suba | Factura: 145075-TPV2-21314
2026-09-07T18:00:13.029-05:00  WARN 37496 --- [Invoice Monitor - Gastoncito] [scheduling-1] com.monitor.invoices.InvoiceMonitorJob   :   ? Empresa: Cafam suba | Factura: 145075-TPV2-21315
2026-09-07T18:00:13.029-05:00  WARN 37496 --- [Invoice Monitor - Gastoncito] [scheduling-1] com.monitor.invoices.InvoiceMonitorJob   :   ? Empresa: Cafam suba | Factura: 145075-TPV2-21316
2026-09-07T18:00:13.029-05:00  WARN 37496 --- [Invoice Monitor - Gastoncito] [scheduling-1] com.monitor.invoices.InvoiceMonitorJob   :   ? Empresa: Cafam suba | Factura: 145075-TPV2-21317
2026-09-07T18:00:13.029-05:00  WARN 37496 --- [Invoice Monitor - Gastoncito] [scheduling-1] com.monitor.invoices.InvoiceMonitorJob   :   ? Empresa: Cafam suba | Factura: 145075-TPV2-21318
2026-09-07T18:00:13.029-05:00  WARN 37496 --- [Invoice Monitor - Gastoncito] [scheduling-1] com.monitor.invoices.InvoiceMonitorJob   :   ? Empresa: Cafam suba | Factura: 145075-TPV2-21319
2026-09-07T18:00:13.029-05:00  WARN 37496 --- [Invoice Monitor - Gastoncito] [scheduling-1] com.monitor.invoices.InvoiceMonitorJob   :   ? Empresa: Cafam suba | Factura: 145075-TPV2-21320
2026-09-07T18:00:13.029-05:00  WARN 37496 --- [Invoice Monitor - Gastoncito] [scheduling-1] com.monitor.invoices.InvoiceMonitorJob   :   ? Empresa: Cafam suba | Factura: 145075-TPV2-21321
2026-09-07T18:00:13.029-05:00  WARN 37496 --- [Invoice Monitor - Gastoncito] [scheduling-1] com.monitor.invoices.InvoiceMonitorJob   :   ? Empresa: Cafam suba | Factura: 145075-TPV2-21322
2026-09-07T18:00:13.029-05:00  WARN 37496 --- [Invoice Monitor - Gastoncito] [scheduling-1] com.monitor.invoices.InvoiceMonitorJob   :   ? Empresa: Cafam suba | Factura: 145075-TPV2-21323
2026-09-07T18:00:13.029-05:00  WARN 37496 --- [Invoice Monitor - Gastoncito] [scheduling-1] com.monitor.invoices.InvoiceMonitorJob   :   ? Empresa: Cafam suba | Factura: 145075-TPV2-21324
2026-09-07T18:00:13.029-05:00  WARN 37496 --- [Invoice Monitor - Gastoncito] [scheduling-1] com.monitor.invoices.InvoiceMonitorJob   :   ? Empresa: Cafam suba | Factura: 145075-TPV2-21325
2026-09-07T18:00:13.029-05:00  WARN 37496 --- [Invoice Monitor - Gastoncito] [scheduling-1] com.monitor.invoices.InvoiceMonitorJob   :   ? Empresa: Cafam suba | Factura: 145075-TPV2-21326
2026-09-07T18:00:13.029-05:00  WARN 37496 --- [Invoice Monitor - Gastoncito] [scheduling-1] com.monitor.invoices.InvoiceMonitorJob   :   ? Empresa: Cafam suba | Factura: 145075-TPV2-21327
2026-09-07T18:00:13.029-05:00  WARN 37496 --- [Invoice Monitor - Gastoncito] [scheduling-1] com.monitor.invoices.InvoiceMonitorJob   :   ? Empresa: Cafam suba | Factura: 145075-TPV2-21328
2026-09-07T18:00:13.029-05:00  WARN 37496 --- [Invoice Monitor - Gastoncito] [scheduling-1] com.monitor.invoices.InvoiceMonitorJob   :   ? Empresa: Cafam suba | Factura: 145075-TPV2-21329
2026-09-07T18:00:13.030-05:00  WARN 37496 --- [Invoice Monitor - Gastoncito] [scheduling-1] com.monitor.invoices.InvoiceMonitorJob   :   ? Empresa: Cafam suba | Factura: 145075-TPV2-21330
2026-09-07T18:00:13.030-05:00  WARN 37496 --- [Invoice Monitor - Gastoncito] [scheduling-1] com.monitor.invoices.InvoiceMonitorJob   :   ? Empresa: Cafam suba | Factura: 145075-TPV2-21331
2026-09-07T18:00:13.030-05:00  WARN 37496 --- [Invoice Monitor - Gastoncito] [scheduling-1] com.monitor.invoices.InvoiceMonitorJob   :   ? Empresa: Cafam suba | Factura: 145075-TPV2-21332
2026-09-07T18:00:13.030-05:00  WARN 37496 --- [Invoice Monitor - Gastoncito] [scheduling-1] com.monitor.invoices.InvoiceMonitorJob   :   ? Empresa: Cafam suba | Factura: 145075-TPV2-21333
2026-09-07T18:00:13.030-05:00  WARN 37496 --- [Invoice Monitor - Gastoncito] [scheduling-1] com.monitor.invoices.InvoiceMonitorJob   :   ? Empresa: Cafam suba | Factura: 145075-TPV2-21334
2026-09-07T18:00:13.030-05:00  WARN 37496 --- [Invoice Monitor - Gastoncito] [scheduling-1] com.monitor.invoices.InvoiceMonitorJob   :   ? Empresa: Cafam suba | Factura: 145075-TPV2-21335
2026-09-07T18:00:13.030-05:00  WARN 37496 --- [Invoice Monitor - Gastoncito] [scheduling-1] com.monitor.invoices.InvoiceMonitorJob   :   ? Empresa: Cafam suba | Factura: 145075-TPV2-21336
2026-09-07T18:00:13.030-05:00  WARN 37496 --- [Invoice Monitor - Gastoncito] [scheduling-1] com.monitor.invoices.InvoiceMonitorJob   :   ? Empresa: Cafam suba | Factura: 145075-TPV2-21337
2026-09-07T18:00:13.030-05:00  WARN 37496 --- [Invoice Monitor - Gastoncito] [scheduling-1] com.monitor.invoices.InvoiceMonitorJob   :   ? Empresa: Cafam suba | Factura: 145075-TPV2-21338
2026-09-07T18:00:13.030-05:00  WARN 37496 --- [Invoice Monitor - Gastoncito] [scheduling-1] com.monitor.invoices.InvoiceMonitorJob   :   ? Empresa: Cafam suba | Factura: 145075-TPV2-21339
2026-09-07T18:00:13.030-05:00  WARN 37496 --- [Invoice Monitor - Gastoncito] [scheduling-1] com.monitor.invoices.InvoiceMonitorJob   :   ? Empresa: Cafam suba | Factura: 145075-TPV2-21340
2026-09-07T18:00:13.031-05:00  WARN 37496 --- [Invoice Monitor - Gastoncito] [scheduling-1] com.monitor.invoices.InvoiceMonitorJob   :   ? Empresa: Cafam suba | Factura: 145075-TPV2-21341
2026-09-07T18:00:13.031-05:00  WARN 37496 --- [Invoice Monitor - Gastoncito] [scheduling-1] com.monitor.invoices.InvoiceMonitorJob   :   ? Empresa: Cafam suba | Factura: 145075-TPV2-21342
2026-09-07T18:00:13.031-05:00  WARN 37496 --- [Invoice Monitor - Gastoncito] [scheduling-1] com.monitor.invoices.InvoiceMonitorJob   :   ? Empresa: Cafam suba | Factura: 145075-TPV2-21343
2026-09-07T18:00:13.031-05:00  WARN 37496 --- [Invoice Monitor - Gastoncito] [scheduling-1] com.monitor.invoices.InvoiceMonitorJob   :   ? Empresa: Cafam suba | Factura: 145075-TPV2-21344
2026-09-07T18:00:13.031-05:00  WARN 37496 --- [Invoice Monitor - Gastoncito] [scheduling-1] com.monitor.invoices.InvoiceMonitorJob   :   ? Empresa: Cafam suba | Factura: 145075-TPV2-21345
2026-09-07T18:00:13.031-05:00  WARN 37496 --- [Invoice Monitor - Gastoncito] [scheduling-1] com.monitor.invoices.InvoiceMonitorJob   :   ? Empresa: Cafam suba | Factura: 145075-TPV2-21346
2026-09-07T18:00:13.032-05:00  WARN 37496 --- [Invoice Monitor - Gastoncito] [scheduling-1] com.monitor.invoices.InvoiceMonitorJob   :   ? Empresa: Cafam suba | Factura: 145075-TPV2-21347
2026-09-07T18:00:13.032-05:00  WARN 37496 --- [Invoice Monitor - Gastoncito] [scheduling-1] com.monitor.invoices.InvoiceMonitorJob   :   ? Empresa: Cafam suba | Factura: 145075-TPV2-21348
2026-09-07T18:00:13.032-05:00  WARN 37496 --- [Invoice Monitor - Gastoncito] [scheduling-1] com.monitor.invoices.InvoiceMonitorJob   :   ? Empresa: Cafam suba | Factura: 145075-TPV2-21349
2026-09-07T18:00:13.032-05:00  WARN 37496 --- [Invoice Monitor - Gastoncito] [scheduling-1] com.monitor.invoices.InvoiceMonitorJob   :   ? Empresa: Cafam suba | Factura: 145075-TPV2-21350
2026-09-07T18:00:13.032-05:00  WARN 37496 --- [Invoice Monitor - Gastoncito] [scheduling-1] com.monitor.invoices.InvoiceMonitorJob   :   ? Empresa: Cafam suba | Factura: 145075-TPV2-21351
2026-09-07T18:00:13.032-05:00  WARN 37496 --- [Invoice Monitor - Gastoncito] [scheduling-1] com.monitor.invoices.InvoiceMonitorJob   :   ? Empresa: Cafam suba | Factura: 145075-TPV2-21352
2026-09-07T18:00:13.032-05:00  WARN 37496 --- [Invoice Monitor - Gastoncito] [scheduling-1] com.monitor.invoices.InvoiceMonitorJob   :   ? Empresa: Cafam suba | Factura: 145075-TPV2-21353
2026-09-07T18:00:13.032-05:00  WARN 37496 --- [Invoice Monitor - Gastoncito] [scheduling-1] com.monitor.invoices.InvoiceMonitorJob   :   ? Empresa: Cafam suba | Factura: 145075-TPV2-21354
2026-09-07T18:00:13.033-05:00  WARN 37496 --- [Invoice Monitor - Gastoncito] [scheduling-1] com.monitor.invoices.InvoiceMonitorJob   :   ? Empresa: Cafam suba | Factura: 145075-TPV2-21355
2026-09-07T18:00:13.033-05:00  WARN 37496 --- [Invoice Monitor - Gastoncito] [scheduling-1] com.monitor.invoices.InvoiceMonitorJob   :   ? Empresa: Cafam suba | Factura: 145075-TPV2-21356
2026-09-07T18:00:13.033-05:00  WARN 37496 --- [Invoice Monitor - Gastoncito] [scheduling-1] com.monitor.invoices.InvoiceMonitorJob   :   ? Empresa: Cafam suba | Factura: 145075-TPV2-21357
2026-09-07T18:00:13.033-05:00  WARN 37496 --- [Invoice Monitor - Gastoncito] [scheduling-1] com.monitor.invoices.InvoiceMonitorJob   :   ? Empresa: Cafam suba | Factura: 145075-TPV2-21358
2026-09-07T18:00:13.033-05:00  WARN 37496 --- [Invoice Monitor - Gastoncito] [scheduling-1] com.monitor.invoices.InvoiceMonitorJob   :   ? Empresa: Cafam suba | Factura: 145075-TPV2-21359
2026-09-07T18:00:13.033-05:00  WARN 37496 --- [Invoice Monitor - Gastoncito] [scheduling-1] com.monitor.invoices.InvoiceMonitorJob   :   ? Empresa: Cafam suba | Factura: 145075-TPV2-21360
2026-09-07T18:00:13.033-05:00  WARN 37496 --- [Invoice Monitor - Gastoncito] [scheduling-1] com.monitor.invoices.InvoiceMonitorJob   :   ? Empresa: Cafam suba | Factura: 145075-TPV2-21361
2026-09-07T18:00:13.033-05:00  WARN 37496 --- [Invoice Monitor - Gastoncito] [scheduling-1] com.monitor.invoices.InvoiceMonitorJob   :   ? Empresa: Cafam suba | Factura: 145075-TPV2-21362
2026-09-07T18:00:13.033-05:00  WARN 37496 --- [Invoice Monitor - Gastoncito] [scheduling-1] com.monitor.invoices.InvoiceMonitorJob   :   ? Empresa: Cafam suba | Factura: 145075-TPV2-21363
2026-09-07T18:00:13.033-05:00  WARN 37496 --- [Invoice Monitor - Gastoncito] [scheduling-1] com.monitor.invoices.InvoiceMonitorJob   :   ? Empresa: Cafam suba | Factura: 145075-TPV2-21377
2026-09-07T18:00:13.033-05:00  WARN 37496 --- [Invoice Monitor - Gastoncito] [scheduling-1] com.monitor.invoices.InvoiceMonitorJob   :   ? Empresa: Cafam suba | Factura: 145075-TPV2-21378
2026-09-07T18:00:13.033-05:00  WARN 37496 --- [Invoice Monitor - Gastoncito] [scheduling-1] com.monitor.invoices.InvoiceMonitorJob   :   ? Empresa: Cafam suba | Factura: 145075-TPV2-21379
2026-09-07T18:00:13.033-05:00  WARN 37496 --- [Invoice Monitor - Gastoncito] [scheduling-1] com.monitor.invoices.InvoiceMonitorJob   :   ? Empresa: Cafam suba | Factura: 145075-TPV2-21380
2026-09-07T18:00:13.034-05:00  WARN 37496 --- [Invoice Monitor - Gastoncito] [scheduling-1] com.monitor.invoices.InvoiceMonitorJob   :   ? Empresa: Cafam suba | Factura: 145075-TPV2-21381
2026-09-07T18:00:13.034-05:00  WARN 37496 --- [Invoice Monitor - Gastoncito] [scheduling-1] com.monitor.invoices.InvoiceMonitorJob   :   ? Empresa: Cafam suba | Factura: 145075-TPV2-21382
2026-09-07T18:00:13.034-05:00  WARN 37496 --- [Invoice Monitor - Gastoncito] [scheduling-1] com.monitor.invoices.InvoiceMonitorJob   :   ? Empresa: Cafam suba | Factura: 145075-TPV2-21383
2026-09-07T18:00:13.034-05:00  WARN 37496 --- [Invoice Monitor - Gastoncito] [scheduling-1] com.monitor.invoices.InvoiceMonitorJob   :   ? Empresa: Cafam suba | Factura: 145075-TPV2-21384
2026-09-07T18:00:13.034-05:00  WARN 37496 --- [Invoice Monitor - Gastoncito] [scheduling-1] com.monitor.invoices.InvoiceMonitorJob   :   ? Empresa: Cafam suba | Factura: 145075-TPV2-21385
2026-09-07T18:00:13.034-05:00  WARN 37496 --- [Invoice Monitor - Gastoncito] [scheduling-1] com.monitor.invoices.InvoiceMonitorJob   :   ? Empresa: Cafam suba | Factura: 145075-TPV2-21413
2026-09-07T18:00:13.034-05:00  WARN 37496 --- [Invoice Monitor - Gastoncito] [scheduling-1] com.monitor.invoices.InvoiceMonitorJob   :   ? Empresa: Cafam suba | Factura: 145075-TPV2-21414
2026-09-07T18:00:13.034-05:00  WARN 37496 --- [Invoice Monitor - Gastoncito] [scheduling-1] com.monitor.invoices.InvoiceMonitorJob   :   ? Empresa: Cafam suba | Factura: 145075-TPV2-21415
2026-09-07T18:00:13.034-05:00  WARN 37496 --- [Invoice Monitor - Gastoncito] [scheduling-1] com.monitor.invoices.InvoiceMonitorJob   :   ? Empresa: Cafam suba | Factura: 145075-TPV2-21416
2026-09-07T18:00:13.034-05:00  WARN 37496 --- [Invoice Monitor - Gastoncito] [scheduling-1] com.monitor.invoices.InvoiceMonitorJob   :   ? Empresa: Cafam suba | Factura: 145075-TPV2-21417
2026-09-07T18:00:13.034-05:00  WARN 37496 --- [Invoice Monitor - Gastoncito] [scheduling-1] com.monitor.invoices.InvoiceMonitorJob   :   ? Empresa: Cafam suba | Factura: 145075-TPV2-21418
2026-09-07T18:00:13.034-05:00  WARN 37496 --- [Invoice Monitor - Gastoncito] [scheduling-1] com.monitor.invoices.InvoiceMonitorJob   :   ? Empresa: Cafam suba | Factura: 145075-TPV2-21419
2026-09-07T18:00:13.034-05:00  WARN 37496 --- [Invoice Monitor - Gastoncito] [scheduling-1] com.monitor.invoices.InvoiceMonitorJob   :   ? Empresa: Cafam suba | Factura: 145075-TPV2-21420
2026-09-07T18:00:13.034-05:00  WARN 37496 --- [Invoice Monitor - Gastoncito] [scheduling-1] com.monitor.invoices.InvoiceMonitorJob   :   ? Empresa: Cafam suba | Factura: 145075-TPV2-21421
2026-09-07T18:00:13.034-05:00  WARN 37496 --- [Invoice Monitor - Gastoncito] [scheduling-1] com.monitor.invoices.InvoiceMonitorJob   :   ? Empresa: Cafam suba | Factura: 145075-TPV2-21422
2026-09-07T18:00:13.035-05:00  WARN 37496 --- [Invoice Monitor - Gastoncito] [scheduling-1] com.monitor.invoices.InvoiceMonitorJob   :   ? Empresa: Cafam suba | Factura: 145075-TPV2-21423
2026-09-07T18:00:13.035-05:00  WARN 37496 --- [Invoice Monitor - Gastoncito] [scheduling-1] com.monitor.invoices.InvoiceMonitorJob   :   ? Empresa: Cafam suba | Factura: 145075-TPV2-21424
2026-09-07T18:00:13.035-05:00  WARN 37496 --- [Invoice Monitor - Gastoncito] [scheduling-1] com.monitor.invoices.InvoiceMonitorJob   :   ? Empresa: Cafam suba | Factura: 145075-TPV2-21425
2026-09-07T18:00:13.035-05:00  WARN 37496 --- [Invoice Monitor - Gastoncito] [scheduling-1] com.monitor.invoices.InvoiceMonitorJob   :   ? Empresa: Cafam suba | Factura: 145075-TPV2-21426
2026-09-07T18:00:13.035-05:00  WARN 37496 --- [Invoice Monitor - Gastoncito] [scheduling-1] com.monitor.invoices.InvoiceMonitorJob   :   ? Empresa: Cafam suba | Factura: 145075-TPV2-21427
2026-09-07T18:00:13.035-05:00  WARN 37496 --- [Invoice Monitor - Gastoncito] [scheduling-1] com.monitor.invoices.InvoiceMonitorJob   :   ? Empresa: Cafam suba | Factura: 145075-TPV2-21428
2026-09-07T18:00:13.035-05:00  WARN 37496 --- [Invoice Monitor - Gastoncito] [scheduling-1] com.monitor.invoices.InvoiceMonitorJob   :   ? Empresa: Cafam suba | Factura: 145075-TPV2-21429
2026-09-07T18:00:13.035-05:00  WARN 37496 --- [Invoice Monitor - Gastoncito] [scheduling-1] com.monitor.invoices.InvoiceMonitorJob   :   ? Empresa: Cafam suba | Factura: 145075-TPV2-21430
2026-09-07T18:00:13.035-05:00  WARN 37496 --- [Invoice Monitor - Gastoncito] [scheduling-1] com.monitor.invoices.InvoiceMonitorJob   :   ? Empresa: Cafam suba | Factura: 145075-TPV2-21431
2026-09-07T18:00:13.035-05:00  WARN 37496 --- [Invoice Monitor - Gastoncito] [scheduling-1] com.monitor.invoices.InvoiceMonitorJob   :   ? Empresa: Cafam suba | Factura: 145075-TPV2-21432
2026-09-07T18:00:13.035-05:00  WARN 37496 --- [Invoice Monitor - Gastoncito] [scheduling-1] com.monitor.invoices.InvoiceMonitorJob   :   ? Empresa: Cafam suba | Factura: 145075-TPV2-21433
2026-09-07T18:00:13.035-05:00  WARN 37496 --- [Invoice Monitor - Gastoncito] [scheduling-1] com.monitor.invoices.InvoiceMonitorJob   :   ? Empresa: Cafam suba | Factura: 145075-TPV2-21434
2026-09-07T18:00:13.035-05:00  WARN 37496 --- [Invoice Monitor - Gastoncito] [scheduling-1] com.monitor.invoices.InvoiceMonitorJob   :   ? Empresa: Cafam suba | Factura: 145075-TPV2-21435
2026-09-07T18:00:13.035-05:00  WARN 37496 --- [Invoice Monitor - Gastoncito] [scheduling-1] com.monitor.invoices.InvoiceMonitorJob   :   ? Empresa: Cafam suba | Factura: 145075-TPV2-21436
2026-09-07T18:00:13.035-05:00  WARN 37496 --- [Invoice Monitor - Gastoncito] [scheduling-1] com.monitor.invoices.InvoiceMonitorJob   :   ? Empresa: Cafam suba | Factura: 145075-TPV2-21437
2026-09-07T18:00:13.035-05:00  WARN 37496 --- [Invoice Monitor - Gastoncito] [scheduling-1] com.monitor.invoices.InvoiceMonitorJob   :   ? Empresa: Cafam suba | Factura: 145075-TPV2-21438
2026-09-07T18:00:13.036-05:00  WARN 37496 --- [Invoice Monitor - Gastoncito] [scheduling-1] com.monitor.invoices.InvoiceMonitorJob   :   ? Empresa: Cafam suba | Factura: 145075-TPV2-21439
2026-09-07T18:00:13.036-05:00  WARN 37496 --- [Invoice Monitor - Gastoncito] [scheduling-1] com.monitor.invoices.InvoiceMonitorJob   :   ? Empresa: Cafam suba | Factura: 145075-TPV2-21440
2026-09-07T18:00:13.036-05:00  WARN 37496 --- [Invoice Monitor - Gastoncito] [scheduling-1] com.monitor.invoices.InvoiceMonitorJob   :   ? Empresa: Cafam suba | Factura: 145075-TPV2-21441
2026-09-07T18:00:13.036-05:00  WARN 37496 --- [Invoice Monitor - Gastoncito] [scheduling-1] com.monitor.invoices.InvoiceMonitorJob   :   ? Empresa: Cafam suba | Factura: 145075-TPV2-21442
2026-09-07T18:00:13.036-05:00  WARN 37496 --- [Invoice Monitor - Gastoncito] [scheduling-1] com.monitor.invoices.InvoiceMonitorJob   :   ? Empresa: Cafam suba | Factura: 145075-TPV2-21443
2026-09-07T18:00:13.036-05:00  WARN 37496 --- [Invoice Monitor - Gastoncito] [scheduling-1] com.monitor.invoices.InvoiceMonitorJob   :   ? Empresa: Cafam suba | Factura: 145075-TPV2-21444
2026-09-07T18:00:13.036-05:00  WARN 37496 --- [Invoice Monitor - Gastoncito] [scheduling-1] com.monitor.invoices.InvoiceMonitorJob   :   ? Empresa: Cafam suba | Factura: 145075-TPV2-21445
2026-09-07T18:00:13.036-05:00  WARN 37496 --- [Invoice Monitor - Gastoncito] [scheduling-1] com.monitor.invoices.InvoiceMonitorJob   :   ? Empresa: Cafam suba | Factura: 145075-TPV2-21446
2026-09-07T18:00:13.036-05:00  WARN 37496 --- [Invoice Monitor - Gastoncito] [scheduling-1] com.monitor.invoices.InvoiceMonitorJob   :   ? Empresa: Cafam suba | Factura: 145075-TPV2-21447
2026-09-07T18:00:13.036-05:00  WARN 37496 --- [Invoice Monitor - Gastoncito] [scheduling-1] com.monitor.invoices.InvoiceMonitorJob   :   ? Empresa: Cafam suba | Factura: 145075-TPV2-21448
2026-09-07T18:00:13.037-05:00  WARN 37496 --- [Invoice Monitor - Gastoncito] [scheduling-1] com.monitor.invoices.InvoiceMonitorJob   :   ? Empresa: Cafam suba | Factura: 145075-TPV2-21449
2026-09-07T18:00:13.037-05:00  WARN 37496 --- [Invoice Monitor - Gastoncito] [scheduling-1] com.monitor.invoices.InvoiceMonitorJob   :   ? Empresa: Cafam suba | Factura: 145075-TPV2-21450
2026-09-07T18:00:13.037-05:00  WARN 37496 --- [Invoice Monitor - Gastoncito] [scheduling-1] com.monitor.invoices.InvoiceMonitorJob   :   ? Empresa: Cafam suba | Factura: 145075-TPV2-21451
2026-09-07T18:00:13.037-05:00  WARN 37496 --- [Invoice Monitor - Gastoncito] [scheduling-1] com.monitor.invoices.InvoiceMonitorJob   :   ? Empresa: Cafam suba | Factura: 145075-TPV2-21452
2026-09-07T18:00:13.037-05:00  WARN 37496 --- [Invoice Monitor - Gastoncito] [scheduling-1] com.monitor.invoices.InvoiceMonitorJob   :   ? Empresa: Cafam suba | Factura: 145075-TPV2-21453
2026-09-07T18:00:13.037-05:00  WARN 37496 --- [Invoice Monitor - Gastoncito] [scheduling-1] com.monitor.invoices.InvoiceMonitorJob   :   ? Empresa: Cafam suba | Factura: 145075-TPV2-21454
2026-09-07T18:00:13.037-05:00  WARN 37496 --- [Invoice Monitor - Gastoncito] [scheduling-1] com.monitor.invoices.InvoiceMonitorJob   :   ? Empresa: Cafam suba | Factura: 145075-TPV2-21455
2026-09-07T18:00:13.037-05:00  WARN 37496 --- [Invoice Monitor - Gastoncito] [scheduling-1] com.monitor.invoices.InvoiceMonitorJob   :   ? Empresa: Cafam suba | Factura: 145075-TPV2-21456
2026-09-07T18:00:13.037-05:00  WARN 37496 --- [Invoice Monitor - Gastoncito] [scheduling-1] com.monitor.invoices.InvoiceMonitorJob   :   ? Empresa: Cafam suba | Factura: 145075-TPV2-21457
2026-09-07T18:00:13.037-05:00  WARN 37496 --- [Invoice Monitor - Gastoncito] [scheduling-1] com.monitor.invoices.InvoiceMonitorJob   :   ? Empresa: Cafam suba | Factura: 145075-TPV2-21458
2026-09-07T18:00:13.037-05:00  WARN 37496 --- [Invoice Monitor - Gastoncito] [scheduling-1] com.monitor.invoices.InvoiceMonitorJob   :   ? Empresa: Cafam suba | Factura: 145075-TPV2-21459
2026-09-07T18:00:13.038-05:00  WARN 37496 --- [Invoice Monitor - Gastoncito] [scheduling-1] com.monitor.invoices.InvoiceMonitorJob   :   ? Empresa: Cafam suba | Factura: 145075-TPV2-21460
2026-09-07T18:00:13.038-05:00  WARN 37496 --- [Invoice Monitor - Gastoncito] [scheduling-1] com.monitor.invoices.InvoiceMonitorJob   :   ? Empresa: Cafam suba | Factura: 145075-TPV2-21461
2026-09-07T18:00:13.038-05:00  WARN 37496 --- [Invoice Monitor - Gastoncito] [scheduling-1] com.monitor.invoices.InvoiceMonitorJob   :   ? Empresa: Cafam suba | Factura: 145075-TPV2-21462
2026-09-07T18:00:13.038-05:00  WARN 37496 --- [Invoice Monitor - Gastoncito] [scheduling-1] com.monitor.invoices.InvoiceMonitorJob   :   ? Empresa: Cafam suba | Factura: 145075-TPV2-21463
2026-09-07T18:00:13.038-05:00  WARN 37496 --- [Invoice Monitor - Gastoncito] [scheduling-1] com.monitor.invoices.InvoiceMonitorJob   :   ? Empresa: Cafam suba | Factura: 145075-TPV2-21464
2026-09-07T18:00:13.038-05:00  WARN 37496 --- [Invoice Monitor - Gastoncito] [scheduling-1] com.monitor.invoices.InvoiceMonitorJob   :   ? Empresa: Cafam suba | Factura: 145075-TPV2-21465
2026-09-07T18:00:13.038-05:00  WARN 37496 --- [Invoice Monitor - Gastoncito] [scheduling-1] com.monitor.invoices.InvoiceMonitorJob   :   ? Empresa: Cafam suba | Factura: 145075-TPV2-21466
2026-09-07T18:00:13.038-05:00  WARN 37496 --- [Invoice Monitor - Gastoncito] [scheduling-1] com.monitor.invoices.InvoiceMonitorJob   :   ? Empresa: Cafam suba | Factura: 145075-TPV2-21467
2026-09-07T18:00:13.038-05:00  WARN 37496 --- [Invoice Monitor - Gastoncito] [scheduling-1] com.monitor.invoices.InvoiceMonitorJob   :   ? Empresa: Cafam suba | Factura: 145075-TPV2-21468
2026-09-07T18:00:13.038-05:00  WARN 37496 --- [Invoice Monitor - Gastoncito] [scheduling-1] com.monitor.invoices.InvoiceMonitorJob   :   ? Empresa: Cafam suba | Factura: 145075-TPV2-21469
2026-09-07T18:00:13.038-05:00  WARN 37496 --- [Invoice Monitor - Gastoncito] [scheduling-1] com.monitor.invoices.InvoiceMonitorJob   :   ? Empresa: Cafam suba | Factura: 145075-TPV2-21470
2026-09-07T18:00:13.038-05:00  WARN 37496 --- [Invoice Monitor - Gastoncito] [scheduling-1] com.monitor.invoices.InvoiceMonitorJob   :   ? Empresa: Cafam suba | Factura: 145075-TPV2-21471
2026-09-07T18:00:13.038-05:00  WARN 37496 --- [Invoice Monitor - Gastoncito] [scheduling-1] com.monitor.invoices.InvoiceMonitorJob   :   ? Empresa: Cafam suba | Factura: 145075-TPV2-21472
2026-09-07T18:00:13.039-05:00  WARN 37496 --- [Invoice Monitor - Gastoncito] [scheduling-1] com.monitor.invoices.InvoiceMonitorJob   :   ? Empresa: Cafam suba | Factura: 145075-TPV2-21473
2026-09-07T18:00:13.039-05:00  WARN 37496 --- [Invoice Monitor - Gastoncito] [scheduling-1] com.monitor.invoices.InvoiceMonitorJob   :   ? Empresa: Cafam suba | Factura: 145075-TPV2-21474
2026-09-07T18:00:13.039-05:00  WARN 37496 --- [Invoice Monitor - Gastoncito] [scheduling-1] com.monitor.invoices.InvoiceMonitorJob   :   ? Empresa: Cafam suba | Factura: 145075-TPV2-21475
2026-09-07T18:00:13.039-05:00  WARN 37496 --- [Invoice Monitor - Gastoncito] [scheduling-1] com.monitor.invoices.InvoiceMonitorJob   :   ? Empresa: Cafam suba | Factura: 145075-TPV2-21476
2026-09-07T18:00:13.039-05:00  WARN 37496 --- [Invoice Monitor - Gastoncito] [scheduling-1] com.monitor.invoices.InvoiceMonitorJob   :   ? Empresa: Cafam suba | Factura: 145075-TPV2-21477
2026-09-07T18:00:13.039-05:00  WARN 37496 --- [Invoice Monitor - Gastoncito] [scheduling-1] com.monitor.invoices.InvoiceMonitorJob   :   ? Empresa: Cafam suba | Factura: 145075-TPV2-21478
2026-09-07T18:00:13.039-05:00  WARN 37496 --- [Invoice Monitor - Gastoncito] [scheduling-1] com.monitor.invoices.InvoiceMonitorJob   :   ? Empresa: Cafam suba | Factura: 145075-TPV2-21479
2026-09-07T18:00:13.039-05:00  WARN 37496 --- [Invoice Monitor - Gastoncito] [scheduling-1] com.monitor.invoices.InvoiceMonitorJob   :   ? Empresa: Cafam suba | Factura: 145075-TPV2-21480
2026-09-07T18:00:13.039-05:00  WARN 37496 --- [Invoice Monitor - Gastoncito] [scheduling-1] com.monitor.invoices.InvoiceMonitorJob   :   ? Empresa: Cafam suba | Factura: 145075-TPV2-21481
2026-09-07T18:00:13.039-05:00  WARN 37496 --- [Invoice Monitor - Gastoncito] [scheduling-1] com.monitor.invoices.InvoiceMonitorJob   :   ? Empresa: Cafam suba | Factura: 145075-TPV2-21482
2026-09-07T18:00:13.039-05:00  WARN 37496 --- [Invoice Monitor - Gastoncito] [scheduling-1] com.monitor.invoices.InvoiceMonitorJob   :   ? Empresa: Cafam suba | Factura: 145075-TPV2-21483
2026-09-07T18:00:13.039-05:00  WARN 37496 --- [Invoice Monitor - Gastoncito] [scheduling-1] com.monitor.invoices.InvoiceMonitorJob   :   ? Empresa: Cafam suba | Factura: 145075-TPV2-21484
2026-09-07T18:00:13.039-05:00  WARN 37496 --- [Invoice Monitor - Gastoncito] [scheduling-1] com.monitor.invoices.InvoiceMonitorJob   :   ? Empresa: Cafam suba | Factura: 145075-TPV2-21485
2026-09-07T18:00:13.039-05:00  WARN 37496 --- [Invoice Monitor - Gastoncito] [scheduling-1] com.monitor.invoices.InvoiceMonitorJob   :   ? Empresa: Cafam suba | Factura: 145075-TPV2-21486
2026-09-07T18:00:13.039-05:00  WARN 37496 --- [Invoice Monitor - Gastoncito] [scheduling-1] com.monitor.invoices.InvoiceMonitorJob   :   ? Empresa: Cafam suba | Factura: 145075-TPV2-21487
2026-09-07T18:00:13.039-05:00  WARN 37496 --- [Invoice Monitor - Gastoncito] [scheduling-1] com.monitor.invoices.InvoiceMonitorJob   :   ? Empresa: Cafam suba | Factura: 145075-TPV2-21488
2026-09-07T18:00:13.040-05:00  WARN 37496 --- [Invoice Monitor - Gastoncito] [scheduling-1] com.monitor.invoices.InvoiceMonitorJob   :   ? Empresa: Cafam suba | Factura: 145075-TPV2-21489
2026-09-07T18:00:13.040-05:00  WARN 37496 --- [Invoice Monitor - Gastoncito] [scheduling-1] com.monitor.invoices.InvoiceMonitorJob   :   ? Empresa: Cafam suba | Factura: 145075-TPV2-21490
2026-09-07T18:00:13.040-05:00  WARN 37496 --- [Invoice Monitor - Gastoncito] [scheduling-1] com.monitor.invoices.InvoiceMonitorJob   :   ? Empresa: Cafam suba | Factura: 145075-TPV2-21491
2026-09-07T18:00:13.040-05:00  WARN 37496 --- [Invoice Monitor - Gastoncito] [scheduling-1] com.monitor.invoices.InvoiceMonitorJob   :   ? Empresa: Cafam suba | Factura: 145075-TPV2-21492
2026-09-07T18:00:13.040-05:00  WARN 37496 --- [Invoice Monitor - Gastoncito] [scheduling-1] com.monitor.invoices.InvoiceMonitorJob   :   ? Empresa: Cafam suba | Factura: 145075-TPV2-21493
2026-09-07T18:00:13.040-05:00  WARN 37496 --- [Invoice Monitor - Gastoncito] [scheduling-1] com.monitor.invoices.InvoiceMonitorJob   :   ? Empresa: Cafam suba | Factura: 145075-TPV2-21494
2026-09-07T18:00:13.040-05:00  WARN 37496 --- [Invoice Monitor - Gastoncito] [scheduling-1] com.monitor.invoices.InvoiceMonitorJob   :   ? Empresa: Cafam suba | Factura: 145075-TPV2-21495
2026-09-07T18:00:13.040-05:00  WARN 37496 --- [Invoice Monitor - Gastoncito] [scheduling-1] com.monitor.invoices.InvoiceMonitorJob   :   ? Empresa: Cafam suba | Factura: 145075-TPV2-21496
2026-09-07T18:00:13.040-05:00  WARN 37496 --- [Invoice Monitor - Gastoncito] [scheduling-1] com.monitor.invoices.InvoiceMonitorJob   :   ? Empresa: Cafam suba | Factura: 145075-TPV2-21497
2026-09-07T18:00:13.040-05:00  WARN 37496 --- [Invoice Monitor - Gastoncito] [scheduling-1] com.monitor.invoices.InvoiceMonitorJob   :   ? Empresa: Cafam suba | Factura: 145075-TPV2-21498
2026-09-07T18:00:13.040-05:00  WARN 37496 --- [Invoice Monitor - Gastoncito] [scheduling-1] com.monitor.invoices.InvoiceMonitorJob   :   ? Empresa: Cafam suba | Factura: 145075-TPV2-21499
2026-09-07T18:00:13.040-05:00  WARN 37496 --- [Invoice Monitor - Gastoncito] [scheduling-1] com.monitor.invoices.InvoiceMonitorJob   :   ? Empresa: Cafam suba | Factura: 145075-TPV2-21500
2026-09-07T18:00:13.040-05:00  WARN 37496 --- [Invoice Monitor - Gastoncito] [scheduling-1] com.monitor.invoices.InvoiceMonitorJob   :   ? Empresa: Cafam suba | Factura: 145075-TPV2-21501
2026-09-07T18:00:13.040-05:00  WARN 37496 --- [Invoice Monitor - Gastoncito] [scheduling-1] com.monitor.invoices.InvoiceMonitorJob   :   ? Empresa: Cafam suba | Factura: 145075-TPV2-21502
2026-09-07T18:00:13.040-05:00  WARN 37496 --- [Invoice Monitor - Gastoncito] [scheduling-1] com.monitor.invoices.InvoiceMonitorJob   :   ? Empresa: Cafam suba | Factura: 145075-TPV2-21503
2026-09-07T18:00:13.040-05:00  WARN 37496 --- [Invoice Monitor - Gastoncito] [scheduling-1] com.monitor.invoices.InvoiceMonitorJob   :   ? Empresa: Cafam suba | Factura: 145075-TPV2-21504
2026-09-07T18:00:13.041-05:00  WARN 37496 --- [Invoice Monitor - Gastoncito] [scheduling-1] com.monitor.invoices.InvoiceMonitorJob   :   ? Empresa: Cafam suba | Factura: 145075-TPV2-21505
2026-09-07T18:00:13.041-05:00  WARN 37496 --- [Invoice Monitor - Gastoncito] [scheduling-1] com.monitor.invoices.InvoiceMonitorJob   :   ? Empresa: Cafam suba | Factura: 145075-TPV2-21506
2026-09-07T18:00:13.041-05:00  WARN 37496 --- [Invoice Monitor - Gastoncito] [scheduling-1] com.monitor.invoices.InvoiceMonitorJob   :   ? Empresa: Cafam suba | Factura: 145075-TPV2-21507
2026-09-07T18:00:13.041-05:00  WARN 37496 --- [Invoice Monitor - Gastoncito] [scheduling-1] com.monitor.invoices.InvoiceMonitorJob   :   ? Empresa: Cafam suba | Factura: 145075-TPV2-21508
2026-09-07T18:00:13.041-05:00  WARN 37496 --- [Invoice Monitor - Gastoncito] [scheduling-1] com.monitor.invoices.InvoiceMonitorJob   :   ? Empresa: Cafam suba | Factura: 145075-TPV2-21509
2026-09-07T18:00:13.041-05:00  WARN 37496 --- [Invoice Monitor - Gastoncito] [scheduling-1] com.monitor.invoices.InvoiceMonitorJob   :   ? Empresa: Cafam suba | Factura: 145075-TPV2-21510
2026-09-07T18:00:13.041-05:00  WARN 37496 --- [Invoice Monitor - Gastoncito] [scheduling-1] com.monitor.invoices.InvoiceMonitorJob   :   ? Empresa: Cafam suba | Factura: 145075-TPV2-21511
2026-09-07T18:00:13.041-05:00  WARN 37496 --- [Invoice Monitor - Gastoncito] [scheduling-1] com.monitor.invoices.InvoiceMonitorJob   :   ? Empresa: Cafam suba | Factura: 145075-TPV2-21512
2026-09-07T18:00:13.041-05:00  WARN 37496 --- [Invoice Monitor - Gastoncito] [scheduling-1] com.monitor.invoices.InvoiceMonitorJob   :   ? Empresa: Cafam suba | Factura: 145075-TPV2-21513
2026-09-07T18:00:13.041-05:00  WARN 37496 --- [Invoice Monitor - Gastoncito] [scheduling-1] com.monitor.invoices.InvoiceMonitorJob   :   ? Empresa: Cafam suba | Factura: 145075-TPV2-21514
2026-09-07T18:00:13.041-05:00  WARN 37496 --- [Invoice Monitor - Gastoncito] [scheduling-1] com.monitor.invoices.InvoiceMonitorJob   :   ? Empresa: Cafam suba | Factura: 145075-TPV2-21515
2026-09-07T18:00:13.041-05:00  WARN 37496 --- [Invoice Monitor - Gastoncito] [scheduling-1] com.monitor.invoices.InvoiceMonitorJob   :   ? Empresa: Cafam suba | Factura: 145075-TPV2-21516
2026-09-07T18:00:13.041-05:00  WARN 37496 --- [Invoice Monitor - Gastoncito] [scheduling-1] com.monitor.invoices.InvoiceMonitorJob   :   ? Empresa: Cafam suba | Factura: 145075-TPV2-21517
2026-09-07T18:00:13.041-05:00  WARN 37496 --- [Invoice Monitor - Gastoncito] [scheduling-1] com.monitor.invoices.InvoiceMonitorJob   :   ? Empresa: Cafam suba | Factura: 145075-TPV2-21518
2026-09-07T18:00:13.041-05:00  WARN 37496 --- [Invoice Monitor - Gastoncito] [scheduling-1] com.monitor.invoices.InvoiceMonitorJob   :   ? Empresa: Cafam suba | Factura: 145075-TPV2-21519
2026-09-07T18:00:13.042-05:00  WARN 37496 --- [Invoice Monitor - Gastoncito] [scheduling-1] com.monitor.invoices.InvoiceMonitorJob   :   ? Empresa: Cafam suba | Factura: 145075-TPV2-21520
2026-09-07T18:00:13.042-05:00  WARN 37496 --- [Invoice Monitor - Gastoncito] [scheduling-1] com.monitor.invoices.InvoiceMonitorJob   :   ? Empresa: Cafam suba | Factura: 145075-TPV2-21521
2026-09-07T18:00:13.042-05:00  WARN 37496 --- [Invoice Monitor - Gastoncito] [scheduling-1] com.monitor.invoices.InvoiceMonitorJob   :   ? Empresa: Cafam suba | Factura: 145075-TPV2-21522
2026-09-07T18:00:13.042-05:00  WARN 37496 --- [Invoice Monitor - Gastoncito] [scheduling-1] com.monitor.invoices.InvoiceMonitorJob   :   ? Empresa: Cafam suba | Factura: 145075-TPV2-21523
2026-09-07T18:00:13.042-05:00  WARN 37496 --- [Invoice Monitor - Gastoncito] [scheduling-1] com.monitor.invoices.InvoiceMonitorJob   :   ? Empresa: Cafam suba | Factura: 145075-TPV2-21524
2026-09-07T18:00:13.042-05:00  WARN 37496 --- [Invoice Monitor - Gastoncito] [scheduling-1] com.monitor.invoices.InvoiceMonitorJob   :   ? Empresa: Cafam suba | Factura: 145075-TPV2-21525
2026-09-07T18:00:13.042-05:00  WARN 37496 --- [Invoice Monitor - Gastoncito] [scheduling-1] com.monitor.invoices.InvoiceMonitorJob   :   ? Empresa: Cafam suba | Factura: 145075-TPV2-21526
2026-09-07T18:00:13.042-05:00  WARN 37496 --- [Invoice Monitor - Gastoncito] [scheduling-1] com.monitor.invoices.InvoiceMonitorJob   :   ? Empresa: Cafam suba | Factura: 145075-TPV2-21527
2026-09-07T18:00:13.042-05:00  WARN 37496 --- [Invoice Monitor - Gastoncito] [scheduling-1] com.monitor.invoices.InvoiceMonitorJob   :   ? Empresa: Cafam suba | Factura: 145075-TPV2-21528
2026-09-07T18:00:13.042-05:00  WARN 37496 --- [Invoice Monitor - Gastoncito] [scheduling-1] com.monitor.invoices.InvoiceMonitorJob   :   ? Empresa: Cafam suba | Factura: 145075-TPV2-21529
2026-09-07T18:00:13.042-05:00  WARN 37496 --- [Invoice Monitor - Gastoncito] [scheduling-1] com.monitor.invoices.InvoiceMonitorJob   :   ? Empresa: Cafam suba | Factura: 145075-TPV2-21530
2026-09-07T18:00:13.042-05:00  WARN 37496 --- [Invoice Monitor - Gastoncito] [scheduling-1] com.monitor.invoices.InvoiceMonitorJob   :   ? Empresa: Cafam suba | Factura: 145075-TPV2-21531
2026-09-07T18:00:13.042-05:00  WARN 37496 --- [Invoice Monitor - Gastoncito] [scheduling-1] com.monitor.invoices.InvoiceMonitorJob   :   ? Empresa: Cafam suba | Factura: 145075-TPV2-21532
2026-09-07T18:00:13.042-05:00  WARN 37496 --- [Invoice Monitor - Gastoncito] [scheduling-1] com.monitor.invoices.InvoiceMonitorJob   :   ? Empresa: Cafam suba | Factura: 145075-TPV2-21533
2026-09-07T18:00:13.043-05:00  WARN 37496 --- [Invoice Monitor - Gastoncito] [scheduling-1] com.monitor.invoices.InvoiceMonitorJob   :   ? Empresa: Cafam suba | Factura: 145075-TPV2-21534
2026-09-07T18:00:13.043-05:00  WARN 37496 --- [Invoice Monitor - Gastoncito] [scheduling-1] com.monitor.invoices.InvoiceMonitorJob   :   ? Empresa: Cafam suba | Factura: 145075-TPV2-21535
2026-09-07T18:00:13.043-05:00  WARN 37496 --- [Invoice Monitor - Gastoncito] [scheduling-1] com.monitor.invoices.InvoiceMonitorJob   :   ? Empresa: Cafam suba | Factura: 145075-TPV2-21536
2026-09-07T18:00:13.043-05:00  WARN 37496 --- [Invoice Monitor - Gastoncito] [scheduling-1] com.monitor.invoices.InvoiceMonitorJob   :   ? Empresa: Cafam suba | Factura: 145075-TPV2-21537
2026-09-07T18:00:13.043-05:00  WARN 37496 --- [Invoice Monitor - Gastoncito] [scheduling-1] com.monitor.invoices.InvoiceMonitorJob   :   ? Empresa: Cafam suba | Factura: 145075-TPV2-21538
2026-09-07T18:00:13.043-05:00  WARN 37496 --- [Invoice Monitor - Gastoncito] [scheduling-1] com.monitor.invoices.InvoiceMonitorJob   :   ? Empresa: Cafam suba | Factura: 145075-TPV2-21539
2026-09-07T18:00:13.043-05:00  WARN 37496 --- [Invoice Monitor - Gastoncito] [scheduling-1] com.monitor.invoices.InvoiceMonitorJob   :   ? Empresa: Cafam suba | Factura: 145075-TPV2-21540
2026-09-07T18:00:13.043-05:00  WARN 37496 --- [Invoice Monitor - Gastoncito] [scheduling-1] com.monitor.invoices.InvoiceMonitorJob   :   ? Empresa: Cafam suba | Factura: 145075-TPV2-21541
2026-09-07T18:00:13.043-05:00  WARN 37496 --- [Invoice Monitor - Gastoncito] [scheduling-1] com.monitor.invoices.InvoiceMonitorJob   :   ? Empresa: Cafam suba | Factura: 145075-TPV2-21542
2026-09-07T18:00:13.043-05:00  WARN 37496 --- [Invoice Monitor - Gastoncito] [scheduling-1] com.monitor.invoices.InvoiceMonitorJob   :   ? Empresa: Cafam suba | Factura: 145075-TPV2-21543
2026-09-07T18:00:13.043-05:00  WARN 37496 --- [Invoice Monitor - Gastoncito] [scheduling-1] com.monitor.invoices.InvoiceMonitorJob   :   ? Empresa: Cafam suba | Factura: 145075-TPV2-21544
2026-09-07T18:00:13.043-05:00  WARN 37496 --- [Invoice Monitor - Gastoncito] [scheduling-1] com.monitor.invoices.InvoiceMonitorJob   :   ? Empresa: Cafam suba | Factura: 145075-TPV2-21545
2026-09-07T18:00:13.043-05:00  WARN 37496 --- [Invoice Monitor - Gastoncito] [scheduling-1] com.monitor.invoices.InvoiceMonitorJob   :   ? Empresa: Cafam suba | Factura: 145075-TPV2-21546
2026-09-07T18:00:13.043-05:00  WARN 37496 --- [Invoice Monitor - Gastoncito] [scheduling-1] com.monitor.invoices.InvoiceMonitorJob   :   ? Empresa: Cafam suba | Factura: 145075-TPV2-21547
2026-09-07T18:00:13.044-05:00  WARN 37496 --- [Invoice Monitor - Gastoncito] [scheduling-1] com.monitor.invoices.InvoiceMonitorJob   :   ? Empresa: Cafam suba | Factura: 145075-TPV2-21548
2026-09-07T18:00:13.044-05:00  WARN 37496 --- [Invoice Monitor - Gastoncito] [scheduling-1] com.monitor.invoices.InvoiceMonitorJob   :   ? Empresa: Cafam suba | Factura: 145075-TPV2-21549
2026-09-07T18:00:13.044-05:00  WARN 37496 --- [Invoice Monitor - Gastoncito] [scheduling-1] com.monitor.invoices.InvoiceMonitorJob   :   ? Empresa: Cafam suba | Factura: 145075-TPV2-21550
2026-09-07T18:00:13.044-05:00  WARN 37496 --- [Invoice Monitor - Gastoncito] [scheduling-1] com.monitor.invoices.InvoiceMonitorJob   :   ? Empresa: Cafam suba | Factura: 145075-TPV2-21551
2026-09-07T18:00:13.044-05:00  WARN 37496 --- [Invoice Monitor - Gastoncito] [scheduling-1] com.monitor.invoices.InvoiceMonitorJob   :   ? Empresa: Cafam suba | Factura: 145075-TPV2-21552
2026-09-07T18:00:13.044-05:00  WARN 37496 --- [Invoice Monitor - Gastoncito] [scheduling-1] com.monitor.invoices.InvoiceMonitorJob   :   ? Empresa: Cafam suba | Factura: 145075-TPV2-21553
2026-09-07T18:00:13.044-05:00  WARN 37496 --- [Invoice Monitor - Gastoncito] [scheduling-1] com.monitor.invoices.InvoiceMonitorJob   :   ? Empresa: Cafam suba | Factura: 145075-TPV2-21554
2026-09-07T18:00:13.044-05:00  WARN 37496 --- [Invoice Monitor - Gastoncito] [scheduling-1] com.monitor.invoices.InvoiceMonitorJob   :   ? Empresa: Cafam suba | Factura: 145075-TPV2-21555
2026-09-07T18:00:13.044-05:00  WARN 37496 --- [Invoice Monitor - Gastoncito] [scheduling-1] com.monitor.invoices.InvoiceMonitorJob   :   ? Empresa: Cafam suba | Factura: 145075-TPV2-21556
2026-09-07T18:00:13.044-05:00  WARN 37496 --- [Invoice Monitor - Gastoncito] [scheduling-1] com.monitor.invoices.InvoiceMonitorJob   :   ? Empresa: Cafam suba | Factura: 145075-TPV2-21557
2026-09-07T18:00:13.045-05:00  WARN 37496 --- [Invoice Monitor - Gastoncito] [scheduling-1] com.monitor.invoices.InvoiceMonitorJob   :   ? Empresa: Cafam suba | Factura: 145075-TPV2-21558
2026-09-07T18:00:13.045-05:00  WARN 37496 --- [Invoice Monitor - Gastoncito] [scheduling-1] com.monitor.invoices.InvoiceMonitorJob   :   ? Empresa: Cafam suba | Factura: 145075-TPV2-21559
2026-09-07T18:00:13.045-05:00  WARN 37496 --- [Invoice Monitor - Gastoncito] [scheduling-1] com.monitor.invoices.InvoiceMonitorJob   :   ? Empresa: Cafam suba | Factura: 145075-TPV2-21560
2026-09-07T18:00:13.045-05:00  WARN 37496 --- [Invoice Monitor - Gastoncito] [scheduling-1] com.monitor.invoices.InvoiceMonitorJob   :   ? Empresa: Cafam suba | Factura: 145075-TPV2-21561
2026-09-07T18:00:13.045-05:00  WARN 37496 --- [Invoice Monitor - Gastoncito] [scheduling-1] com.monitor.invoices.InvoiceMonitorJob   :   ? Empresa: Cafam suba | Factura: 145075-TPV2-21562
2026-09-07T18:00:13.045-05:00  WARN 37496 --- [Invoice Monitor - Gastoncito] [scheduling-1] com.monitor.invoices.InvoiceMonitorJob   :   ? Empresa: Cafam suba | Factura: 145075-TPV2-21563
2026-09-07T18:00:13.045-05:00  WARN 37496 --- [Invoice Monitor - Gastoncito] [scheduling-1] com.monitor.invoices.InvoiceMonitorJob   :   ? Empresa: Cafam suba | Factura: 145075-TPV2-21564
2026-09-07T18:00:13.045-05:00  WARN 37496 --- [Invoice Monitor - Gastoncito] [scheduling-1] com.monitor.invoices.InvoiceMonitorJob   :   ? Empresa: Cafam suba | Factura: 145075-TPV2-21565
2026-09-07T18:00:13.045-05:00  WARN 37496 --- [Invoice Monitor - Gastoncito] [scheduling-1] com.monitor.invoices.InvoiceMonitorJob   :   ? Empresa: Cafam suba | Factura: 145075-TPV2-21566
2026-09-07T18:00:13.045-05:00  WARN 37496 --- [Invoice Monitor - Gastoncito] [scheduling-1] com.monitor.invoices.InvoiceMonitorJob   :   ? Empresa: Cafam suba | Factura: 145075-TPV2-21567
2026-09-07T18:00:13.045-05:00  WARN 37496 --- [Invoice Monitor - Gastoncito] [scheduling-1] com.monitor.invoices.InvoiceMonitorJob   :   ? Empresa: Cafam suba | Factura: 145075-TPV2-21568
2026-09-07T18:00:13.046-05:00  WARN 37496 --- [Invoice Monitor - Gastoncito] [scheduling-1] com.monitor.invoices.InvoiceMonitorJob   :   ? Empresa: Cafam suba | Factura: 145075-TPV2-21569
2026-09-07T18:00:13.046-05:00  WARN 37496 --- [Invoice Monitor - Gastoncito] [scheduling-1] com.monitor.invoices.InvoiceMonitorJob   :   ? Empresa: Cafam suba | Factura: 145075-TPV2-21570
2026-09-07T18:00:13.046-05:00  WARN 37496 --- [Invoice Monitor - Gastoncito] [scheduling-1] com.monitor.invoices.InvoiceMonitorJob   :   ? Empresa: Cafam suba | Factura: 145075-TPV2-21571
2026-09-07T18:00:13.046-05:00  WARN 37496 --- [Invoice Monitor - Gastoncito] [scheduling-1] com.monitor.invoices.InvoiceMonitorJob   :   ? Empresa: Cafam suba | Factura: 145075-TPV2-21572
2026-09-07T18:00:13.046-05:00  WARN 37496 --- [Invoice Monitor - Gastoncito] [scheduling-1] com.monitor.invoices.InvoiceMonitorJob   :   ? Empresa: Cafam suba | Factura: 145075-TPV2-21573
2026-09-07T18:00:13.046-05:00  WARN 37496 --- [Invoice Monitor - Gastoncito] [scheduling-1] com.monitor.invoices.InvoiceMonitorJob   :   ? Empresa: Cafam suba | Factura: 145075-TPV2-21574
2026-09-07T18:00:13.046-05:00  WARN 37496 --- [Invoice Monitor - Gastoncito] [scheduling-1] com.monitor.invoices.InvoiceMonitorJob   :   ? Empresa: Cafam suba | Factura: 145075-TPV2-21575
2026-09-07T18:00:13.046-05:00  WARN 37496 --- [Invoice Monitor - Gastoncito] [scheduling-1] com.monitor.invoices.InvoiceMonitorJob   :   ? Empresa: Cafam suba | Factura: 145075-TPV2-21576
2026-09-07T18:00:13.046-05:00  WARN 37496 --- [Invoice Monitor - Gastoncito] [scheduling-1] com.monitor.invoices.InvoiceMonitorJob   :   ? Empresa: Cafam suba | Factura: 145075-TPV2-21577
2026-09-07T18:00:13.046-05:00  WARN 37496 --- [Invoice Monitor - Gastoncito] [scheduling-1] com.monitor.invoices.InvoiceMonitorJob   :   ? Empresa: Cafam suba | Factura: 145075-TPV2-21578
2026-09-07T18:00:13.046-05:00  WARN 37496 --- [Invoice Monitor - Gastoncito] [scheduling-1] com.monitor.invoices.InvoiceMonitorJob   :   ? Empresa: Cafam suba | Factura: 145075-TPV2-21579
2026-09-07T18:00:13.046-05:00  WARN 37496 --- [Invoice Monitor - Gastoncito] [scheduling-1] com.monitor.invoices.InvoiceMonitorJob   :   ? Empresa: Cafam suba | Factura: 145075-TPV2-21580
2026-09-07T18:00:13.046-05:00  WARN 37496 --- [Invoice Monitor - Gastoncito] [scheduling-1] com.monitor.invoices.InvoiceMonitorJob   :   ? Empresa: Cafam suba | Factura: 145075-TPV2-21581
2026-09-07T18:00:13.046-05:00  WARN 37496 --- [Invoice Monitor - Gastoncito] [scheduling-1] com.monitor.invoices.InvoiceMonitorJob   :   ? Empresa: Cafam suba | Factura: 145075-TPV2-21582
2026-09-07T18:00:13.047-05:00  WARN 37496 --- [Invoice Monitor - Gastoncito] [scheduling-1] com.monitor.invoices.InvoiceMonitorJob   :   ? Empresa: Cafam suba | Factura: 145075-TPV2-21583
2026-09-07T18:00:13.047-05:00  WARN 37496 --- [Invoice Monitor - Gastoncito] [scheduling-1] com.monitor.invoices.InvoiceMonitorJob   :   ? Empresa: Cafam suba | Factura: 145075-TPV2-21584
2026-09-07T18:00:13.047-05:00  WARN 37496 --- [Invoice Monitor - Gastoncito] [scheduling-1] com.monitor.invoices.InvoiceMonitorJob   :   ? Empresa: Cafam suba | Factura: 145075-TPV2-21585
2026-09-07T18:00:13.047-05:00  WARN 37496 --- [Invoice Monitor - Gastoncito] [scheduling-1] com.monitor.invoices.InvoiceMonitorJob   :   ? Empresa: Cafam suba | Factura: 145075-TPV2-21586
2026-09-07T18:00:13.047-05:00  WARN 37496 --- [Invoice Monitor - Gastoncito] [scheduling-1] com.monitor.invoices.InvoiceMonitorJob   :   ? Empresa: Cafam suba | Factura: 145075-TPV2-21587
2026-09-07T18:00:13.047-05:00  WARN 37496 --- [Invoice Monitor - Gastoncito] [scheduling-1] com.monitor.invoices.InvoiceMonitorJob   :   ? Empresa: Cafam suba | Factura: 145075-TPV2-21588
2026-09-07T18:00:13.047-05:00  WARN 37496 --- [Invoice Monitor - Gastoncito] [scheduling-1] com.monitor.invoices.InvoiceMonitorJob   :   ? Empresa: Cafam suba | Factura: 145075-TPV2-21589
2026-09-07T18:00:13.047-05:00  WARN 37496 --- [Invoice Monitor - Gastoncito] [scheduling-1] com.monitor.invoices.InvoiceMonitorJob   :   ? Empresa: Cafam suba | Factura: 145075-TPV2-21590
2026-09-07T18:00:13.047-05:00  WARN 37496 --- [Invoice Monitor - Gastoncito] [scheduling-1] com.monitor.invoices.InvoiceMonitorJob   :   ? Empresa: Cafam suba | Factura: 145075-TPV2-21591
2026-09-07T18:00:13.047-05:00  WARN 37496 --- [Invoice Monitor - Gastoncito] [scheduling-1] com.monitor.invoices.InvoiceMonitorJob   :   ? Empresa: Cafam suba | Factura: 145075-TPV2-21592
2026-09-07T18:00:13.048-05:00  WARN 37496 --- [Invoice Monitor - Gastoncito] [scheduling-1] com.monitor.invoices.InvoiceMonitorJob   :   ? Empresa: Cafam suba | Factura: 145075-TPV2-21593
2026-09-07T18:00:13.048-05:00  WARN 37496 --- [Invoice Monitor - Gastoncito] [scheduling-1] com.monitor.invoices.InvoiceMonitorJob   :   ? Empresa: Cafam suba | Factura: 145075-TPV2-21594
2026-09-07T18:00:13.048-05:00  WARN 37496 --- [Invoice Monitor - Gastoncito] [scheduling-1] com.monitor.invoices.InvoiceMonitorJob   :   ? Empresa: Cafam suba | Factura: 145075-TPV2-21595
2026-09-07T18:00:13.048-05:00  WARN 37496 --- [Invoice Monitor - Gastoncito] [scheduling-1] com.monitor.invoices.InvoiceMonitorJob   :   ? Empresa: Cafam suba | Factura: 145075-TPV2-21596
2026-09-07T18:00:13.048-05:00  WARN 37496 --- [Invoice Monitor - Gastoncito] [scheduling-1] com.monitor.invoices.InvoiceMonitorJob   :   ? Empresa: Cafam suba | Factura: 145075-TPV2-21597
2026-09-07T18:00:13.048-05:00  WARN 37496 --- [Invoice Monitor - Gastoncito] [scheduling-1] com.monitor.invoices.InvoiceMonitorJob   :   ? Empresa: Cafam suba | Factura: 145075-TPV2-21598
2026-09-07T18:00:13.048-05:00  WARN 37496 --- [Invoice Monitor - Gastoncito] [scheduling-1] com.monitor.invoices.InvoiceMonitorJob   :   ? Empresa: Cafam suba | Factura: 145075-TPV2-21599
2026-09-07T18:00:13.049-05:00  WARN 37496 --- [Invoice Monitor - Gastoncito] [scheduling-1] com.monitor.invoices.InvoiceMonitorJob   :   ? Empresa: Cafam suba | Factura: 145075-TPV2-21600
2026-09-07T18:00:13.049-05:00  WARN 37496 --- [Invoice Monitor - Gastoncito] [scheduling-1] com.monitor.invoices.InvoiceMonitorJob   :   ? Empresa: Cafam suba | Factura: 145075-TPV2-21601
2026-09-07T18:00:13.049-05:00  WARN 37496 --- [Invoice Monitor - Gastoncito] [scheduling-1] com.monitor.invoices.InvoiceMonitorJob   :   ? Empresa: Cafam suba | Factura: 145075-TPV2-21602
2026-09-07T18:00:13.049-05:00  WARN 37496 --- [Invoice Monitor - Gastoncito] [scheduling-1] com.monitor.invoices.InvoiceMonitorJob   :   ? Empresa: Cafam suba | Factura: 145075-TPV2-21603
2026-09-07T18:00:13.049-05:00  WARN 37496 --- [Invoice Monitor - Gastoncito] [scheduling-1] com.monitor.invoices.InvoiceMonitorJob   :   ? Empresa: Cafam suba | Factura: 145075-TPV2-21604
2026-09-07T18:00:13.049-05:00  WARN 37496 --- [Invoice Monitor - Gastoncito] [scheduling-1] com.monitor.invoices.InvoiceMonitorJob   :   ? Empresa: Cafam suba | Factura: 145075-TPV2-21605
2026-09-07T18:00:13.049-05:00  WARN 37496 --- [Invoice Monitor - Gastoncito] [scheduling-1] com.monitor.invoices.InvoiceMonitorJob   :   ? Empresa: Cafam suba | Factura: 145075-TPV2-21606
2026-09-07T18:00:13.049-05:00  WARN 37496 --- [Invoice Monitor - Gastoncito] [scheduling-1] com.monitor.invoices.InvoiceMonitorJob   :   ? Empresa: Cafam suba | Factura: 145075-TPV2-21607
2026-09-07T18:00:13.049-05:00  WARN 37496 --- [Invoice Monitor - Gastoncito] [scheduling-1] com.monitor.invoices.InvoiceMonitorJob   :   ? Empresa: Cafam suba | Factura: 145075-TPV2-21608
2026-09-07T18:00:13.050-05:00  WARN 37496 --- [Invoice Monitor - Gastoncito] [scheduling-1] com.monitor.invoices.InvoiceMonitorJob   :   ? Empresa: Cafam suba | Factura: 145075-TPV2-21609
2026-09-07T18:00:13.050-05:00  WARN 37496 --- [Invoice Monitor - Gastoncito] [scheduling-1] com.monitor.invoices.InvoiceMonitorJob   :   ? Empresa: Cafam suba | Factura: 145075-TPV2-21610
2026-09-07T18:00:13.050-05:00  WARN 37496 --- [Invoice Monitor - Gastoncito] [scheduling-1] com.monitor.invoices.InvoiceMonitorJob   :   ? Empresa: Cafam suba | Factura: 145075-TPV2-21611
2026-09-07T18:00:13.050-05:00  WARN 37496 --- [Invoice Monitor - Gastoncito] [scheduling-1] com.monitor.invoices.InvoiceMonitorJob   :   ? Empresa: Cafam suba | Factura: 145075-TPV2-21612
2026-09-07T18:00:13.050-05:00  WARN 37496 --- [Invoice Monitor - Gastoncito] [scheduling-1] com.monitor.invoices.InvoiceMonitorJob   :   ? Empresa: Cafam suba | Factura: 145075-TPV2-21613
2026-09-07T18:00:13.050-05:00  WARN 37496 --- [Invoice Monitor - Gastoncito] [scheduling-1] com.monitor.invoices.InvoiceMonitorJob   :   ? Empresa: Cafam suba | Factura: 145075-TPV2-21614
2026-09-07T18:00:13.050-05:00  WARN 37496 --- [Invoice Monitor - Gastoncito] [scheduling-1] com.monitor.invoices.InvoiceMonitorJob   :   ? Empresa: Cafam suba | Factura: 145075-TPV2-21615
2026-09-07T18:00:13.050-05:00  WARN 37496 --- [Invoice Monitor - Gastoncito] [scheduling-1] com.monitor.invoices.InvoiceMonitorJob   :   ? Empresa: Cafam suba | Factura: 145075-TPV2-21616
2026-09-07T18:00:13.050-05:00  WARN 37496 --- [Invoice Monitor - Gastoncito] [scheduling-1] com.monitor.invoices.InvoiceMonitorJob   :   ? Empresa: Cafam suba | Factura: 145075-TPV2-21617
2026-09-07T18:00:13.050-05:00  WARN 37496 --- [Invoice Monitor - Gastoncito] [scheduling-1] com.monitor.invoices.InvoiceMonitorJob   :   ? Empresa: Cafam suba | Factura: 145075-TPV2-21618
2026-09-07T18:00:13.050-05:00  WARN 37496 --- [Invoice Monitor - Gastoncito] [scheduling-1] com.monitor.invoices.InvoiceMonitorJob   :   ? Empresa: Cafam suba | Factura: 145075-TPV2-21619
2026-09-07T18:00:13.050-05:00  WARN 37496 --- [Invoice Monitor - Gastoncito] [scheduling-1] com.monitor.invoices.InvoiceMonitorJob   :   ? Empresa: Cafam suba | Factura: 145075-TPV2-21620
2026-09-07T18:00:13.050-05:00  WARN 37496 --- [Invoice Monitor - Gastoncito] [scheduling-1] com.monitor.invoices.InvoiceMonitorJob   :   ? Empresa: Cafam suba | Factura: 145075-TPV2-21621
2026-09-07T18:00:13.050-05:00  WARN 37496 --- [Invoice Monitor - Gastoncito] [scheduling-1] com.monitor.invoices.InvoiceMonitorJob   :   ? Empresa: Cafam suba | Factura: 145075-TPV2-21622
2026-09-07T18:00:13.050-05:00  WARN 37496 --- [Invoice Monitor - Gastoncito] [scheduling-1] com.monitor.invoices.InvoiceMonitorJob   :   ? Empresa: Cafam suba | Factura: 145075-TPV2-21623
2026-09-07T18:00:13.051-05:00  WARN 37496 --- [Invoice Monitor - Gastoncito] [scheduling-1] com.monitor.invoices.InvoiceMonitorJob   :   ? Empresa: Cafam suba | Factura: 145075-TPV2-21624
2026-09-07T18:00:13.051-05:00  WARN 37496 --- [Invoice Monitor - Gastoncito] [scheduling-1] com.monitor.invoices.InvoiceMonitorJob   :   ? Empresa: Cafam suba | Factura: 145075-TPV2-21625
2026-09-07T18:00:13.051-05:00  WARN 37496 --- [Invoice Monitor - Gastoncito] [scheduling-1] com.monitor.invoices.InvoiceMonitorJob   :   ? Empresa: Cafam suba | Factura: 145075-TPV2-21626
2026-09-07T18:00:13.051-05:00  WARN 37496 --- [Invoice Monitor - Gastoncito] [scheduling-1] com.monitor.invoices.InvoiceMonitorJob   :   ? Empresa: Cafam suba | Factura: 145075-TPV2-21627
2026-09-07T18:00:13.051-05:00  WARN 37496 --- [Invoice Monitor - Gastoncito] [scheduling-1] com.monitor.invoices.InvoiceMonitorJob   :   ? Empresa: Cafam suba | Factura: 145075-TPV2-21628
2026-09-07T18:00:13.051-05:00  WARN 37496 --- [Invoice Monitor - Gastoncito] [scheduling-1] com.monitor.invoices.InvoiceMonitorJob   :   ? Empresa: Cafam suba | Factura: 145075-TPV2-21629
2026-09-07T18:00:13.051-05:00  WARN 37496 --- [Invoice Monitor - Gastoncito] [scheduling-1] com.monitor.invoices.InvoiceMonitorJob   :   ? Empresa: Cafam suba | Factura: 145075-TPV2-21630
2026-09-07T18:00:13.051-05:00  WARN 37496 --- [Invoice Monitor - Gastoncito] [scheduling-1] com.monitor.invoices.InvoiceMonitorJob   :   ? Empresa: Cafam suba | Factura: 145075-TPV2-21631
2026-09-07T18:00:13.051-05:00  WARN 37496 --- [Invoice Monitor - Gastoncito] [scheduling-1] com.monitor.invoices.InvoiceMonitorJob   :   ? Empresa: Cafam suba | Factura: 145075-TPV2-21632
2026-09-07T18:00:13.051-05:00  WARN 37496 --- [Invoice Monitor - Gastoncito] [scheduling-1] com.monitor.invoices.InvoiceMonitorJob   :   ? Empresa: Cafam suba | Factura: 145075-TPV2-21633
2026-09-07T18:00:13.052-05:00  WARN 37496 --- [Invoice Monitor - Gastoncito] [scheduling-1] com.monitor.invoices.InvoiceMonitorJob   :   ? Empresa: Cafam suba | Factura: 145075-TPV2-21634
2026-09-07T18:00:13.052-05:00  WARN 37496 --- [Invoice Monitor - Gastoncito] [scheduling-1] com.monitor.invoices.InvoiceMonitorJob   :   ? Empresa: Cafam suba | Factura: 145075-TPV2-21635
2026-09-07T18:00:13.052-05:00  WARN 37496 --- [Invoice Monitor - Gastoncito] [scheduling-1] com.monitor.invoices.InvoiceMonitorJob   :   ? Empresa: Cafam suba | Factura: 145075-TPV2-21636
2026-09-07T18:00:13.052-05:00  WARN 37496 --- [Invoice Monitor - Gastoncito] [scheduling-1] com.monitor.invoices.InvoiceMonitorJob   :   ? Empresa: Cafam suba | Factura: 145075-TPV2-21637
2026-09-07T18:00:13.052-05:00  WARN 37496 --- [Invoice Monitor - Gastoncito] [scheduling-1] com.monitor.invoices.InvoiceMonitorJob   :   ? Empresa: Cafam suba | Factura: 145075-TPV2-21638
2026-09-07T18:00:13.052-05:00  WARN 37496 --- [Invoice Monitor - Gastoncito] [scheduling-1] com.monitor.invoices.InvoiceMonitorJob   :   ? Empresa: Cafam suba | Factura: 145075-TPV2-21639
2026-09-07T18:00:13.052-05:00  WARN 37496 --- [Invoice Monitor - Gastoncito] [scheduling-1] com.monitor.invoices.InvoiceMonitorJob   :   ? Empresa: Cafam suba | Factura: 145075-TPV2-21640
2026-09-07T18:00:13.052-05:00  WARN 37496 --- [Invoice Monitor - Gastoncito] [scheduling-1] com.monitor.invoices.InvoiceMonitorJob   :   ? Empresa: Cafam suba | Factura: 145075-TPV2-21641
2026-09-07T18:00:13.052-05:00  WARN 37496 --- [Invoice Monitor - Gastoncito] [scheduling-1] com.monitor.invoices.InvoiceMonitorJob   :   ? Empresa: Cafam suba | Factura: 145075-TPV2-21642
2026-09-07T18:00:13.052-05:00  WARN 37496 --- [Invoice Monitor - Gastoncito] [scheduling-1] com.monitor.invoices.InvoiceMonitorJob   :   ? Empresa: Cafam suba | Factura: 145075-TPV2-21643
2026-09-07T18:00:13.052-05:00  WARN 37496 --- [Invoice Monitor - Gastoncito] [scheduling-1] com.monitor.invoices.InvoiceMonitorJob   :   ? Empresa: Cafam suba | Factura: 145075-TPV2-21644
2026-09-07T18:00:13.052-05:00  WARN 37496 --- [Invoice Monitor - Gastoncito] [scheduling-1] com.monitor.invoices.InvoiceMonitorJob   :   ? Empresa: Cafam suba | Factura: 145075-TPV2-21645
2026-09-07T18:00:13.052-05:00  WARN 37496 --- [Invoice Monitor - Gastoncito] [scheduling-1] com.monitor.invoices.InvoiceMonitorJob   :   ? Empresa: Cafam suba | Factura: 145075-TPV2-21646
2026-09-07T18:00:13.052-05:00  WARN 37496 --- [Invoice Monitor - Gastoncito] [scheduling-1] com.monitor.invoices.InvoiceMonitorJob   :   ? Empresa: Cafam suba | Factura: 145075-TPV2-21647
2026-09-07T18:00:13.053-05:00  WARN 37496 --- [Invoice Monitor - Gastoncito] [scheduling-1] com.monitor.invoices.InvoiceMonitorJob   :   ? Empresa: Cafam suba | Factura: 145075-TPV2-21648
2026-09-07T18:00:13.053-05:00  WARN 37496 --- [Invoice Monitor - Gastoncito] [scheduling-1] com.monitor.invoices.InvoiceMonitorJob   :   ? Empresa: Cafam suba | Factura: 145075-TPV2-21649
2026-09-07T18:00:13.053-05:00  WARN 37496 --- [Invoice Monitor - Gastoncito] [scheduling-1] com.monitor.invoices.InvoiceMonitorJob   :   ? Empresa: Cafam suba | Factura: 145075-TPV2-21650
2026-09-07T18:00:13.053-05:00  WARN 37496 --- [Invoice Monitor - Gastoncito] [scheduling-1] com.monitor.invoices.InvoiceMonitorJob   :   ? Empresa: Cafam suba | Factura: 145075-TPV2-21651
2026-09-07T18:00:13.053-05:00  WARN 37496 --- [Invoice Monitor - Gastoncito] [scheduling-1] com.monitor.invoices.InvoiceMonitorJob   :   ? Empresa: Cafam suba | Factura: 145075-TPV2-21652
2026-09-07T18:00:13.053-05:00  WARN 37496 --- [Invoice Monitor - Gastoncito] [scheduling-1] com.monitor.invoices.InvoiceMonitorJob   :   ? Empresa: Cafam suba | Factura: 145075-TPV2-21653
2026-09-07T18:00:13.053-05:00  WARN 37496 --- [Invoice Monitor - Gastoncito] [scheduling-1] com.monitor.invoices.InvoiceMonitorJob   :   ? Empresa: Cafam suba | Factura: 145075-TPV2-21654
2026-09-07T18:00:13.053-05:00  WARN 37496 --- [Invoice Monitor - Gastoncito] [scheduling-1] com.monitor.invoices.InvoiceMonitorJob   :   ? Empresa: Cafam suba | Factura: 145075-TPV2-21655
2026-09-07T18:00:13.053-05:00  WARN 37496 --- [Invoice Monitor - Gastoncito] [scheduling-1] com.monitor.invoices.InvoiceMonitorJob   :   ? Empresa: Cafam suba | Factura: 145075-TPV2-21656
2026-09-07T18:00:13.053-05:00  WARN 37496 --- [Invoice Monitor - Gastoncito] [scheduling-1] com.monitor.invoices.InvoiceMonitorJob   :   ? Empresa: Cafam suba | Factura: 145075-TPV2-21657
2026-09-07T18:00:13.053-05:00  WARN 37496 --- [Invoice Monitor - Gastoncito] [scheduling-1] com.monitor.invoices.InvoiceMonitorJob   :   ? Empresa: Cafam suba | Factura: 145075-TPV2-21658
2026-09-07T18:00:13.053-05:00  WARN 37496 --- [Invoice Monitor - Gastoncito] [scheduling-1] com.monitor.invoices.InvoiceMonitorJob   :   ? Empresa: Cafam suba | Factura: 145075-TPV2-21659
2026-09-07T18:00:13.053-05:00  WARN 37496 --- [Invoice Monitor - Gastoncito] [scheduling-1] com.monitor.invoices.InvoiceMonitorJob   :   ? Empresa: Cafam suba | Factura: 145075-TPV2-21660
2026-09-07T18:00:13.053-05:00  WARN 37496 --- [Invoice Monitor - Gastoncito] [scheduling-1] com.monitor.invoices.InvoiceMonitorJob   :   ? Empresa: Cafam suba | Factura: 145075-TPV2-21661
2026-09-07T18:00:13.053-05:00  WARN 37496 --- [Invoice Monitor - Gastoncito] [scheduling-1] com.monitor.invoices.InvoiceMonitorJob   :   ? Empresa: Cafam suba | Factura: 145075-TPV2-21662
2026-09-07T18:00:13.053-05:00  WARN 37496 --- [Invoice Monitor - Gastoncito] [scheduling-1] com.monitor.invoices.InvoiceMonitorJob   :   ? Empresa: Cafam suba | Factura: 145075-TPV2-21663
2026-09-07T18:00:13.054-05:00  WARN 37496 --- [Invoice Monitor - Gastoncito] [scheduling-1] com.monitor.invoices.InvoiceMonitorJob   :   ? Empresa: Cafam suba | Factura: 145075-TPV2-21664
2026-09-07T18:00:13.054-05:00  WARN 37496 --- [Invoice Monitor - Gastoncito] [scheduling-1] com.monitor.invoices.InvoiceMonitorJob   :   ? Empresa: Cafam suba | Factura: 145075-TPV2-21665
2026-09-07T18:00:13.054-05:00  WARN 37496 --- [Invoice Monitor - Gastoncito] [scheduling-1] com.monitor.invoices.InvoiceMonitorJob   :   ? Empresa: Cafam suba | Factura: 145075-TPV2-21666
2026-09-07T18:00:13.054-05:00  WARN 37496 --- [Invoice Monitor - Gastoncito] [scheduling-1] com.monitor.invoices.InvoiceMonitorJob   :   ? Empresa: Cafam suba | Factura: 145075-TPV2-21667
2026-09-07T18:00:13.054-05:00  WARN 37496 --- [Invoice Monitor - Gastoncito] [scheduling-1] com.monitor.invoices.InvoiceMonitorJob   :   ? Empresa: Cafam suba | Factura: 145075-TPV2-21668
2026-09-07T18:00:13.054-05:00  WARN 37496 --- [Invoice Monitor - Gastoncito] [scheduling-1] com.monitor.invoices.InvoiceMonitorJob   :   ? Empresa: Cafam suba | Factura: 145075-TPV2-21669
2026-09-07T18:00:13.054-05:00  WARN 37496 --- [Invoice Monitor - Gastoncito] [scheduling-1] com.monitor.invoices.InvoiceMonitorJob   :   ? Empresa: Cafam suba | Factura: 145075-TPV2-21670
2026-09-07T18:00:13.054-05:00  WARN 37496 --- [Invoice Monitor - Gastoncito] [scheduling-1] com.monitor.invoices.InvoiceMonitorJob   :   ? Empresa: Cafam suba | Factura: 145075-TPV2-21671
2026-09-07T18:00:13.054-05:00  WARN 37496 --- [Invoice Monitor - Gastoncito] [scheduling-1] com.monitor.invoices.InvoiceMonitorJob   :   ? Empresa: Cafam suba | Factura: 145075-TPV2-21672
2026-09-07T18:00:13.054-05:00  WARN 37496 --- [Invoice Monitor - Gastoncito] [scheduling-1] com.monitor.invoices.InvoiceMonitorJob   :   ? Empresa: Cafam suba | Factura: 145075-TPV2-21673
2026-09-07T18:00:13.054-05:00  WARN 37496 --- [Invoice Monitor - Gastoncito] [scheduling-1] com.monitor.invoices.InvoiceMonitorJob   :   ? Empresa: Cafam suba | Factura: 145075-TPV2-21674
2026-09-07T18:00:13.054-05:00  WARN 37496 --- [Invoice Monitor - Gastoncito] [scheduling-1] com.monitor.invoices.InvoiceMonitorJob   :   ? Empresa: Cafam suba | Factura: 145075-TPV2-21675
2026-09-07T18:00:13.054-05:00  WARN 37496 --- [Invoice Monitor - Gastoncito] [scheduling-1] com.monitor.invoices.InvoiceMonitorJob   :   ? Empresa: Cafam suba | Factura: 145075-TPV2-21676
2026-09-07T18:00:13.054-05:00  WARN 37496 --- [Invoice Monitor - Gastoncito] [scheduling-1] com.monitor.invoices.InvoiceMonitorJob   :   ? Empresa: Cafam suba | Factura: 145075-TPV2-21677
2026-09-07T18:00:13.054-05:00  WARN 37496 --- [Invoice Monitor - Gastoncito] [scheduling-1] com.monitor.invoices.InvoiceMonitorJob   :   ? Empresa: Cafam suba | Factura: 145075-TPV2-21678
2026-09-07T18:00:13.054-05:00  WARN 37496 --- [Invoice Monitor - Gastoncito] [scheduling-1] com.monitor.invoices.InvoiceMonitorJob   :   ? Empresa: Cafam suba | Factura: 145075-TPV2-21679
2026-09-07T18:00:13.055-05:00  WARN 37496 --- [Invoice Monitor - Gastoncito] [scheduling-1] com.monitor.invoices.InvoiceMonitorJob   :   ? Empresa: Cafam suba | Factura: 145075-TPV2-21680
2026-09-07T18:00:13.055-05:00  WARN 37496 --- [Invoice Monitor - Gastoncito] [scheduling-1] com.monitor.invoices.InvoiceMonitorJob   :   ? Empresa: Cafam suba | Factura: 145075-TPV2-21681
2026-09-07T18:00:13.055-05:00  WARN 37496 --- [Invoice Monitor - Gastoncito] [scheduling-1] com.monitor.invoices.InvoiceMonitorJob   :   ? Empresa: Cafam suba | Factura: 145075-TPV2-21682
2026-09-07T18:00:13.055-05:00  WARN 37496 --- [Invoice Monitor - Gastoncito] [scheduling-1] com.monitor.invoices.InvoiceMonitorJob   :   ? Empresa: Cafam suba | Factura: 145075-TPV2-21683
2026-09-07T18:00:13.055-05:00  WARN 37496 --- [Invoice Monitor - Gastoncito] [scheduling-1] com.monitor.invoices.InvoiceMonitorJob   :   ? Empresa: Cafam suba | Factura: 145075-TPV2-21684
2026-09-07T18:00:13.055-05:00  WARN 37496 --- [Invoice Monitor - Gastoncito] [scheduling-1] com.monitor.invoices.InvoiceMonitorJob   :   ? Empresa: Cafam suba | Factura: 145075-TPV2-21685
2026-09-07T18:00:13.055-05:00  WARN 37496 --- [Invoice Monitor - Gastoncito] [scheduling-1] com.monitor.invoices.InvoiceMonitorJob   :   ? Empresa: Cafam suba | Factura: 145075-TPV2-21686
2026-09-07T18:00:13.055-05:00  WARN 37496 --- [Invoice Monitor - Gastoncito] [scheduling-1] com.monitor.invoices.InvoiceMonitorJob   :   ? Empresa: Cafam suba | Factura: 145075-TPV2-21689
2026-09-07T18:00:13.055-05:00  WARN 37496 --- [Invoice Monitor - Gastoncito] [scheduling-1] com.monitor.invoices.InvoiceMonitorJob   :   ? Empresa: Cafam suba | Factura: 145075-TPV2-21690
2026-09-07T18:00:13.055-05:00  WARN 37496 --- [Invoice Monitor - Gastoncito] [scheduling-1] com.monitor.invoices.InvoiceMonitorJob   :   ? Empresa: Cafam suba | Factura: 145075-TPV2-21691
2026-09-07T18:00:13.055-05:00  WARN 37496 --- [Invoice Monitor - Gastoncito] [scheduling-1] com.monitor.invoices.InvoiceMonitorJob   :   ? Empresa: Cafam suba | Factura: 145075-TPV2-21692
2026-09-07T18:00:13.055-05:00  WARN 37496 --- [Invoice Monitor - Gastoncito] [scheduling-1] com.monitor.invoices.InvoiceMonitorJob   :   ? Empresa: Cafam suba | Factura: 145075-TPV2-21693
2026-09-07T18:00:13.055-05:00  WARN 37496 --- [Invoice Monitor - Gastoncito] [scheduling-1] com.monitor.invoices.InvoiceMonitorJob   :   ? Empresa: Cafam suba | Factura: 145075-TPV2-21694
2026-09-07T18:00:13.055-05:00  WARN 37496 --- [Invoice Monitor - Gastoncito] [scheduling-1] com.monitor.invoices.InvoiceMonitorJob   :   ? Empresa: Cafam suba | Factura: 145075-TPV2-21695
2026-09-07T18:00:13.055-05:00  WARN 37496 --- [Invoice Monitor - Gastoncito] [scheduling-1] com.monitor.invoices.InvoiceMonitorJob   :   ? Empresa: Cafam suba | Factura: 145075-TPV2-21696
2026-09-07T18:00:13.056-05:00  WARN 37496 --- [Invoice Monitor - Gastoncito] [scheduling-1] com.monitor.invoices.InvoiceMonitorJob   :   ? Empresa: Cafam suba | Factura: 145075-TPV2-21697
2026-09-07T18:00:13.056-05:00  WARN 37496 --- [Invoice Monitor - Gastoncito] [scheduling-1] com.monitor.invoices.InvoiceMonitorJob   :   ? Empresa: Cafam suba | Factura: 145075-TPV2-21698
2026-09-07T18:00:13.056-05:00  WARN 37496 --- [Invoice Monitor - Gastoncito] [scheduling-1] com.monitor.invoices.InvoiceMonitorJob   :   ? Empresa: Cafam suba | Factura: 145075-TPV2-21699
2026-09-07T18:00:13.056-05:00  WARN 37496 --- [Invoice Monitor - Gastoncito] [scheduling-1] com.monitor.invoices.InvoiceMonitorJob   :   ? Empresa: Cafam suba | Factura: 145075-TPV2-21700
2026-09-07T18:00:13.056-05:00  WARN 37496 --- [Invoice Monitor - Gastoncito] [scheduling-1] com.monitor.invoices.InvoiceMonitorJob   :   ? Empresa: Cafam suba | Factura: 145075-TPV2-21701
2026-09-07T18:00:13.056-05:00  WARN 37496 --- [Invoice Monitor - Gastoncito] [scheduling-1] com.monitor.invoices.InvoiceMonitorJob   :   ? Empresa: Cafam suba | Factura: 145075-TPV2-21702
2026-09-07T18:00:13.056-05:00  WARN 37496 --- [Invoice Monitor - Gastoncito] [scheduling-1] com.monitor.invoices.InvoiceMonitorJob   :   ? Empresa: Cafam suba | Factura: 145075-TPV2-21703
2026-09-07T18:00:13.056-05:00  WARN 37496 --- [Invoice Monitor - Gastoncito] [scheduling-1] com.monitor.invoices.InvoiceMonitorJob   :   ? Empresa: Cafam suba | Factura: 145075-TPV2-21704
2026-09-07T18:00:13.056-05:00  WARN 37496 --- [Invoice Monitor - Gastoncito] [scheduling-1] com.monitor.invoices.InvoiceMonitorJob   :   ? Empresa: Cafam suba | Factura: 145075-TPV2-21705
2026-09-07T18:00:13.056-05:00  WARN 37496 --- [Invoice Monitor - Gastoncito] [scheduling-1] com.monitor.invoices.InvoiceMonitorJob   :   ? Empresa: Cafam suba | Factura: 145075-TPV2-21706
2026-09-07T18:00:13.056-05:00  WARN 37496 --- [Invoice Monitor - Gastoncito] [scheduling-1] com.monitor.invoices.InvoiceMonitorJob   :   ? Empresa: Cafam suba | Factura: 145075-TPV2-21707
2026-09-07T18:00:13.056-05:00  WARN 37496 --- [Invoice Monitor - Gastoncito] [scheduling-1] com.monitor.invoices.InvoiceMonitorJob   :   ? Empresa: Cafam suba | Factura: 145075-TPV2-21708
2026-09-07T18:00:13.056-05:00  WARN 37496 --- [Invoice Monitor - Gastoncito] [scheduling-1] com.monitor.invoices.InvoiceMonitorJob   :   ? Empresa: Cafam suba | Factura: 145075-TPV2-21709
2026-09-07T18:00:13.056-05:00  WARN 37496 --- [Invoice Monitor - Gastoncito] [scheduling-1] com.monitor.invoices.InvoiceMonitorJob   :   ? Empresa: Cafam suba | Factura: 145075-TPV2-21710
2026-09-07T18:00:13.056-05:00  WARN 37496 --- [Invoice Monitor - Gastoncito] [scheduling-1] com.monitor.invoices.InvoiceMonitorJob   :   ? Empresa: Cafam suba | Factura: 145075-TPV2-21711
2026-09-07T18:00:13.056-05:00  WARN 37496 --- [Invoice Monitor - Gastoncito] [scheduling-1] com.monitor.invoices.InvoiceMonitorJob   :   ? Empresa: Cafam suba | Factura: 145075-TPV2-21712
2026-09-07T18:00:13.057-05:00  WARN 37496 --- [Invoice Monitor - Gastoncito] [scheduling-1] com.monitor.invoices.InvoiceMonitorJob   :   ? Empresa: Cafam suba | Factura: 145075-TPV2-21713
2026-09-07T18:00:13.057-05:00  WARN 37496 --- [Invoice Monitor - Gastoncito] [scheduling-1] com.monitor.invoices.InvoiceMonitorJob   :   ? Empresa: Cafam suba | Factura: 145075-TPV2-21714
2026-09-07T18:00:13.057-05:00  WARN 37496 --- [Invoice Monitor - Gastoncito] [scheduling-1] com.monitor.invoices.InvoiceMonitorJob   :   ? Empresa: Cafam suba | Factura: 145075-TPV2-21715
2026-09-07T18:00:13.057-05:00  WARN 37496 --- [Invoice Monitor - Gastoncito] [scheduling-1] com.monitor.invoices.InvoiceMonitorJob   :   ? Empresa: Cafam suba | Factura: 145075-TPV2-21716
2026-09-07T18:00:13.057-05:00  WARN 37496 --- [Invoice Monitor - Gastoncito] [scheduling-1] com.monitor.invoices.InvoiceMonitorJob   :   ? Empresa: Cafam suba | Factura: 145075-TPV2-21717
2026-09-07T18:00:13.057-05:00  WARN 37496 --- [Invoice Monitor - Gastoncito] [scheduling-1] com.monitor.invoices.InvoiceMonitorJob   :   ? Empresa: Cafam suba | Factura: 145075-TPV2-21718
2026-09-07T18:00:13.057-05:00  WARN 37496 --- [Invoice Monitor - Gastoncito] [scheduling-1] com.monitor.invoices.InvoiceMonitorJob   :   ? Empresa: Cafam suba | Factura: 145075-TPV2-21719
2026-09-07T18:00:13.057-05:00  WARN 37496 --- [Invoice Monitor - Gastoncito] [scheduling-1] com.monitor.invoices.InvoiceMonitorJob   :   ? Empresa: Cafam suba | Factura: 145075-TPV2-21720
2026-09-07T18:00:13.057-05:00  WARN 37496 --- [Invoice Monitor - Gastoncito] [scheduling-1] com.monitor.invoices.InvoiceMonitorJob   :   ? Empresa: Cafam suba | Factura: 145075-TPV2-21721
2026-09-07T18:00:13.057-05:00  WARN 37496 --- [Invoice Monitor - Gastoncito] [scheduling-1] com.monitor.invoices.InvoiceMonitorJob   :   ? Empresa: Cafam suba | Factura: 145075-TPV2-21722
2026-09-07T18:00:13.057-05:00  WARN 37496 --- [Invoice Monitor - Gastoncito] [scheduling-1] com.monitor.invoices.InvoiceMonitorJob   :   ? Empresa: Cafam suba | Factura: 145075-TPV2-21723
2026-09-07T18:00:13.057-05:00  WARN 37496 --- [Invoice Monitor - Gastoncito] [scheduling-1] com.monitor.invoices.InvoiceMonitorJob   :   ? Empresa: Cafam suba | Factura: 145075-TPV2-21724
2026-09-07T18:00:13.057-05:00  WARN 37496 --- [Invoice Monitor - Gastoncito] [scheduling-1] com.monitor.invoices.InvoiceMonitorJob   :   ? Empresa: Cafam suba | Factura: 145075-TPV2-21725
2026-09-07T18:00:13.057-05:00  WARN 37496 --- [Invoice Monitor - Gastoncito] [scheduling-1] com.monitor.invoices.InvoiceMonitorJob   :   ? Empresa: Cafam suba | Factura: 145075-TPV2-21726
2026-09-07T18:00:13.057-05:00  WARN 37496 --- [Invoice Monitor - Gastoncito] [scheduling-1] com.monitor.invoices.InvoiceMonitorJob   :   ? Empresa: Cafam suba | Factura: 145075-TPV2-21727
2026-09-07T18:00:13.057-05:00  WARN 37496 --- [Invoice Monitor - Gastoncito] [scheduling-1] com.monitor.invoices.InvoiceMonitorJob   :   ? Empresa: Cafam suba | Factura: 145075-TPV2-21728
2026-09-07T18:00:13.058-05:00  WARN 37496 --- [Invoice Monitor - Gastoncito] [scheduling-1] com.monitor.invoices.InvoiceMonitorJob   :   ? Empresa: Cafam suba | Factura: 145075-TPV2-21729
2026-09-07T18:00:13.058-05:00  WARN 37496 --- [Invoice Monitor - Gastoncito] [scheduling-1] com.monitor.invoices.InvoiceMonitorJob   :   ? Empresa: Cafam suba | Factura: 145075-TPV2-21730
2026-09-07T18:00:13.058-05:00  WARN 37496 --- [Invoice Monitor - Gastoncito] [scheduling-1] com.monitor.invoices.InvoiceMonitorJob   :   ? Empresa: Cafam suba | Factura: 145075-TPV2-21731
2026-09-07T18:00:13.058-05:00  WARN 37496 --- [Invoice Monitor - Gastoncito] [scheduling-1] com.monitor.invoices.InvoiceMonitorJob   :   ? Empresa: Cafam suba | Factura: 145075-TPV2-21732
2026-09-07T18:00:13.058-05:00  WARN 37496 --- [Invoice Monitor - Gastoncito] [scheduling-1] com.monitor.invoices.InvoiceMonitorJob   :   ? Empresa: Cafam suba | Factura: 145075-TPV2-21733
2026-09-07T18:00:13.058-05:00  WARN 37496 --- [Invoice Monitor - Gastoncito] [scheduling-1] com.monitor.invoices.InvoiceMonitorJob   :   ? Empresa: Cafam suba | Factura: 145075-TPV2-21734
2026-09-07T18:00:13.058-05:00  WARN 37496 --- [Invoice Monitor - Gastoncito] [scheduling-1] com.monitor.invoices.InvoiceMonitorJob   :   ? Empresa: Cafam suba | Factura: 145075-TPV2-21735
2026-09-07T18:00:13.058-05:00  WARN 37496 --- [Invoice Monitor - Gastoncito] [scheduling-1] com.monitor.invoices.InvoiceMonitorJob   :   ? Empresa: Cafam suba | Factura: 145075-TPV2-21736
2026-09-07T18:00:13.058-05:00  WARN 37496 --- [Invoice Monitor - Gastoncito] [scheduling-1] com.monitor.invoices.InvoiceMonitorJob   :   ? Empresa: Cafam suba | Factura: 145075-TPV2-21737
2026-09-07T18:00:13.058-05:00  WARN 37496 --- [Invoice Monitor - Gastoncito] [scheduling-1] com.monitor.invoices.InvoiceMonitorJob   :   ? Empresa: Cafam suba | Factura: 145075-TPV2-21738
2026-09-07T18:00:13.058-05:00  WARN 37496 --- [Invoice Monitor - Gastoncito] [scheduling-1] com.monitor.invoices.InvoiceMonitorJob   :   ? Empresa: Calle 90 | Factura: 262393-TPV-876337
2026-09-07T18:00:13.058-05:00  WARN 37496 --- [Invoice Monitor - Gastoncito] [scheduling-1] com.monitor.invoices.InvoiceMonitorJob   :   ? Empresa: Calle 90 | Factura: 262393-TPV-876988
2026-09-07T18:00:13.058-05:00  WARN 37496 --- [Invoice Monitor - Gastoncito] [scheduling-1] com.monitor.invoices.InvoiceMonitorJob   :   ? Empresa: C.c puerto rico  | Factura: 453375-TPV1-20973
2026-09-07T18:00:13.059-05:00  WARN 37496 --- [Invoice Monitor - Gastoncito] [scheduling-1] com.monitor.invoices.InvoiceMonitorJob   :   ? Empresa: C.c puerto rico  | Factura: 453375-TPV1-21259
2026-09-07T18:00:13.059-05:00  WARN 37496 --- [Invoice Monitor - Gastoncito] [scheduling-1] com.monitor.invoices.InvoiceMonitorJob   :   ? Empresa: C.c puerto rico  | Factura: 453375-TPV1-21262
2026-09-07T18:00:13.059-05:00  WARN 37496 --- [Invoice Monitor - Gastoncito] [scheduling-1] com.monitor.invoices.InvoiceMonitorJob   :   ? Empresa: Centro Comercial Buenavista_2 | Factura: 231490-C.A S1-1-71046
2026-09-07T18:00:13.059-05:00  WARN 37496 --- [Invoice Monitor - Gastoncito] [scheduling-1] com.monitor.invoices.InvoiceMonitorJob   :   ? Empresa: Centro Comercial Buenavista_2 | Factura: 231490-C.A S1-2-87177
2026-09-07T18:00:13.059-05:00  WARN 37496 --- [Invoice Monitor - Gastoncito] [scheduling-1] com.monitor.invoices.InvoiceMonitorJob   :   ? Empresa: Centro Comercial Buenavista_2 | Factura: 231490-C.A S1-2-87178
2026-09-07T18:00:13.059-05:00  WARN 37496 --- [Invoice Monitor - Gastoncito] [scheduling-1] com.monitor.invoices.InvoiceMonitorJob   :   ? Empresa: Centro Comercial Buenavista_2 | Factura: 231490-C.A S1-2-87181
2026-09-07T18:00:13.059-05:00  WARN 37496 --- [Invoice Monitor - Gastoncito] [scheduling-1] com.monitor.invoices.InvoiceMonitorJob   :   ? Empresa: Centro empresarial cajica nou | Factura: 315340-ATM-104115
2026-09-07T18:00:13.059-05:00  WARN 37496 --- [Invoice Monitor - Gastoncito] [scheduling-1] com.monitor.invoices.InvoiceMonitorJob   :   ? Empresa: Cima-colmedica p.h. | Factura: 169969-FE85-116081
2026-09-07T18:00:13.059-05:00  WARN 37496 --- [Invoice Monitor - Gastoncito] [scheduling-1] com.monitor.invoices.InvoiceMonitorJob   :   ? Empresa: Clinica porto azul | Factura: 267487-CPA1-117004
2026-09-07T18:00:13.059-05:00  WARN 37496 --- [Invoice Monitor - Gastoncito] [scheduling-1] com.monitor.invoices.InvoiceMonitorJob   :   ? Empresa: Clinica porto azul | Factura: 267487-CPA1-117202
2026-09-07T18:00:13.059-05:00  WARN 37496 --- [Invoice Monitor - Gastoncito] [scheduling-1] com.monitor.invoices.InvoiceMonitorJob   :   ? Empresa: Compensar primera de mayo | Factura: 658917-TPV1-17503
2026-09-07T18:00:13.060-05:00  WARN 37496 --- [Invoice Monitor - Gastoncito] [scheduling-1] com.monitor.invoices.InvoiceMonitorJob   :   ? Empresa: Compensar primera de mayo | Factura: 658917-TPV1-17504
2026-09-07T18:00:13.060-05:00  WARN 37496 --- [Invoice Monitor - Gastoncito] [scheduling-1] com.monitor.invoices.InvoiceMonitorJob   :   ? Empresa: Compensar primera de mayo | Factura: 658917-TPV1-17505
2026-09-07T18:00:13.060-05:00  WARN 37496 --- [Invoice Monitor - Gastoncito] [scheduling-1] com.monitor.invoices.InvoiceMonitorJob   :   ? Empresa: Compensar primera de mayo | Factura: 658917-TPV1-17506
2026-09-07T18:00:13.060-05:00  WARN 37496 --- [Invoice Monitor - Gastoncito] [scheduling-1] com.monitor.invoices.InvoiceMonitorJob   :   ? Empresa: Compensar primera de mayo | Factura: 658917-TPV1-17507
2026-09-07T18:00:13.060-05:00  WARN 37496 --- [Invoice Monitor - Gastoncito] [scheduling-1] com.monitor.invoices.InvoiceMonitorJob   :   ? Empresa: Compensar primera de mayo | Factura: 658917-TPV1-17508
2026-09-07T18:00:13.060-05:00  WARN 37496 --- [Invoice Monitor - Gastoncito] [scheduling-1] com.monitor.invoices.InvoiceMonitorJob   :   ? Empresa: Compensar primera de mayo | Factura: 658917-TPV1-17509
2026-09-07T18:00:13.060-05:00  WARN 37496 --- [Invoice Monitor - Gastoncito] [scheduling-1] com.monitor.invoices.InvoiceMonitorJob   :   ? Empresa: Compensar primera de mayo | Factura: 658917-TPV1-17510
2026-09-07T18:00:13.060-05:00  WARN 37496 --- [Invoice Monitor - Gastoncito] [scheduling-1] com.monitor.invoices.InvoiceMonitorJob   :   ? Empresa: Compensar primera de mayo | Factura: 658917-TPV1-17511
2026-09-07T18:00:13.060-05:00  WARN 37496 --- [Invoice Monitor - Gastoncito] [scheduling-1] com.monitor.invoices.InvoiceMonitorJob   :   ? Empresa: Compensar primera de mayo | Factura: 658917-TPV1-17512
2026-09-07T18:00:13.060-05:00  WARN 37496 --- [Invoice Monitor - Gastoncito] [scheduling-1] com.monitor.invoices.InvoiceMonitorJob   :   ? Empresa: Compensar primera de mayo | Factura: 658917-TPV1-17513
2026-09-07T18:00:13.060-05:00  WARN 37496 --- [Invoice Monitor - Gastoncito] [scheduling-1] com.monitor.invoices.InvoiceMonitorJob   :   ? Empresa: Compensar primera de mayo | Factura: 658917-TPV1-17514
2026-09-07T18:00:13.061-05:00  WARN 37496 --- [Invoice Monitor - Gastoncito] [scheduling-1] com.monitor.invoices.InvoiceMonitorJob   :   ? Empresa: Compensar primera de mayo | Factura: 658917-TPV1-17516
2026-09-07T18:00:13.061-05:00  WARN 37496 --- [Invoice Monitor - Gastoncito] [scheduling-1] com.monitor.invoices.InvoiceMonitorJob   :   ? Empresa: Compensar primera de mayo | Factura: 658917-TPV1-17565
2026-09-07T18:00:13.061-05:00  WARN 37496 --- [Invoice Monitor - Gastoncito] [scheduling-1] com.monitor.invoices.InvoiceMonitorJob   :   ? Empresa: Compensar primera de mayo | Factura: 658917-TPV1-17590
2026-09-07T18:00:13.061-05:00  WARN 37496 --- [Invoice Monitor - Gastoncito] [scheduling-1] com.monitor.invoices.InvoiceMonitorJob   :   ? Empresa: Compensar primera de mayo | Factura: 658917-TPV1-17616
2026-09-07T18:00:13.061-05:00  WARN 37496 --- [Invoice Monitor - Gastoncito] [scheduling-1] com.monitor.invoices.InvoiceMonitorJob   :   ? Empresa: Compensar primera de mayo | Factura: 658917-TPV1-17645
2026-09-07T18:00:13.061-05:00  WARN 37496 --- [Invoice Monitor - Gastoncito] [scheduling-1] com.monitor.invoices.InvoiceMonitorJob   :   ? Empresa: Compensar primera de mayo | Factura: 658917-TPV1-17649
2026-09-07T18:00:13.061-05:00  WARN 37496 --- [Invoice Monitor - Gastoncito] [scheduling-1] com.monitor.invoices.InvoiceMonitorJob   :   ? Empresa: Compensar primera de mayo | Factura: 658917-TPV1-17665
2026-09-07T18:00:13.061-05:00  WARN 37496 --- [Invoice Monitor - Gastoncito] [scheduling-1] com.monitor.invoices.InvoiceMonitorJob   :   ? Empresa: Compensar primera de mayo | Factura: 658917-TPV1-17760
2026-09-07T18:00:13.062-05:00  WARN 37496 --- [Invoice Monitor - Gastoncito] [scheduling-1] com.monitor.invoices.InvoiceMonitorJob   :   ? Empresa: Compensar primera de mayo | Factura: 658917-TPV1-17768
2026-09-07T18:00:13.062-05:00  WARN 37496 --- [Invoice Monitor - Gastoncito] [scheduling-1] com.monitor.invoices.InvoiceMonitorJob   :   ? Empresa: Compensar primera de mayo | Factura: 658917-TPV1-17883
2026-09-07T18:00:13.062-05:00  WARN 37496 --- [Invoice Monitor - Gastoncito] [scheduling-1] com.monitor.invoices.InvoiceMonitorJob   :   ? Empresa: Compensar primera de mayo | Factura: 658917-TPV1-17895
2026-09-07T18:00:13.062-05:00  WARN 37496 --- [Invoice Monitor - Gastoncito] [scheduling-1] com.monitor.invoices.InvoiceMonitorJob   :   ? Empresa: Compensar primera de mayo | Factura: 658917-TPV1-17909
2026-09-07T18:00:13.062-05:00  WARN 37496 --- [Invoice Monitor - Gastoncito] [scheduling-1] com.monitor.invoices.InvoiceMonitorJob   :   ? Empresa: Compensar primera de mayo | Factura: 658917-TPV1-17931
2026-09-07T18:00:13.062-05:00  WARN 37496 --- [Invoice Monitor - Gastoncito] [scheduling-1] com.monitor.invoices.InvoiceMonitorJob   :   ? Empresa: Compensar primera de mayo | Factura: 658917-TPV1-17981
2026-09-07T18:00:13.062-05:00  WARN 37496 --- [Invoice Monitor - Gastoncito] [scheduling-1] com.monitor.invoices.InvoiceMonitorJob   :   ? Empresa: Compensar primera de mayo | Factura: 658917-TPV1-17987
2026-09-07T18:00:13.062-05:00  WARN 37496 --- [Invoice Monitor - Gastoncito] [scheduling-1] com.monitor.invoices.InvoiceMonitorJob   :   ? Empresa: Compensar primera de mayo | Factura: 658917-TPV1-18455
2026-09-07T18:00:13.062-05:00  WARN 37496 --- [Invoice Monitor - Gastoncito] [scheduling-1] com.monitor.invoices.InvoiceMonitorJob   :   ? Empresa: Edificio el bosque | Factura: 264123-COMP-43981
2026-09-07T18:00:13.062-05:00  WARN 37496 --- [Invoice Monitor - Gastoncito] [scheduling-1] com.monitor.invoices.InvoiceMonitorJob   :   ? Empresa: Edificio el bosque | Factura: 264123-COMP-43982
2026-09-07T18:00:13.062-05:00  WARN 37496 --- [Invoice Monitor - Gastoncito] [scheduling-1] com.monitor.invoices.InvoiceMonitorJob   :   ? Empresa: Edificio el bosque | Factura: 264123-COMP-43983
2026-09-07T18:00:13.062-05:00  WARN 37496 --- [Invoice Monitor - Gastoncito] [scheduling-1] com.monitor.invoices.InvoiceMonitorJob   :   ? Empresa: Edificio el bosque | Factura: 264123-COMP-43984
2026-09-07T18:00:13.062-05:00  WARN 37496 --- [Invoice Monitor - Gastoncito] [scheduling-1] com.monitor.invoices.InvoiceMonitorJob   :   ? Empresa: Edificio el bosque | Factura: 264123-COMP-43985
2026-09-07T18:00:13.062-05:00  WARN 37496 --- [Invoice Monitor - Gastoncito] [scheduling-1] com.monitor.invoices.InvoiceMonitorJob   :   ? Empresa: Edificio el bosque | Factura: 264123-COMP-43986
2026-09-07T18:00:13.062-05:00  WARN 37496 --- [Invoice Monitor - Gastoncito] [scheduling-1] com.monitor.invoices.InvoiceMonitorJob   :   ? Empresa: Edificio el bosque | Factura: 264123-COMP-43987
2026-09-07T18:00:13.063-05:00  WARN 37496 --- [Invoice Monitor - Gastoncito] [scheduling-1] com.monitor.invoices.InvoiceMonitorJob   :   ? Empresa: Edificio el bosque | Factura: 264123-COMP-43988
2026-09-07T18:00:13.063-05:00  WARN 37496 --- [Invoice Monitor - Gastoncito] [scheduling-1] com.monitor.invoices.InvoiceMonitorJob   :   ? Empresa: Edificio el bosque | Factura: 264123-COMP-43989
2026-09-07T18:00:13.063-05:00  WARN 37496 --- [Invoice Monitor - Gastoncito] [scheduling-1] com.monitor.invoices.InvoiceMonitorJob   :   ? Empresa: Edificio el bosque | Factura: 264123-COMP-43990
2026-09-07T18:00:13.063-05:00  WARN 37496 --- [Invoice Monitor - Gastoncito] [scheduling-1] com.monitor.invoices.InvoiceMonitorJob   :   ? Empresa: Edificio el bosque | Factura: 264123-COMP-43991
2026-09-07T18:00:13.063-05:00  WARN 37496 --- [Invoice Monitor - Gastoncito] [scheduling-1] com.monitor.invoices.InvoiceMonitorJob   :   ? Empresa: Edificio el bosque | Factura: 264123-COMP-43992
2026-09-07T18:00:13.063-05:00  WARN 37496 --- [Invoice Monitor - Gastoncito] [scheduling-1] com.monitor.invoices.InvoiceMonitorJob   :   ? Empresa: Edificio el bosque | Factura: 264123-COMP-43993
2026-09-07T18:00:13.063-05:00  WARN 37496 --- [Invoice Monitor - Gastoncito] [scheduling-1] com.monitor.invoices.InvoiceMonitorJob   :   ? Empresa: Edificio el bosque | Factura: 264123-COMP-43994
2026-09-07T18:00:13.063-05:00  WARN 37496 --- [Invoice Monitor - Gastoncito] [scheduling-1] com.monitor.invoices.InvoiceMonitorJob   :   ? Empresa: Edificio el bosque | Factura: 264123-COMP-43995
2026-09-07T18:00:13.063-05:00  WARN 37496 --- [Invoice Monitor - Gastoncito] [scheduling-1] com.monitor.invoices.InvoiceMonitorJob   :   ? Empresa: Edificio el bosque | Factura: 264123-COMP-43996
2026-09-07T18:00:13.063-05:00  WARN 37496 --- [Invoice Monitor - Gastoncito] [scheduling-1] com.monitor.invoices.InvoiceMonitorJob   :   ? Empresa: Edificio el bosque | Factura: 264123-COMP-43997
2026-09-07T18:00:13.063-05:00  WARN 37496 --- [Invoice Monitor - Gastoncito] [scheduling-1] com.monitor.invoices.InvoiceMonitorJob   :   ? Empresa: Edificio el bosque | Factura: 264123-COMP-43998
2026-09-07T18:00:13.063-05:00  WARN 37496 --- [Invoice Monitor - Gastoncito] [scheduling-1] com.monitor.invoices.InvoiceMonitorJob   :   ? Empresa: Edificio el bosque | Factura: 264123-COMP-43999
2026-09-07T18:00:13.063-05:00  WARN 37496 --- [Invoice Monitor - Gastoncito] [scheduling-1] com.monitor.invoices.InvoiceMonitorJob   :   ? Empresa: Edificio el bosque | Factura: 264123-COMP-44000
2026-09-07T18:00:13.063-05:00  WARN 37496 --- [Invoice Monitor - Gastoncito] [scheduling-1] com.monitor.invoices.InvoiceMonitorJob   :   ? Empresa: Edificio el bosque | Factura: 264123-COMP-44001
2026-09-07T18:00:13.063-05:00  WARN 37496 --- [Invoice Monitor - Gastoncito] [scheduling-1] com.monitor.invoices.InvoiceMonitorJob   :   ? Empresa: Edificio el bosque | Factura: 264123-COMP-44002
2026-09-07T18:00:13.064-05:00  WARN 37496 --- [Invoice Monitor - Gastoncito] [scheduling-1] com.monitor.invoices.InvoiceMonitorJob   :   ? Empresa: Edificio el bosque | Factura: 264123-COMP-44003
2026-09-07T18:00:13.064-05:00  WARN 37496 --- [Invoice Monitor - Gastoncito] [scheduling-1] com.monitor.invoices.InvoiceMonitorJob   :   ? Empresa: Edificio el bosque | Factura: 264123-COMP-44004
2026-09-07T18:00:13.064-05:00  WARN 37496 --- [Invoice Monitor - Gastoncito] [scheduling-1] com.monitor.invoices.InvoiceMonitorJob   :   ? Empresa: Edificio el bosque | Factura: 264123-COMP-44005
2026-09-07T18:00:13.064-05:00  WARN 37496 --- [Invoice Monitor - Gastoncito] [scheduling-1] com.monitor.invoices.InvoiceMonitorJob   :   ? Empresa: Edificio el bosque | Factura: 264123-COMP-44006
2026-09-07T18:00:13.064-05:00  WARN 37496 --- [Invoice Monitor - Gastoncito] [scheduling-1] com.monitor.invoices.InvoiceMonitorJob   :   ? Empresa: Edificio el bosque | Factura: 264123-COMP-44007
2026-09-07T18:00:13.064-05:00  WARN 37496 --- [Invoice Monitor - Gastoncito] [scheduling-1] com.monitor.invoices.InvoiceMonitorJob   :   ? Empresa: Edificio el bosque | Factura: 264123-COMP-44008
2026-09-07T18:00:13.064-05:00  WARN 37496 --- [Invoice Monitor - Gastoncito] [scheduling-1] com.monitor.invoices.InvoiceMonitorJob   :   ? Empresa: Edificio el bosque | Factura: 264123-COMP-44009
2026-09-07T18:00:13.064-05:00  WARN 37496 --- [Invoice Monitor - Gastoncito] [scheduling-1] com.monitor.invoices.InvoiceMonitorJob   :   ? Empresa: Edificio el bosque | Factura: 264123-COMP-44010
2026-09-07T18:00:13.064-05:00  WARN 37496 --- [Invoice Monitor - Gastoncito] [scheduling-1] com.monitor.invoices.InvoiceMonitorJob   :   ? Empresa: Edificio el bosque | Factura: 264123-COMP-44011
2026-09-07T18:00:13.064-05:00  WARN 37496 --- [Invoice Monitor - Gastoncito] [scheduling-1] com.monitor.invoices.InvoiceMonitorJob   :   ? Empresa: Edificio el bosque | Factura: 264123-COMP-44012
2026-09-07T18:00:13.065-05:00  WARN 37496 --- [Invoice Monitor - Gastoncito] [scheduling-1] com.monitor.invoices.InvoiceMonitorJob   :   ? Empresa: Edificio el bosque | Factura: 264123-COMP-44013
2026-09-07T18:00:13.065-05:00  WARN 37496 --- [Invoice Monitor - Gastoncito] [scheduling-1] com.monitor.invoices.InvoiceMonitorJob   :   ? Empresa: Edificio el bosque | Factura: 264123-COMP-44014
2026-09-07T18:00:13.065-05:00  WARN 37496 --- [Invoice Monitor - Gastoncito] [scheduling-1] com.monitor.invoices.InvoiceMonitorJob   :   ? Empresa: Edificio el bosque | Factura: 264123-COMP-44015
2026-09-07T18:00:13.065-05:00  WARN 37496 --- [Invoice Monitor - Gastoncito] [scheduling-1] com.monitor.invoices.InvoiceMonitorJob   :   ? Empresa: Edificio el bosque | Factura: 264123-COMP-44016
2026-09-07T18:00:13.065-05:00  WARN 37496 --- [Invoice Monitor - Gastoncito] [scheduling-1] com.monitor.invoices.InvoiceMonitorJob   :   ? Empresa: Edificio el bosque | Factura: 264123-COMP-44017
2026-09-07T18:00:13.065-05:00  WARN 37496 --- [Invoice Monitor - Gastoncito] [scheduling-1] com.monitor.invoices.InvoiceMonitorJob   :   ? Empresa: Edificio el bosque | Factura: 264123-COMP-44018
2026-09-07T18:00:13.065-05:00  WARN 37496 --- [Invoice Monitor - Gastoncito] [scheduling-1] com.monitor.invoices.InvoiceMonitorJob   :   ? Empresa: Edificio el bosque | Factura: 264123-COMP-44019
2026-09-07T18:00:13.065-05:00  WARN 37496 --- [Invoice Monitor - Gastoncito] [scheduling-1] com.monitor.invoices.InvoiceMonitorJob   :   ? Empresa: Edificio el bosque | Factura: 264123-COMP-44020
2026-09-07T18:00:13.065-05:00  WARN 37496 --- [Invoice Monitor - Gastoncito] [scheduling-1] com.monitor.invoices.InvoiceMonitorJob   :   ? Empresa: Edificio el bosque | Factura: 264123-COMP-44021
2026-09-07T18:00:13.065-05:00  WARN 37496 --- [Invoice Monitor - Gastoncito] [scheduling-1] com.monitor.invoices.InvoiceMonitorJob   :   ? Empresa: Edificio el bosque | Factura: 264123-COMP-44022
2026-09-07T18:00:13.066-05:00  WARN 37496 --- [Invoice Monitor - Gastoncito] [scheduling-1] com.monitor.invoices.InvoiceMonitorJob   :   ? Empresa: Edificio el bosque | Factura: 264123-COMP-44023
2026-09-07T18:00:13.066-05:00  WARN 37496 --- [Invoice Monitor - Gastoncito] [scheduling-1] com.monitor.invoices.InvoiceMonitorJob   :   ? Empresa: Edificio el bosque | Factura: 264123-COMP-44024
2026-09-07T18:00:13.066-05:00  WARN 37496 --- [Invoice Monitor - Gastoncito] [scheduling-1] com.monitor.invoices.InvoiceMonitorJob   :   ? Empresa: Edificio el bosque | Factura: 264123-COMP-44025
2026-09-07T18:00:13.066-05:00  WARN 37496 --- [Invoice Monitor - Gastoncito] [scheduling-1] com.monitor.invoices.InvoiceMonitorJob   :   ? Empresa: Edificio el bosque | Factura: 264123-COMP-44026
2026-09-07T18:00:13.066-05:00  WARN 37496 --- [Invoice Monitor - Gastoncito] [scheduling-1] com.monitor.invoices.InvoiceMonitorJob   :   ? Empresa: Edificio el bosque | Factura: 264123-COMP-44027
2026-09-07T18:00:13.066-05:00  WARN 37496 --- [Invoice Monitor - Gastoncito] [scheduling-1] com.monitor.invoices.InvoiceMonitorJob   :   ? Empresa: Edificio el bosque | Factura: 264123-COMP-44028
2026-09-07T18:00:13.066-05:00  WARN 37496 --- [Invoice Monitor - Gastoncito] [scheduling-1] com.monitor.invoices.InvoiceMonitorJob   :   ? Empresa: Edificio el bosque | Factura: 264123-COMP-44029
2026-09-07T18:00:13.066-05:00  WARN 37496 --- [Invoice Monitor - Gastoncito] [scheduling-1] com.monitor.invoices.InvoiceMonitorJob   :   ? Empresa: Edificio el bosque | Factura: 264123-COMP-44030
2026-09-07T18:00:13.066-05:00  WARN 37496 --- [Invoice Monitor - Gastoncito] [scheduling-1] com.monitor.invoices.InvoiceMonitorJob   :   ? Empresa: Edificio el bosque | Factura: 264123-COMP-44031
2026-09-07T18:00:13.066-05:00  WARN 37496 --- [Invoice Monitor - Gastoncito] [scheduling-1] com.monitor.invoices.InvoiceMonitorJob   :   ? Empresa: Edificio el bosque | Factura: 264123-COMP-44032
2026-09-07T18:00:13.066-05:00  WARN 37496 --- [Invoice Monitor - Gastoncito] [scheduling-1] com.monitor.invoices.InvoiceMonitorJob   :   ? Empresa: Edificio el bosque | Factura: 264123-COMP-44033
2026-09-07T18:00:13.067-05:00  WARN 37496 --- [Invoice Monitor - Gastoncito] [scheduling-1] com.monitor.invoices.InvoiceMonitorJob   :   ? Empresa: Edificio el bosque | Factura: 264123-COMP-44034
2026-09-07T18:00:13.067-05:00  WARN 37496 --- [Invoice Monitor - Gastoncito] [scheduling-1] com.monitor.invoices.InvoiceMonitorJob   :   ? Empresa: Edificio el bosque | Factura: 264123-COMP-44035
2026-09-07T18:00:13.067-05:00  WARN 37496 --- [Invoice Monitor - Gastoncito] [scheduling-1] com.monitor.invoices.InvoiceMonitorJob   :   ? Empresa: Edificio el bosque | Factura: 264123-COMP-44036
2026-09-07T18:00:13.067-05:00  WARN 37496 --- [Invoice Monitor - Gastoncito] [scheduling-1] com.monitor.invoices.InvoiceMonitorJob   :   ? Empresa: Edificio el bosque | Factura: 264123-COMP-44037
2026-09-07T18:00:13.067-05:00  WARN 37496 --- [Invoice Monitor - Gastoncito] [scheduling-1] com.monitor.invoices.InvoiceMonitorJob   :   ? Empresa: Edificio el bosque | Factura: 264123-COMP-44038
2026-09-07T18:00:13.067-05:00  WARN 37496 --- [Invoice Monitor - Gastoncito] [scheduling-1] com.monitor.invoices.InvoiceMonitorJob   :   ? Empresa: Edificio el bosque | Factura: 264123-COMP-44039
2026-09-07T18:00:13.067-05:00  WARN 37496 --- [Invoice Monitor - Gastoncito] [scheduling-1] com.monitor.invoices.InvoiceMonitorJob   :   ? Empresa: Edificio el bosque | Factura: 264123-COMP-44040
2026-09-07T18:00:13.067-05:00  WARN 37496 --- [Invoice Monitor - Gastoncito] [scheduling-1] com.monitor.invoices.InvoiceMonitorJob   :   ? Empresa: Edificio el bosque | Factura: 264123-COMP-44041
2026-09-07T18:00:13.067-05:00  WARN 37496 --- [Invoice Monitor - Gastoncito] [scheduling-1] com.monitor.invoices.InvoiceMonitorJob   :   ? Empresa: Edificio el bosque | Factura: 264123-COMP-44042
2026-09-07T18:00:13.067-05:00  WARN 37496 --- [Invoice Monitor - Gastoncito] [scheduling-1] com.monitor.invoices.InvoiceMonitorJob   :   ? Empresa: Edificio el bosque | Factura: 264123-COMP-44043
2026-09-07T18:00:13.067-05:00  WARN 37496 --- [Invoice Monitor - Gastoncito] [scheduling-1] com.monitor.invoices.InvoiceMonitorJob   :   ? Empresa: Edificio el bosque | Factura: 264123-COMP-44044
2026-09-07T18:00:13.067-05:00  WARN 37496 --- [Invoice Monitor - Gastoncito] [scheduling-1] com.monitor.invoices.InvoiceMonitorJob   :   ? Empresa: Edificio el bosque | Factura: 264123-COMP-44045
2026-09-07T18:00:13.067-05:00  WARN 37496 --- [Invoice Monitor - Gastoncito] [scheduling-1] com.monitor.invoices.InvoiceMonitorJob   :   ? Empresa: Edificio el bosque | Factura: 264123-COMP-44046
2026-09-07T18:00:13.067-05:00  WARN 37496 --- [Invoice Monitor - Gastoncito] [scheduling-1] com.monitor.invoices.InvoiceMonitorJob   :   ? Empresa: Edificio el bosque | Factura: 264123-COMP-44047
2026-09-07T18:00:13.067-05:00  WARN 37496 --- [Invoice Monitor - Gastoncito] [scheduling-1] com.monitor.invoices.InvoiceMonitorJob   :   ? Empresa: Edificio el bosque | Factura: 264123-COMP-44048
2026-09-07T18:00:13.067-05:00  WARN 37496 --- [Invoice Monitor - Gastoncito] [scheduling-1] com.monitor.invoices.InvoiceMonitorJob   :   ? Empresa: Edificio el bosque | Factura: 264123-COMP-44049
2026-09-07T18:00:13.068-05:00  WARN 37496 --- [Invoice Monitor - Gastoncito] [scheduling-1] com.monitor.invoices.InvoiceMonitorJob   :   ? Empresa: Edificio el bosque | Factura: 264123-COMP-44050
2026-09-07T18:00:13.068-05:00  WARN 37496 --- [Invoice Monitor - Gastoncito] [scheduling-1] com.monitor.invoices.InvoiceMonitorJob   :   ? Empresa: Edificio el bosque | Factura: 264123-COMP-44051
2026-09-07T18:00:13.068-05:00  WARN 37496 --- [Invoice Monitor - Gastoncito] [scheduling-1] com.monitor.invoices.InvoiceMonitorJob   :   ? Empresa: Edificio el bosque | Factura: 264123-COMP-44052
2026-09-07T18:00:13.068-05:00  WARN 37496 --- [Invoice Monitor - Gastoncito] [scheduling-1] com.monitor.invoices.InvoiceMonitorJob   :   ? Empresa: Edificio el bosque | Factura: 264123-COMP-44053
2026-09-07T18:00:13.068-05:00  WARN 37496 --- [Invoice Monitor - Gastoncito] [scheduling-1] com.monitor.invoices.InvoiceMonitorJob   :   ? Empresa: Edificio el bosque | Factura: 264123-COMP-44054
2026-09-07T18:00:13.068-05:00  WARN 37496 --- [Invoice Monitor - Gastoncito] [scheduling-1] com.monitor.invoices.InvoiceMonitorJob   :   ? Empresa: Edificio el bosque | Factura: 264123-COMP-44055
2026-09-07T18:00:13.068-05:00  WARN 37496 --- [Invoice Monitor - Gastoncito] [scheduling-1] com.monitor.invoices.InvoiceMonitorJob   :   ? Empresa: Edificio el bosque | Factura: 264123-COMP-44056
2026-09-07T18:00:13.068-05:00  WARN 37496 --- [Invoice Monitor - Gastoncito] [scheduling-1] com.monitor.invoices.InvoiceMonitorJob   :   ? Empresa: Edificio el bosque | Factura: 264123-COMP-44057
2026-09-07T18:00:13.068-05:00  WARN 37496 --- [Invoice Monitor - Gastoncito] [scheduling-1] com.monitor.invoices.InvoiceMonitorJob   :   ? Empresa: Edificio el bosque | Factura: 264123-COMP-44058
2026-09-07T18:00:13.068-05:00  WARN 37496 --- [Invoice Monitor - Gastoncito] [scheduling-1] com.monitor.invoices.InvoiceMonitorJob   :   ? Empresa: Edificio el bosque | Factura: 264123-COMP-44059
2026-09-07T18:00:13.068-05:00  WARN 37496 --- [Invoice Monitor - Gastoncito] [scheduling-1] com.monitor.invoices.InvoiceMonitorJob   :   ? Empresa: Edificio el bosque | Factura: 264123-COMP-44060
2026-09-07T18:00:13.068-05:00  WARN 37496 --- [Invoice Monitor - Gastoncito] [scheduling-1] com.monitor.invoices.InvoiceMonitorJob   :   ? Empresa: Edificio el bosque | Factura: 264123-COMP-44061
2026-09-07T18:00:13.068-05:00  WARN 37496 --- [Invoice Monitor - Gastoncito] [scheduling-1] com.monitor.invoices.InvoiceMonitorJob   :   ? Empresa: Edificio el bosque | Factura: 264123-COMP-44062
2026-09-07T18:00:13.068-05:00  WARN 37496 --- [Invoice Monitor - Gastoncito] [scheduling-1] com.monitor.invoices.InvoiceMonitorJob   :   ? Empresa: Edificio el bosque | Factura: 264123-COMP-44063
2026-09-07T18:00:13.068-05:00  WARN 37496 --- [Invoice Monitor - Gastoncito] [scheduling-1] com.monitor.invoices.InvoiceMonitorJob   :   ? Empresa: Edificio el bosque | Factura: 264123-COMP-44064
2026-09-07T18:00:13.068-05:00  WARN 37496 --- [Invoice Monitor - Gastoncito] [scheduling-1] com.monitor.invoices.InvoiceMonitorJob   :   ? Empresa: Edificio el bosque | Factura: 264123-COMP-44065
2026-09-07T18:00:13.069-05:00  WARN 37496 --- [Invoice Monitor - Gastoncito] [scheduling-1] com.monitor.invoices.InvoiceMonitorJob   :   ? Empresa: Edificio el bosque | Factura: 264123-COMP-44066
2026-09-07T18:00:13.069-05:00  WARN 37496 --- [Invoice Monitor - Gastoncito] [scheduling-1] com.monitor.invoices.InvoiceMonitorJob   :   ? Empresa: Edificio el bosque | Factura: 264123-COMP-44067
2026-09-07T18:00:13.069-05:00  WARN 37496 --- [Invoice Monitor - Gastoncito] [scheduling-1] com.monitor.invoices.InvoiceMonitorJob   :   ? Empresa: Edificio el bosque | Factura: 264123-COMP-44068
2026-09-07T18:00:13.069-05:00  WARN 37496 --- [Invoice Monitor - Gastoncito] [scheduling-1] com.monitor.invoices.InvoiceMonitorJob   :   ? Empresa: Edificio el bosque | Factura: 264123-COMP-44069
2026-09-07T18:00:13.069-05:00  WARN 37496 --- [Invoice Monitor - Gastoncito] [scheduling-1] com.monitor.invoices.InvoiceMonitorJob   :   ? Empresa: Edificio el bosque | Factura: 264123-COMP-44070
2026-09-07T18:00:13.069-05:00  WARN 37496 --- [Invoice Monitor - Gastoncito] [scheduling-1] com.monitor.invoices.InvoiceMonitorJob   :   ? Empresa: Edificio el bosque | Factura: 264123-COMP-44071
2026-09-07T18:00:13.069-05:00  WARN 37496 --- [Invoice Monitor - Gastoncito] [scheduling-1] com.monitor.invoices.InvoiceMonitorJob   :   ? Empresa: Edificio el bosque | Factura: 264123-COMP-44072
2026-09-07T18:00:13.069-05:00  WARN 37496 --- [Invoice Monitor - Gastoncito] [scheduling-1] com.monitor.invoices.InvoiceMonitorJob   :   ? Empresa: Edificio el bosque | Factura: 264123-COMP-44073
2026-09-07T18:00:13.069-05:00  WARN 37496 --- [Invoice Monitor - Gastoncito] [scheduling-1] com.monitor.invoices.InvoiceMonitorJob   :   ? Empresa: Edificio el bosque | Factura: 264123-COMP-44074
2026-09-07T18:00:13.069-05:00  WARN 37496 --- [Invoice Monitor - Gastoncito] [scheduling-1] com.monitor.invoices.InvoiceMonitorJob   :   ? Empresa: Edificio el bosque | Factura: 264123-COMP-44075
2026-09-07T18:00:13.069-05:00  WARN 37496 --- [Invoice Monitor - Gastoncito] [scheduling-1] com.monitor.invoices.InvoiceMonitorJob   :   ? Empresa: Edificio el bosque | Factura: 264123-COMP-44076
2026-09-07T18:00:13.069-05:00  WARN 37496 --- [Invoice Monitor - Gastoncito] [scheduling-1] com.monitor.invoices.InvoiceMonitorJob   :   ? Empresa: Edificio el bosque | Factura: 264123-COMP-44077
2026-09-07T18:00:13.269-05:00  WARN 37496 --- [Invoice Monitor - Gastoncito] [scheduling-1] com.monitor.invoices.InvoiceMonitorJob   :   ? Empresa: Edificio el bosque | Factura: 264123-COMP-44078
2026-09-07T18:00:13.270-05:00  WARN 37496 --- [Invoice Monitor - Gastoncito] [scheduling-1] com.monitor.invoices.InvoiceMonitorJob   :   ? Empresa: Edificio el bosque | Factura: 264123-COMP-44079
2026-09-07T18:00:13.270-05:00  WARN 37496 --- [Invoice Monitor - Gastoncito] [scheduling-1] com.monitor.invoices.InvoiceMonitorJob   :   ? Empresa: Edificio el bosque | Factura: 264123-COMP-44080
2026-09-07T18:00:13.270-05:00  WARN 37496 --- [Invoice Monitor - Gastoncito] [scheduling-1] com.monitor.invoices.InvoiceMonitorJob   :   ? Empresa: Edificio el bosque | Factura: 264123-COMP-44081
2026-09-07T18:00:13.270-05:00  WARN 37496 --- [Invoice Monitor - Gastoncito] [scheduling-1] com.monitor.invoices.InvoiceMonitorJob   :   ? Empresa: Edificio el bosque | Factura: 264123-COMP-44082
2026-09-07T18:00:13.270-05:00  WARN 37496 --- [Invoice Monitor - Gastoncito] [scheduling-1] com.monitor.invoices.InvoiceMonitorJob   :   ? Empresa: Edificio el bosque | Factura: 264123-COMP-44083
2026-09-07T18:00:13.270-05:00  WARN 37496 --- [Invoice Monitor - Gastoncito] [scheduling-1] com.monitor.invoices.InvoiceMonitorJob   :   ? Empresa: Edificio el bosque | Factura: 264123-COMP-44084
2026-09-07T18:00:13.270-05:00  WARN 37496 --- [Invoice Monitor - Gastoncito] [scheduling-1] com.monitor.invoices.InvoiceMonitorJob   :   ? Empresa: Edificio el bosque | Factura: 264123-COMP-44085
2026-09-07T18:00:13.270-05:00  WARN 37496 --- [Invoice Monitor - Gastoncito] [scheduling-1] com.monitor.invoices.InvoiceMonitorJob   :   ? Empresa: Edificio el bosque | Factura: 264123-COMP-44086
2026-09-07T18:00:13.271-05:00  WARN 37496 --- [Invoice Monitor - Gastoncito] [scheduling-1] com.monitor.invoices.InvoiceMonitorJob   :   ? Empresa: Edificio el bosque | Factura: 264123-COMP-44087
2026-09-07T18:00:13.271-05:00  WARN 37496 --- [Invoice Monitor - Gastoncito] [scheduling-1] com.monitor.invoices.InvoiceMonitorJob   :   ? Empresa: Edificio el bosque | Factura: 264123-COMP-44088
2026-09-07T18:00:13.271-05:00  WARN 37496 --- [Invoice Monitor - Gastoncito] [scheduling-1] com.monitor.invoices.InvoiceMonitorJob   :   ? Empresa: Edificio el bosque | Factura: 264123-COMP-44089
2026-09-07T18:00:13.271-05:00  WARN 37496 --- [Invoice Monitor - Gastoncito] [scheduling-1] com.monitor.invoices.InvoiceMonitorJob   :   ? Empresa: Edificio el bosque | Factura: 264123-COMP-44090
2026-09-07T18:00:13.271-05:00  WARN 37496 --- [Invoice Monitor - Gastoncito] [scheduling-1] com.monitor.invoices.InvoiceMonitorJob   :   ? Empresa: Edificio el bosque | Factura: 264123-COMP-44091
2026-09-07T18:00:13.271-05:00  WARN 37496 --- [Invoice Monitor - Gastoncito] [scheduling-1] com.monitor.invoices.InvoiceMonitorJob   :   ? Empresa: Edificio el bosque | Factura: 264123-COMP-44092
2026-09-07T18:00:13.271-05:00  WARN 37496 --- [Invoice Monitor - Gastoncito] [scheduling-1] com.monitor.invoices.InvoiceMonitorJob   :   ? Empresa: Edificio el bosque | Factura: 264123-COMP-44093
2026-09-07T18:00:13.271-05:00  WARN 37496 --- [Invoice Monitor - Gastoncito] [scheduling-1] com.monitor.invoices.InvoiceMonitorJob   :   ? Empresa: Edificio el bosque | Factura: 264123-COMP-44094
2026-09-07T18:00:13.271-05:00  WARN 37496 --- [Invoice Monitor - Gastoncito] [scheduling-1] com.monitor.invoices.InvoiceMonitorJob   :   ? Empresa: Edificio el bosque | Factura: 264123-COMP-44095
2026-09-07T18:00:13.271-05:00  WARN 37496 --- [Invoice Monitor - Gastoncito] [scheduling-1] com.monitor.invoices.InvoiceMonitorJob   :   ? Empresa: Edificio el bosque | Factura: 264123-COMP-44096
2026-09-07T18:00:13.271-05:00  WARN 37496 --- [Invoice Monitor - Gastoncito] [scheduling-1] com.monitor.invoices.InvoiceMonitorJob   :   ? Empresa: Edificio el bosque | Factura: 264123-COMP-44097
2026-09-07T18:00:13.272-05:00  WARN 37496 --- [Invoice Monitor - Gastoncito] [scheduling-1] com.monitor.invoices.InvoiceMonitorJob   :   ? Empresa: Edificio el bosque | Factura: 264123-COMP-44098
2026-09-07T18:00:13.272-05:00  WARN 37496 --- [Invoice Monitor - Gastoncito] [scheduling-1] com.monitor.invoices.InvoiceMonitorJob   :   ? Empresa: Edificio el bosque | Factura: 264123-COMP-44099
2026-09-07T18:00:13.272-05:00  WARN 37496 --- [Invoice Monitor - Gastoncito] [scheduling-1] com.monitor.invoices.InvoiceMonitorJob   :   ? Empresa: Edificio el bosque | Factura: 264123-COMP-44100
2026-09-07T18:00:13.272-05:00  WARN 37496 --- [Invoice Monitor - Gastoncito] [scheduling-1] com.monitor.invoices.InvoiceMonitorJob   :   ? Empresa: Edificio el bosque | Factura: 264123-COMP-44101
2026-09-07T18:00:13.272-05:00  WARN 37496 --- [Invoice Monitor - Gastoncito] [scheduling-1] com.monitor.invoices.InvoiceMonitorJob   :   ? Empresa: Edificio el bosque | Factura: 264123-COMP-44102
2026-09-07T18:00:13.272-05:00  WARN 37496 --- [Invoice Monitor - Gastoncito] [scheduling-1] com.monitor.invoices.InvoiceMonitorJob   :   ? Empresa: Edificio el bosque | Factura: 264123-COMP-44103
2026-09-07T18:00:13.272-05:00  WARN 37496 --- [Invoice Monitor - Gastoncito] [scheduling-1] com.monitor.invoices.InvoiceMonitorJob   :   ? Empresa: Edificio el bosque | Factura: 264123-COMP-44104
2026-09-07T18:00:15.561-05:00  INFO 37496 --- [Invoice Monitor - Gastoncito] [scheduling-1] com.monitor.invoices.EmailService        : ??  Correo de alerta enviado a alertaaccess@gmail.com con 1000 facturas faltantes.
2026-09-07T18:00:15.561-05:00  INFO 37496 --- [Invoice Monitor - Gastoncito] [scheduling-1] com.monitor.invoices.InvoiceMonitorJob   : Monitoreo finalizado.
2026-09-07T18:00:15.561-05:00  INFO 37496 --- [Invoice Monitor - Gastoncito] [scheduling-1] com.monitor.invoices.InvoiceMonitorJob   : ============================================================
